EmployeeID,Skill,ProficiencyLevel,LastAssessed
1,PowerBI,Beginner,2026-03-15
1,Account Management,Beginner,2026-03-15
1,Negotiation,Intermediate,2026-03-15
1,Python,Intermediate,2026-03-15
1,CRM,Intermediate,2026-03-15
1,B2B Sales,Beginner,2026-03-15
1,Market Analysis,Advanced,2026-03-15
1,Communication,Intermediate,2026-03-15
2,Deep Learning,Beginner,2026-03-15
2,Python,Beginner,2026-03-15
2,Statistics,Advanced,2026-03-15
2,Git,Intermediate,2026-03-15
2,Data Visualization,Intermediate,2026-03-15
4,PowerBI,Intermediate,2026-03-15
4,Data Analysis,Intermediate,2026-03-15
4,Python,Advanced,2026-03-15
4,SQL,Intermediate,2026-03-15
4,Git,Intermediate,2026-03-15
5,Deep Learning,Intermediate,2026-03-15
5,MLOps,Intermediate,2026-03-15
5,SQL,Beginner,2026-03-15
5,Python,Beginner,2026-03-15
5,Statistics,Intermediate,2026-03-15
5,Data Visualization,Advanced,2026-03-15
7,Git,Beginner,2026-03-15
7,SQL,Beginner,2026-03-15
7,Statistics,Beginner,2026-03-15
7,Excel,Intermediate,2026-03-15
8,PowerBI,Advanced,2026-03-15
8,SQL,Advanced,2026-03-15
8,Python,Intermediate,2026-03-15
8,AWS,Intermediate,2026-03-15
8,Excel,Intermediate,2026-03-15
8,Git,Intermediate,2026-03-15
10,SQL,Intermediate,2026-03-15
10,Python,Beginner,2026-03-15
10,Communication,Intermediate,2026-03-15
10,Excel,Beginner,2026-03-15
11,PowerBI,Intermediate,2026-03-15
11,Python,Advanced,2026-03-15
11,Docker,Beginner,2026-03-15
11,Excel,Advanced,2026-03-15
11,Git,Intermediate,2026-03-15
12,Lean Manufacturing,Intermediate,2026-03-15
12,Six Sigma,Intermediate,2026-03-15
12,AWS,Advanced,2026-03-15
12,Plant Management,Beginner,2026-03-15
12,Budgeting,Advanced,2026-03-15
13,PowerBI,Intermediate,2026-03-15
13,MLOps,Beginner,2026-03-15
13,Python,Intermediate,2026-03-15
13,SQL,Intermediate,2026-03-15
13,Excel,Beginner,2026-03-15
14,Data Analysis,Intermediate,2026-03-15
14,Git,Intermediate,2026-03-15
14,SQL,Advanced,2026-03-15
14,Excel,Beginner,2026-03-15
15,PowerBI,Advanced,2026-03-15
15,MLOps,Intermediate,2026-03-15
15,Python,Intermediate,2026-03-15
15,Excel,Intermediate,2026-03-15
15,Git,Intermediate,2026-03-15
16,Deep Learning,Intermediate,2026-03-15
16,Machine Learning,Intermediate,2026-03-15
16,SQL,Intermediate,2026-03-15
16,Python,Advanced,2026-03-15
16,Docker,Intermediate,2026-03-15
16,Statistics,Beginner,2026-03-15
18,PowerBI,Intermediate,2026-03-15
18,Python,Intermediate,2026-03-15
18,SQL,Intermediate,2026-03-15
18,Excel,Intermediate,2026-03-15
18,Git,Beginner,2026-03-15
18,Communication,Advanced,2026-03-15
19,SQL,Intermediate,2026-03-15
19,Python,Intermediate,2026-03-15
19,Statistics,Beginner,2026-03-15
19,Excel,Advanced,2026-03-15
19,Git,Intermediate,2026-03-15
19,Communication,Intermediate,2026-03-15
20,PowerBI,Intermediate,2026-03-15
20,Supply Chain,Beginner,2026-03-15
20,Statistics,Intermediate,2026-03-15
20,Plant Management,Advanced,2026-03-15
20,Budgeting,Intermediate,2026-03-15
21,SQL,Beginner,2026-03-15
21,Python,Intermediate,2026-03-15
21,Deep Learning,Intermediate,2026-03-15
21,Statistics,Intermediate,2026-03-15
22,PowerBI,Intermediate,2026-03-15
22,SQL,Intermediate,2026-03-15
22,Python,Intermediate,2026-03-15
22,Excel,Advanced,2026-03-15
22,Git,Intermediate,2026-03-15
23,PowerBI,Intermediate,2026-03-15
23,Python,Intermediate,2026-03-15
23,SQL,Intermediate,2026-03-15
23,AWS,Advanced,2026-03-15
23,Excel,Advanced,2026-03-15
23,Git,Intermediate,2026-03-15
24,Deep Learning,Advanced,2026-03-15
24,Machine Learning,Intermediate,2026-03-15
24,Data Analysis,Intermediate,2026-03-15
24,SQL,Intermediate,2026-03-15
24,Python,Beginner,2026-03-15
24,Statistics,Advanced,2026-03-15
24,Data Visualization,Intermediate,2026-03-15
26,Supply Chain,Beginner,2026-03-15
26,MLOps,Advanced,2026-03-15
26,PowerBI,Beginner,2026-03-15
26,Lean Manufacturing,Beginner,2026-03-15
26,Plant Management,Intermediate,2026-03-15
26,Budgeting,Beginner,2026-03-15
27,Git,Intermediate,2026-03-15
27,PowerBI,Intermediate,2026-03-15
27,Python,Intermediate,2026-03-15
28,SQL,Intermediate,2026-03-15
28,PowerBI,Beginner,2026-03-15
28,Python,Advanced,2026-03-15
28,Statistics,Advanced,2026-03-15
30,Deep Learning,Beginner,2026-03-15
30,Machine Learning,Beginner,2026-03-15
30,Python,Intermediate,2026-03-15
30,SQL,Beginner,2026-03-15
30,Docker,Advanced,2026-03-15
30,Statistics,Intermediate,2026-03-15
30,Data Visualization,Intermediate,2026-03-15
31,PowerBI,Intermediate,2026-03-15
31,Deep Learning,Advanced,2026-03-15
31,Python,Intermediate,2026-03-15
31,Statistics,Intermediate,2026-03-15
31,Data Visualization,Intermediate,2026-03-15
32,PowerBI,Intermediate,2026-03-15
32,Python,Beginner,2026-03-15
32,SQL,Advanced,2026-03-15
32,Excel,Advanced,2026-03-15
33,Communication,Beginner,2026-03-15
33,Python,Intermediate,2026-03-15
33,Machine Learning,Beginner,2026-03-15
33,Data Visualization,Intermediate,2026-03-15
35,PowerBI,Beginner,2026-03-15
35,Account Management,Intermediate,2026-03-15
35,Negotiation,Intermediate,2026-03-15
35,B2B Sales,Intermediate,2026-03-15
35,Communication,Beginner,2026-03-15
36,PowerBI,Intermediate,2026-03-15
36,Data Analysis,Intermediate,2026-03-15
36,SQL,Intermediate,2026-03-15
36,Python,Intermediate,2026-03-15
36,Excel,Intermediate,2026-03-15
36,Git,Advanced,2026-03-15
36,Communication,Intermediate,2026-03-15
38,Git,Advanced,2026-03-15
38,SQL,Beginner,2026-03-15
38,Docker,Intermediate,2026-03-15
38,Excel,Advanced,2026-03-15
39,PowerBI,Advanced,2026-03-15
39,Data Analysis,Intermediate,2026-03-15
39,SQL,Intermediate,2026-03-15
39,Python,Intermediate,2026-03-15
39,Excel,Intermediate,2026-03-15
39,Git,Beginner,2026-03-15
40,PowerBI,Beginner,2026-03-15
40,SQL,Intermediate,2026-03-15
40,Python,Beginner,2026-03-15
40,AWS,Intermediate,2026-03-15
40,Excel,Intermediate,2026-03-15
40,Git,Beginner,2026-03-15
40,Communication,Intermediate,2026-03-15
41,PowerBI,Intermediate,2026-03-15
41,Data Analysis,Intermediate,2026-03-15
41,SQL,Advanced,2026-03-15
41,Docker,Intermediate,2026-03-15
41,Excel,Intermediate,2026-03-15
41,Git,Intermediate,2026-03-15
42,PowerBI,Intermediate,2026-03-15
42,SQL,Beginner,2026-03-15
42,Python,Intermediate,2026-03-15
42,Excel,Intermediate,2026-03-15
42,Git,Advanced,2026-03-15
45,Deep Learning,Advanced,2026-03-15
45,Machine Learning,Beginner,2026-03-15
45,SQL,Intermediate,2026-03-15
45,Python,Advanced,2026-03-15
45,Statistics,Beginner,2026-03-15
45,Data Visualization,Advanced,2026-03-15
46,Deep Learning,Intermediate,2026-03-15
46,Machine Learning,Intermediate,2026-03-15
46,PowerBI,Intermediate,2026-03-15
46,SQL,Intermediate,2026-03-15
46,Statistics,Intermediate,2026-03-15
46,Data Visualization,Intermediate,2026-03-15
47,PowerBI,Advanced,2026-03-15
47,SQL,Intermediate,2026-03-15
47,AWS,Beginner,2026-03-15
47,Excel,Intermediate,2026-03-15
47,Git,Intermediate,2026-03-15
49,PowerBI,Intermediate,2026-03-15
49,Data Analysis,Beginner,2026-03-15
49,SQL,Beginner,2026-03-15
49,Python,Intermediate,2026-03-15
49,Docker,Intermediate,2026-03-15
49,Excel,Advanced,2026-03-15
49,Git,Intermediate,2026-03-15
51,Communication,Intermediate,2026-03-15
51,Statistics,Intermediate,2026-03-15
51,Machine Learning,Intermediate,2026-03-15
51,Data Visualization,Intermediate,2026-03-15
52,Account Management,Intermediate,2026-03-15
52,Docker,Intermediate,2026-03-15
52,B2B Sales,Intermediate,2026-03-15
52,Market Analysis,Intermediate,2026-03-15
52,Communication,Beginner,2026-03-15
53,PowerBI,Intermediate,2026-03-15
53,MLOps,Advanced,2026-03-15
53,SQL,Beginner,2026-03-15
53,Python,Intermediate,2026-03-15
53,Excel,Intermediate,2026-03-15
53,Git,Intermediate,2026-03-15
54,PowerBI,Beginner,2026-03-15
54,Data Analysis,Beginner,2026-03-15
54,SQL,Beginner,2026-03-15
54,Python,Intermediate,2026-03-15
54,Git,Intermediate,2026-03-15
55,Data Analysis,Beginner,2026-03-15
55,Python,Intermediate,2026-03-15
55,SQL,Beginner,2026-03-15
55,Docker,Beginner,2026-03-15
55,Excel,Beginner,2026-03-15
55,Git,Beginner,2026-03-15
56,Account Management,Intermediate,2026-03-15
56,CRM,Beginner,2026-03-15
56,B2B Sales,Beginner,2026-03-15
56,Git,Beginner,2026-03-15
56,Market Analysis,Advanced,2026-03-15
56,Communication,Intermediate,2026-03-15
57,PowerBI,Intermediate,2026-03-15
57,SQL,Intermediate,2026-03-15
57,Python,Advanced,2026-03-15
57,Docker,Intermediate,2026-03-15
57,Excel,Beginner,2026-03-15
57,Git,Advanced,2026-03-15
58,PowerBI,Advanced,2026-03-15
58,Python,Intermediate,2026-03-15
58,SQL,Advanced,2026-03-15
58,Excel,Intermediate,2026-03-15
60,Negotiation,Advanced,2026-03-15
60,CRM,Intermediate,2026-03-15
60,AWS,Intermediate,2026-03-15
60,Statistics,Intermediate,2026-03-15
60,B2B Sales,Intermediate,2026-03-15
60,Market Analysis,Intermediate,2026-03-15
60,Communication,Intermediate,2026-03-15
61,Deep Learning,Intermediate,2026-03-15
61,MLOps,Intermediate,2026-03-15
61,Machine Learning,Intermediate,2026-03-15
61,Python,Advanced,2026-03-15
61,Data Visualization,Intermediate,2026-03-15
62,Account Management,Intermediate,2026-03-15
62,Negotiation,Intermediate,2026-03-15
62,Python,Intermediate,2026-03-15
62,CRM,Advanced,2026-03-15
62,B2B Sales,Intermediate,2026-03-15
62,Market Analysis,Advanced,2026-03-15
62,Communication,Beginner,2026-03-15
63,PowerBI,Intermediate,2026-03-15
63,Python,Advanced,2026-03-15
63,SQL,Intermediate,2026-03-15
63,AWS,Intermediate,2026-03-15
63,Excel,Beginner,2026-03-15
63,Git,Intermediate,2026-03-15
64,Git,Advanced,2026-03-15
64,Python,Intermediate,2026-03-15
64,PowerBI,Advanced,2026-03-15
64,Excel,Intermediate,2026-03-15
65,SQL,Intermediate,2026-03-15
65,Python,Intermediate,2026-03-15
65,Statistics,Advanced,2026-03-15
65,Excel,Advanced,2026-03-15
65,Git,Intermediate,2026-03-15
68,Communication,Beginner,2026-03-15
68,Market Analysis,Beginner,2026-03-15
68,Account Management,Advanced,2026-03-15
70,Git,Beginner,2026-03-15
70,PowerBI,Beginner,2026-03-15
70,SQL,Intermediate,2026-03-15
70,Docker,Intermediate,2026-03-15
72,Account Management,Intermediate,2026-03-15
72,MLOps,Intermediate,2026-03-15
72,Negotiation,Beginner,2026-03-15
72,CRM,Beginner,2026-03-15
72,B2B Sales,Advanced,2026-03-15
72,Market Analysis,Beginner,2026-03-15
72,Communication,Intermediate,2026-03-15
73,PowerBI,Intermediate,2026-03-15
73,SQL,Intermediate,2026-03-15
73,Python,Intermediate,2026-03-15
73,Statistics,Advanced,2026-03-15
73,Excel,Intermediate,2026-03-15
73,AWS,Intermediate,2026-03-15
73,Git,Intermediate,2026-03-15
74,Negotiation,Intermediate,2026-03-15
74,CRM,Intermediate,2026-03-15
74,AWS,Advanced,2026-03-15
74,Statistics,Beginner,2026-03-15
74,B2B Sales,Intermediate,2026-03-15
75,Python,Intermediate,2026-03-15
75,SQL,Beginner,2026-03-15
75,AWS,Intermediate,2026-03-15
75,Excel,Intermediate,2026-03-15
76,PowerBI,Beginner,2026-03-15
76,Data Analysis,Intermediate,2026-03-15
76,SQL,Intermediate,2026-03-15
76,Python,Intermediate,2026-03-15
76,Excel,Intermediate,2026-03-15
76,Git,Intermediate,2026-03-15
77,Supply Chain,Beginner,2026-03-15
77,SQL,Intermediate,2026-03-15
77,Six Sigma,Intermediate,2026-03-15
77,Plant Management,Advanced,2026-03-15
77,Budgeting,Intermediate,2026-03-15
78,Supply Chain,Intermediate,2026-03-15
78,Lean Manufacturing,Beginner,2026-03-15
78,SQL,Intermediate,2026-03-15
78,Six Sigma,Beginner,2026-03-15
78,Docker,Beginner,2026-03-15
78,Plant Management,Beginner,2026-03-15
78,Budgeting,Advanced,2026-03-15
79,PowerBI,Intermediate,2026-03-15
79,Data Analysis,Intermediate,2026-03-15
79,Python,Beginner,2026-03-15
79,SQL,Beginner,2026-03-15
79,Excel,Intermediate,2026-03-15
79,Git,Intermediate,2026-03-15
80,PowerBI,Advanced,2026-03-15
80,SQL,Intermediate,2026-03-15
80,Excel,Intermediate,2026-03-15
80,Git,Intermediate,2026-03-15
80,Communication,Intermediate,2026-03-15
81,Negotiation,Beginner,2026-03-15
81,Statistics,Beginner,2026-03-15
81,B2B Sales,Intermediate,2026-03-15
81,Git,Intermediate,2026-03-15
81,Communication,Intermediate,2026-03-15
83,Git,Intermediate,2026-03-15
83,Python,Beginner,2026-03-15
83,PowerBI,Intermediate,2026-03-15
83,Excel,Intermediate,2026-03-15
84,PowerBI,Advanced,2026-03-15
84,Python,Intermediate,2026-03-15
84,SQL,Advanced,2026-03-15
84,Excel,Beginner,2026-03-15
84,Communication,Beginner,2026-03-15
85,Supply Chain,Intermediate,2026-03-15
85,Six Sigma,Intermediate,2026-03-15
85,Statistics,Beginner,2026-03-15
85,AWS,Advanced,2026-03-15
85,Budgeting,Intermediate,2026-03-15
86,Communication,Beginner,2026-03-15
86,Deep Learning,Intermediate,2026-03-15
86,Machine Learning,Intermediate,2026-03-15
86,Data Visualization,Intermediate,2026-03-15
88,SQL,Intermediate,2026-03-15
88,Python,Advanced,2026-03-15
88,Machine Learning,Intermediate,2026-03-15
90,Deep Learning,Advanced,2026-03-15
90,Machine Learning,Intermediate,2026-03-15
90,PowerBI,Beginner,2026-03-15
90,SQL,Intermediate,2026-03-15
90,Statistics,Beginner,2026-03-15
90,Data Visualization,Intermediate,2026-03-15
91,Account Management,Advanced,2026-03-15
91,Negotiation,Beginner,2026-03-15
91,CRM,Beginner,2026-03-15
91,B2B Sales,Beginner,2026-03-15
91,Communication,Advanced,2026-03-15
94,Deep Learning,Intermediate,2026-03-15
94,Machine Learning,Beginner,2026-03-15
94,Python,Beginner,2026-03-15
94,Statistics,Intermediate,2026-03-15
94,Data Visualization,Intermediate,2026-03-15
95,Machine Learning,Intermediate,2026-03-15
95,SQL,Intermediate,2026-03-15
95,Statistics,Intermediate,2026-03-15
95,Communication,Beginner,2026-03-15
95,Data Visualization,Beginner,2026-03-15
96,Machine Learning,Advanced,2026-03-15
96,Data Analysis,Intermediate,2026-03-15
96,Python,Intermediate,2026-03-15
96,SQL,Intermediate,2026-03-15
96,Statistics,Advanced,2026-03-15
97,PowerBI,Beginner,2026-03-15
97,SQL,Advanced,2026-03-15
97,Python,Intermediate,2026-03-15
97,Statistics,Intermediate,2026-03-15
97,Excel,Beginner,2026-03-15
97,Git,Intermediate,2026-03-15
98,Supply Chain,Intermediate,2026-03-15
98,Lean Manufacturing,Beginner,2026-03-15
98,Data Analysis,Intermediate,2026-03-15
98,Six Sigma,Intermediate,2026-03-15
98,Plant Management,Intermediate,2026-03-15
98,Budgeting,Beginner,2026-03-15
100,B2B Sales,Advanced,2026-03-15
100,Python,Intermediate,2026-03-15
100,Communication,Beginner,2026-03-15
100,Negotiation,Beginner,2026-03-15
101,SQL,Intermediate,2026-03-15
101,Python,Beginner,2026-03-15
101,Communication,Advanced,2026-03-15
101,Excel,Intermediate,2026-03-15
102,SQL,Advanced,2026-03-15
102,Git,Beginner,2026-03-15
102,PowerBI,Intermediate,2026-03-15
102,Excel,Advanced,2026-03-15
103,Git,Intermediate,2026-03-15
103,PowerBI,Advanced,2026-03-15
103,SQL,Advanced,2026-03-15
103,Docker,Beginner,2026-03-15
104,PowerBI,Intermediate,2026-03-15
104,SQL,Beginner,2026-03-15
104,Python,Intermediate,2026-03-15
104,Excel,Beginner,2026-03-15
104,Git,Intermediate,2026-03-15
105,Deep Learning,Intermediate,2026-03-15
105,Machine Learning,Intermediate,2026-03-15
105,SQL,Beginner,2026-03-15
105,Python,Intermediate,2026-03-15
105,Statistics,Beginner,2026-03-15
105,AWS,Beginner,2026-03-15
105,Data Visualization,Advanced,2026-03-15
106,Account Management,Intermediate,2026-03-15
106,Negotiation,Intermediate,2026-03-15
106,Python,Intermediate,2026-03-15
106,CRM,Advanced,2026-03-15
106,B2B Sales,Beginner,2026-03-15
106,Market Analysis,Intermediate,2026-03-15
106,Communication,Beginner,2026-03-15
107,Deep Learning,Intermediate,2026-03-15
107,Machine Learning,Intermediate,2026-03-15
107,Data Analysis,Beginner,2026-03-15
107,SQL,Advanced,2026-03-15
107,Python,Intermediate,2026-03-15
107,Statistics,Beginner,2026-03-15
107,Communication,Intermediate,2026-03-15
107,Data Visualization,Intermediate,2026-03-15
110,Plant Management,Intermediate,2026-03-15
110,Git,Intermediate,2026-03-15
110,Six Sigma,Beginner,2026-03-15
110,Budgeting,Intermediate,2026-03-15
112,Supply Chain,Beginner,2026-03-15
112,Lean Manufacturing,Intermediate,2026-03-15
112,Python,Beginner,2026-03-15
112,Six Sigma,Intermediate,2026-03-15
112,Plant Management,Advanced,2026-03-15
112,Budgeting,Intermediate,2026-03-15
113,Python,Intermediate,2026-03-15
113,PowerBI,Intermediate,2026-03-15
113,Communication,Intermediate,2026-03-15
113,Excel,Beginner,2026-03-15
116,PowerBI,Intermediate,2026-03-15
116,SQL,Intermediate,2026-03-15
116,Python,Advanced,2026-03-15
116,Excel,Intermediate,2026-03-15
116,Git,Beginner,2026-03-15
117,PowerBI,Intermediate,2026-03-15
117,SQL,Intermediate,2026-03-15
117,Python,Advanced,2026-03-15
117,Docker,Intermediate,2026-03-15
117,Excel,Intermediate,2026-03-15
117,Git,Advanced,2026-03-15
118,Account Management,Intermediate,2026-03-15
118,Negotiation,Beginner,2026-03-15
118,CRM,Beginner,2026-03-15
118,Statistics,Intermediate,2026-03-15
118,B2B Sales,Intermediate,2026-03-15
118,Market Analysis,Intermediate,2026-03-15
118,Communication,Advanced,2026-03-15
119,Git,Advanced,2026-03-15
119,Python,Intermediate,2026-03-15
119,SQL,Intermediate,2026-03-15
119,AWS,Intermediate,2026-03-15
120,Account Management,Beginner,2026-03-15
120,MLOps,Intermediate,2026-03-15
120,Negotiation,Intermediate,2026-03-15
120,CRM,Intermediate,2026-03-15
120,B2B Sales,Intermediate,2026-03-15
120,Market Analysis,Advanced,2026-03-15
120,Communication,Advanced,2026-03-15
121,Account Management,Beginner,2026-03-15
121,MLOps,Beginner,2026-03-15
121,CRM,Intermediate,2026-03-15
121,Statistics,Advanced,2026-03-15
121,B2B Sales,Beginner,2026-03-15
121,Market Analysis,Intermediate,2026-03-15
124,Git,Intermediate,2026-03-15
124,Python,Advanced,2026-03-15
124,SQL,Beginner,2026-03-15
124,PowerBI,Beginner,2026-03-15
125,Account Management,Advanced,2026-03-15
125,MLOps,Intermediate,2026-03-15
125,Negotiation,Advanced,2026-03-15
125,B2B Sales,Advanced,2026-03-15
125,Market Analysis,Intermediate,2026-03-15
125,Communication,Intermediate,2026-03-15
126,SQL,Intermediate,2026-03-15
126,Python,Intermediate,2026-03-15
126,PowerBI,Advanced,2026-03-15
126,Excel,Beginner,2026-03-15
128,Account Management,Beginner,2026-03-15
128,Negotiation,Beginner,2026-03-15
128,CRM,Intermediate,2026-03-15
128,Docker,Beginner,2026-03-15
128,Market Analysis,Intermediate,2026-03-15
128,Communication,Advanced,2026-03-15
129,Account Management,Intermediate,2026-03-15
129,Negotiation,Advanced,2026-03-15
129,SQL,Advanced,2026-03-15
129,Docker,Intermediate,2026-03-15
129,B2B Sales,Intermediate,2026-03-15
129,Market Analysis,Intermediate,2026-03-15
129,Communication,Intermediate,2026-03-15
131,Account Management,Intermediate,2026-03-15
131,Negotiation,Beginner,2026-03-15
131,Data Analysis,Beginner,2026-03-15
131,CRM,Intermediate,2026-03-15
131,B2B Sales,Advanced,2026-03-15
131,Communication,Intermediate,2026-03-15
132,Git,Intermediate,2026-03-15
132,Python,Advanced,2026-03-15
132,PowerBI,Beginner,2026-03-15
132,Excel,Intermediate,2026-03-15
133,Git,Beginner,2026-03-15
133,SQL,Advanced,2026-03-15
133,MLOps,Advanced,2026-03-15
133,Excel,Intermediate,2026-03-15
134,SQL,Advanced,2026-03-15
134,Deep Learning,Intermediate,2026-03-15
134,Machine Learning,Beginner,2026-03-15
134,Statistics,Intermediate,2026-03-15
137,PowerBI,Intermediate,2026-03-15
137,Python,Intermediate,2026-03-15
137,SQL,Advanced,2026-03-15
137,Docker,Intermediate,2026-03-15
137,Excel,Advanced,2026-03-15
137,Git,Beginner,2026-03-15
138,Deep Learning,Beginner,2026-03-15
138,Machine Learning,Intermediate,2026-03-15
138,Data Analysis,Intermediate,2026-03-15
138,SQL,Beginner,2026-03-15
138,Python,Beginner,2026-03-15
138,Statistics,Intermediate,2026-03-15
139,PowerBI,Intermediate,2026-03-15
139,SQL,Intermediate,2026-03-15
139,Python,Intermediate,2026-03-15
139,Docker,Advanced,2026-03-15
139,Excel,Advanced,2026-03-15
139,Git,Advanced,2026-03-15
140,PowerBI,Advanced,2026-03-15
140,SQL,Intermediate,2026-03-15
140,Python,Intermediate,2026-03-15
140,Excel,Intermediate,2026-03-15
140,Git,Intermediate,2026-03-15
141,PowerBI,Intermediate,2026-03-15
141,Python,Intermediate,2026-03-15
141,Excel,Intermediate,2026-03-15
141,Git,Intermediate,2026-03-15
141,Communication,Beginner,2026-03-15
142,Negotiation,Beginner,2026-03-15
142,CRM,Advanced,2026-03-15
142,AWS,Intermediate,2026-03-15
142,B2B Sales,Advanced,2026-03-15
142,Market Analysis,Intermediate,2026-03-15
142,Communication,Intermediate,2026-03-15
143,Deep Learning,Advanced,2026-03-15
143,Machine Learning,Intermediate,2026-03-15
143,Python,Intermediate,2026-03-15
143,SQL,Intermediate,2026-03-15
143,Statistics,Beginner,2026-03-15
143,Communication,Intermediate,2026-03-15
143,Data Visualization,Beginner,2026-03-15
144,PowerBI,Intermediate,2026-03-15
144,MLOps,Advanced,2026-03-15
144,SQL,Intermediate,2026-03-15
144,Python,Intermediate,2026-03-15
144,AWS,Intermediate,2026-03-15
144,Excel,Intermediate,2026-03-15
144,Git,Beginner,2026-03-15
145,Git,Intermediate,2026-03-15
145,Python,Intermediate,2026-03-15
145,SQL,Beginner,2026-03-15
145,Excel,Advanced,2026-03-15
147,PowerBI,Intermediate,2026-03-15
147,Data Analysis,Intermediate,2026-03-15
147,SQL,Intermediate,2026-03-15
147,Python,Intermediate,2026-03-15
147,Excel,Intermediate,2026-03-15
148,PowerBI,Intermediate,2026-03-15
148,Python,Intermediate,2026-03-15
148,SQL,Beginner,2026-03-15
148,Excel,Intermediate,2026-03-15
148,Git,Intermediate,2026-03-15
150,Git,Intermediate,2026-03-15
150,PowerBI,Intermediate,2026-03-15
150,Python,Intermediate,2026-03-15
150,Excel,Advanced,2026-03-15
151,Deep Learning,Beginner,2026-03-15
151,MLOps,Beginner,2026-03-15
151,Python,Intermediate,2026-03-15
151,SQL,Intermediate,2026-03-15
151,Data Visualization,Beginner,2026-03-15
152,Account Management,Intermediate,2026-03-15
152,Negotiation,Intermediate,2026-03-15
152,Python,Advanced,2026-03-15
152,CRM,Intermediate,2026-03-15
152,B2B Sales,Intermediate,2026-03-15
152,Market Analysis,Intermediate,2026-03-15
152,Communication,Intermediate,2026-03-15
153,SQL,Intermediate,2026-03-15
153,Git,Beginner,2026-03-15
153,Python,Intermediate,2026-03-15
153,MLOps,Intermediate,2026-03-15
154,Account Management,Intermediate,2026-03-15
154,Negotiation,Intermediate,2026-03-15
154,Python,Intermediate,2026-03-15
154,CRM,Intermediate,2026-03-15
154,B2B Sales,Intermediate,2026-03-15
154,Market Analysis,Beginner,2026-03-15
154,Communication,Beginner,2026-03-15
155,PowerBI,Advanced,2026-03-15
155,Python,Advanced,2026-03-15
155,SQL,Intermediate,2026-03-15
155,Statistics,Advanced,2026-03-15
155,Excel,Intermediate,2026-03-15
155,Git,Intermediate,2026-03-15
158,PowerBI,Intermediate,2026-03-15
158,SQL,Intermediate,2026-03-15
158,Python,Intermediate,2026-03-15
158,Docker,Beginner,2026-03-15
158,Excel,Intermediate,2026-03-15
158,Git,Beginner,2026-03-15
159,Machine Learning,Beginner,2026-03-15
159,Python,Intermediate,2026-03-15
159,SQL,Intermediate,2026-03-15
159,Statistics,Beginner,2026-03-15
159,Excel,Intermediate,2026-03-15
159,Data Visualization,Beginner,2026-03-15
160,Account Management,Intermediate,2026-03-15
160,Negotiation,Advanced,2026-03-15
160,SQL,Intermediate,2026-03-15
160,CRM,Intermediate,2026-03-15
160,Market Analysis,Advanced,2026-03-15
161,Deep Learning,Intermediate,2026-03-15
161,Machine Learning,Beginner,2026-03-15
161,Python,Beginner,2026-03-15
161,Git,Intermediate,2026-03-15
161,Communication,Intermediate,2026-03-15
161,Data Visualization,Advanced,2026-03-15
162,PowerBI,Intermediate,2026-03-15
162,SQL,Advanced,2026-03-15
162,Python,Intermediate,2026-03-15
162,Excel,Intermediate,2026-03-15
162,Communication,Intermediate,2026-03-15
163,Account Management,Intermediate,2026-03-15
163,Negotiation,Intermediate,2026-03-15
163,Excel,Intermediate,2026-03-15
163,B2B Sales,Intermediate,2026-03-15
163,Market Analysis,Beginner,2026-03-15
163,Communication,Intermediate,2026-03-15
164,Data Analysis,Intermediate,2026-03-15
164,SQL,Advanced,2026-03-15
164,Python,Intermediate,2026-03-15
164,Statistics,Intermediate,2026-03-15
164,Data Visualization,Beginner,2026-03-15
165,PowerBI,Intermediate,2026-03-15
165,Data Analysis,Intermediate,2026-03-15
165,SQL,Intermediate,2026-03-15
165,Python,Beginner,2026-03-15
165,Excel,Intermediate,2026-03-15
165,Git,Advanced,2026-03-15
167,PowerBI,Intermediate,2026-03-15
167,SQL,Advanced,2026-03-15
167,Python,Beginner,2026-03-15
167,Excel,Intermediate,2026-03-15
167,Communication,Beginner,2026-03-15
169,PowerBI,Advanced,2026-03-15
169,Python,Intermediate,2026-03-15
169,SQL,Intermediate,2026-03-15
169,AWS,Advanced,2026-03-15
169,Excel,Intermediate,2026-03-15
169,Git,Intermediate,2026-03-15
170,Lean Manufacturing,Advanced,2026-03-15
170,Python,Advanced,2026-03-15
170,Six Sigma,Intermediate,2026-03-15
170,Communication,Advanced,2026-03-15
170,Budgeting,Intermediate,2026-03-15
171,Machine Learning,Advanced,2026-03-15
171,SQL,Intermediate,2026-03-15
171,Python,Advanced,2026-03-15
171,Statistics,Beginner,2026-03-15
171,Git,Intermediate,2026-03-15
171,Communication,Advanced,2026-03-15
171,Data Visualization,Advanced,2026-03-15
174,Account Management,Beginner,2026-03-15
174,Negotiation,Advanced,2026-03-15
174,Data Analysis,Intermediate,2026-03-15
174,CRM,Beginner,2026-03-15
174,B2B Sales,Intermediate,2026-03-15
174,Market Analysis,Intermediate,2026-03-15
174,Communication,Beginner,2026-03-15
175,Account Management,Advanced,2026-03-15
175,MLOps,Intermediate,2026-03-15
175,Negotiation,Intermediate,2026-03-15
175,CRM,Intermediate,2026-03-15
175,B2B Sales,Beginner,2026-03-15
175,Market Analysis,Intermediate,2026-03-15
176,Account Management,Advanced,2026-03-15
176,Negotiation,Intermediate,2026-03-15
176,Data Analysis,Intermediate,2026-03-15
176,Python,Intermediate,2026-03-15
176,CRM,Intermediate,2026-03-15
176,B2B Sales,Advanced,2026-03-15
176,Communication,Advanced,2026-03-15
177,MLOps,Beginner,2026-03-15
177,SQL,Intermediate,2026-03-15
177,Python,Advanced,2026-03-15
177,AWS,Beginner,2026-03-15
177,Excel,Intermediate,2026-03-15
177,Git,Beginner,2026-03-15
178,Supply Chain,Beginner,2026-03-15
178,MLOps,Intermediate,2026-03-15
178,Lean Manufacturing,Intermediate,2026-03-15
178,SQL,Advanced,2026-03-15
178,Six Sigma,Advanced,2026-03-15
179,Supply Chain,Intermediate,2026-03-15
179,Lean Manufacturing,Intermediate,2026-03-15
179,Six Sigma,Intermediate,2026-03-15
179,Docker,Intermediate,2026-03-15
179,Plant Management,Intermediate,2026-03-15
179,Budgeting,Intermediate,2026-03-15
182,Account Management,Intermediate,2026-03-15
182,Negotiation,Beginner,2026-03-15
182,Statistics,Intermediate,2026-03-15
182,Excel,Intermediate,2026-03-15
182,B2B Sales,Intermediate,2026-03-15
182,Market Analysis,Intermediate,2026-03-15
182,Communication,Intermediate,2026-03-15
183,Account Management,Intermediate,2026-03-15
183,Python,Beginner,2026-03-15
183,CRM,Intermediate,2026-03-15
183,B2B Sales,Beginner,2026-03-15
183,Market Analysis,Intermediate,2026-03-15
183,Communication,Advanced,2026-03-15
184,PowerBI,Intermediate,2026-03-15
184,SQL,Intermediate,2026-03-15
184,Python,Beginner,2026-03-15
184,AWS,Advanced,2026-03-15
184,Excel,Intermediate,2026-03-15
184,Git,Intermediate,2026-03-15
184,Communication,Intermediate,2026-03-15
190,SQL,Beginner,2026-03-15
190,Python,Intermediate,2026-03-15
190,AWS,Intermediate,2026-03-15
190,Excel,Beginner,2026-03-15
190,Git,Beginner,2026-03-15
192,Deep Learning,Intermediate,2026-03-15
192,Machine Learning,Advanced,2026-03-15
192,SQL,Beginner,2026-03-15
192,Python,Intermediate,2026-03-15
192,Statistics,Advanced,2026-03-15
192,Excel,Advanced,2026-03-15
192,Data Visualization,Advanced,2026-03-15
193,Deep Learning,Intermediate,2026-03-15
193,Machine Learning,Intermediate,2026-03-15
193,PowerBI,Intermediate,2026-03-15
193,SQL,Intermediate,2026-03-15
193,Python,Intermediate,2026-03-15
193,Statistics,Beginner,2026-03-15
194,Deep Learning,Intermediate,2026-03-15
194,Machine Learning,Advanced,2026-03-15
194,PowerBI,Intermediate,2026-03-15
194,SQL,Advanced,2026-03-15
194,Statistics,Beginner,2026-03-15
194,Data Visualization,Intermediate,2026-03-15
195,Account Management,Beginner,2026-03-15
195,MLOps,Advanced,2026-03-15
195,Negotiation,Beginner,2026-03-15
195,CRM,Intermediate,2026-03-15
195,B2B Sales,Advanced,2026-03-15
195,Market Analysis,Intermediate,2026-03-15
195,Communication,Beginner,2026-03-15
197,Data Analysis,Beginner,2026-03-15
197,Python,Advanced,2026-03-15
197,Deep Learning,Intermediate,2026-03-15
197,Machine Learning,Intermediate,2026-03-15
198,PowerBI,Intermediate,2026-03-15
198,SQL,Intermediate,2026-03-15
198,Python,Advanced,2026-03-15
198,Docker,Advanced,2026-03-15
198,Statistics,Beginner,2026-03-15
198,Excel,Intermediate,2026-03-15
198,Git,Beginner,2026-03-15
199,SQL,Beginner,2026-03-15
199,PowerBI,Intermediate,2026-03-15
199,Excel,Beginner,2026-03-15
200,SQL,Beginner,2026-03-15
200,Git,Intermediate,2026-03-15
200,PowerBI,Intermediate,2026-03-15
200,MLOps,Intermediate,2026-03-15
201,SQL,Beginner,2026-03-15
201,PowerBI,Intermediate,2026-03-15
201,AWS,Beginner,2026-03-15
201,Excel,Intermediate,2026-03-15
202,Deep Learning,Beginner,2026-03-15
202,Machine Learning,Intermediate,2026-03-15
202,Python,Intermediate,2026-03-15
202,SQL,Intermediate,2026-03-15
202,Git,Beginner,2026-03-15
204,Negotiation,Beginner,2026-03-15
204,Data Analysis,Beginner,2026-03-15
204,SQL,Beginner,2026-03-15
204,B2B Sales,Intermediate,2026-03-15
204,Market Analysis,Intermediate,2026-03-15
204,Communication,Beginner,2026-03-15
205,PowerBI,Intermediate,2026-03-15
205,Python,Intermediate,2026-03-15
205,SQL,Intermediate,2026-03-15
205,Docker,Advanced,2026-03-15
205,Excel,Intermediate,2026-03-15
205,Git,Advanced,2026-03-15
206,PowerBI,Advanced,2026-03-15
206,Data Analysis,Intermediate,2026-03-15
206,Python,Intermediate,2026-03-15
206,Statistics,Intermediate,2026-03-15
206,Excel,Intermediate,2026-03-15
207,Account Management,Advanced,2026-03-15
207,Negotiation,Beginner,2026-03-15
207,CRM,Intermediate,2026-03-15
207,B2B Sales,Beginner,2026-03-15
207,Market Analysis,Beginner,2026-03-15
207,Communication,Advanced,2026-03-15
208,Supply Chain,Intermediate,2026-03-15
208,Lean Manufacturing,Intermediate,2026-03-15
208,Statistics,Intermediate,2026-03-15
208,Plant Management,Intermediate,2026-03-15
208,Git,Intermediate,2026-03-15
208,Budgeting,Intermediate,2026-03-15
211,Supply Chain,Advanced,2026-03-15
211,Lean Manufacturing,Beginner,2026-03-15
211,SQL,Intermediate,2026-03-15
211,AWS,Intermediate,2026-03-15
211,Plant Management,Advanced,2026-03-15
211,Budgeting,Intermediate,2026-03-15
214,Deep Learning,Intermediate,2026-03-15
214,SQL,Intermediate,2026-03-15
214,Python,Intermediate,2026-03-15
214,AWS,Beginner,2026-03-15
214,Statistics,Beginner,2026-03-15
215,Account Management,Advanced,2026-03-15
215,Negotiation,Advanced,2026-03-15
215,CRM,Intermediate,2026-03-15
215,Excel,Beginner,2026-03-15
215,B2B Sales,Intermediate,2026-03-15
215,Market Analysis,Intermediate,2026-03-15
215,Communication,Beginner,2026-03-15
216,PowerBI,Intermediate,2026-03-15
216,Python,Intermediate,2026-03-15
216,Docker,Beginner,2026-03-15
216,Excel,Intermediate,2026-03-15
216,Git,Advanced,2026-03-15
217,Deep Learning,Intermediate,2026-03-15
217,Machine Learning,Intermediate,2026-03-15
217,MLOps,Beginner,2026-03-15
217,SQL,Intermediate,2026-03-15
217,Python,Beginner,2026-03-15
217,Statistics,Intermediate,2026-03-15
217,AWS,Beginner,2026-03-15
217,Data Visualization,Beginner,2026-03-15
218,PowerBI,Beginner,2026-03-15
218,Deep Learning,Intermediate,2026-03-15
218,Machine Learning,Beginner,2026-03-15
218,Data Analysis,Beginner,2026-03-15
218,Statistics,Intermediate,2026-03-15
218,Data Visualization,Intermediate,2026-03-15
221,Deep Learning,Intermediate,2026-03-15
221,Machine Learning,Intermediate,2026-03-15
221,PowerBI,Beginner,2026-03-15
221,SQL,Intermediate,2026-03-15
221,Python,Intermediate,2026-03-15
221,Statistics,Intermediate,2026-03-15
221,Data Visualization,Beginner,2026-03-15
223,PowerBI,Intermediate,2026-03-15
223,Python,Advanced,2026-03-15
223,SQL,Intermediate,2026-03-15
223,Excel,Intermediate,2026-03-15
223,Git,Advanced,2026-03-15
223,Communication,Intermediate,2026-03-15
224,Deep Learning,Beginner,2026-03-15
224,Machine Learning,Intermediate,2026-03-15
224,SQL,Intermediate,2026-03-15
224,Python,Intermediate,2026-03-15
224,Excel,Advanced,2026-03-15
224,Git,Intermediate,2026-03-15
224,Data Visualization,Intermediate,2026-03-15
226,SQL,Advanced,2026-03-15
226,Git,Beginner,2026-03-15
226,PowerBI,Intermediate,2026-03-15
227,Deep Learning,Intermediate,2026-03-15
227,Machine Learning,Intermediate,2026-03-15
227,Python,Intermediate,2026-03-15
227,Statistics,Intermediate,2026-03-15
227,Data Visualization,Beginner,2026-03-15
228,PowerBI,Advanced,2026-03-15
228,Account Management,Intermediate,2026-03-15
228,Negotiation,Beginner,2026-03-15
228,CRM,Intermediate,2026-03-15
228,Excel,Intermediate,2026-03-15
228,B2B Sales,Intermediate,2026-03-15
228,Market Analysis,Beginner,2026-03-15
228,Communication,Beginner,2026-03-15
230,Account Management,Intermediate,2026-03-15
230,Negotiation,Intermediate,2026-03-15
230,CRM,Beginner,2026-03-15
230,Statistics,Intermediate,2026-03-15
230,B2B Sales,Beginner,2026-03-15
230,Market Analysis,Beginner,2026-03-15
230,Communication,Intermediate,2026-03-15
231,Machine Learning,Intermediate,2026-03-15
231,Data Analysis,Intermediate,2026-03-15
231,Python,Intermediate,2026-03-15
231,SQL,Intermediate,2026-03-15
231,Statistics,Advanced,2026-03-15
231,Data Visualization,Intermediate,2026-03-15
233,Deep Learning,Beginner,2026-03-15
233,Machine Learning,Beginner,2026-03-15
233,Python,Intermediate,2026-03-15
233,Docker,Intermediate,2026-03-15
233,Statistics,Intermediate,2026-03-15
233,Data Visualization,Beginner,2026-03-15
235,Git,Beginner,2026-03-15
235,SQL,Intermediate,2026-03-15
235,Excel,Advanced,2026-03-15
238,SQL,Beginner,2026-03-15
238,Python,Intermediate,2026-03-15
238,Excel,Intermediate,2026-03-15
239,Git,Intermediate,2026-03-15
239,PowerBI,Beginner,2026-03-15
239,Python,Advanced,2026-03-15
239,Statistics,Intermediate,2026-03-15
240,B2B Sales,Beginner,2026-03-15
240,Market Analysis,Advanced,2026-03-15
240,PowerBI,Advanced,2026-03-15
240,Communication,Intermediate,2026-03-15
241,SQL,Intermediate,2026-03-15
241,Docker,Intermediate,2026-03-15
241,Statistics,Intermediate,2026-03-15
241,AWS,Intermediate,2026-03-15
241,Data Visualization,Beginner,2026-03-15
242,Deep Learning,Advanced,2026-03-15
242,Machine Learning,Intermediate,2026-03-15
242,Data Analysis,Intermediate,2026-03-15
242,Python,Intermediate,2026-03-15
242,SQL,Beginner,2026-03-15
242,Docker,Intermediate,2026-03-15
242,Statistics,Intermediate,2026-03-15
242,Data Visualization,Advanced,2026-03-15
243,PowerBI,Advanced,2026-03-15
243,Python,Beginner,2026-03-15
243,SQL,Intermediate,2026-03-15
243,Excel,Intermediate,2026-03-15
243,Git,Advanced,2026-03-15
243,Communication,Advanced,2026-03-15
244,B2B Sales,Advanced,2026-03-15
244,SQL,Advanced,2026-03-15
244,Communication,Advanced,2026-03-15
244,Negotiation,Advanced,2026-03-15
245,PowerBI,Intermediate,2026-03-15
245,SQL,Advanced,2026-03-15
245,Python,Beginner,2026-03-15
245,Excel,Beginner,2026-03-15
245,Git,Beginner,2026-03-15
246,Deep Learning,Beginner,2026-03-15
246,Machine Learning,Advanced,2026-03-15
246,SQL,Intermediate,2026-03-15
246,Python,Beginner,2026-03-15
246,Statistics,Advanced,2026-03-15
246,AWS,Intermediate,2026-03-15
246,Data Visualization,Intermediate,2026-03-15
247,Deep Learning,Intermediate,2026-03-15
247,Machine Learning,Intermediate,2026-03-15
247,PowerBI,Intermediate,2026-03-15
247,Python,Intermediate,2026-03-15
247,Statistics,Intermediate,2026-03-15
247,Git,Intermediate,2026-03-15
248,Git,Intermediate,2026-03-15
248,Python,Intermediate,2026-03-15
248,PowerBI,Intermediate,2026-03-15
249,PowerBI,Beginner,2026-03-15
249,Python,Intermediate,2026-03-15
249,SQL,Intermediate,2026-03-15
249,Statistics,Intermediate,2026-03-15
249,Git,Intermediate,2026-03-15
250,Lean Manufacturing,Intermediate,2026-03-15
250,SQL,Advanced,2026-03-15
250,Supply Chain,Intermediate,2026-03-15
250,Six Sigma,Intermediate,2026-03-15
252,Deep Learning,Beginner,2026-03-15
252,Machine Learning,Beginner,2026-03-15
252,SQL,Advanced,2026-03-15
252,Statistics,Beginner,2026-03-15
252,Git,Intermediate,2026-03-15
253,Git,Beginner,2026-03-15
253,Python,Intermediate,2026-03-15
253,SQL,Beginner,2026-03-15
253,Excel,Advanced,2026-03-15
254,Git,Intermediate,2026-03-15
254,PowerBI,Advanced,2026-03-15
254,Python,Intermediate,2026-03-15
254,Excel,Intermediate,2026-03-15
256,MLOps,Intermediate,2026-03-15
256,Lean Manufacturing,Beginner,2026-03-15
256,Six Sigma,Beginner,2026-03-15
256,Statistics,Intermediate,2026-03-15
256,Plant Management,Intermediate,2026-03-15
256,Budgeting,Advanced,2026-03-15
258,PowerBI,Beginner,2026-03-15
258,SQL,Beginner,2026-03-15
258,Excel,Intermediate,2026-03-15
259,Git,Advanced,2026-03-15
259,PowerBI,Intermediate,2026-03-15
259,SQL,Intermediate,2026-03-15
259,Excel,Beginner,2026-03-15
260,Deep Learning,Advanced,2026-03-15
260,Machine Learning,Advanced,2026-03-15
260,SQL,Advanced,2026-03-15
260,Communication,Intermediate,2026-03-15
260,Data Visualization,Intermediate,2026-03-15
261,Supply Chain,Beginner,2026-03-15
261,Lean Manufacturing,Intermediate,2026-03-15
261,Statistics,Intermediate,2026-03-15
261,Plant Management,Intermediate,2026-03-15
261,Communication,Advanced,2026-03-15
261,Budgeting,Advanced,2026-03-15
262,Deep Learning,Intermediate,2026-03-15
262,Machine Learning,Intermediate,2026-03-15
262,MLOps,Intermediate,2026-03-15
262,Python,Intermediate,2026-03-15
262,SQL,Intermediate,2026-03-15
262,Statistics,Advanced,2026-03-15
262,Data Visualization,Advanced,2026-03-15
264,PowerBI,Intermediate,2026-03-15
264,SQL,Intermediate,2026-03-15
264,Python,Intermediate,2026-03-15
264,Excel,Beginner,2026-03-15
264,Git,Beginner,2026-03-15
267,Deep Learning,Intermediate,2026-03-15
267,MLOps,Intermediate,2026-03-15
267,Docker,Intermediate,2026-03-15
267,Statistics,Intermediate,2026-03-15
267,Data Visualization,Beginner,2026-03-15
269,SQL,Beginner,2026-03-15
269,PowerBI,Advanced,2026-03-15
269,Python,Advanced,2026-03-15
269,AWS,Beginner,2026-03-15
270,Supply Chain,Advanced,2026-03-15
270,MLOps,Beginner,2026-03-15
270,Lean Manufacturing,Advanced,2026-03-15
270,Six Sigma,Intermediate,2026-03-15
270,Docker,Intermediate,2026-03-15
270,Budgeting,Intermediate,2026-03-15
271,Supply Chain,Beginner,2026-03-15
271,Lean Manufacturing,Advanced,2026-03-15
271,Six Sigma,Intermediate,2026-03-15
271,Communication,Beginner,2026-03-15
271,Budgeting,Intermediate,2026-03-15
273,Supply Chain,Beginner,2026-03-15
273,MLOps,Intermediate,2026-03-15
273,PowerBI,Intermediate,2026-03-15
273,Lean Manufacturing,Advanced,2026-03-15
273,Six Sigma,Beginner,2026-03-15
273,Plant Management,Intermediate,2026-03-15
273,Budgeting,Advanced,2026-03-15
274,Lean Manufacturing,Intermediate,2026-03-15
274,Supply Chain,Advanced,2026-03-15
274,Budgeting,Intermediate,2026-03-15
274,Data Analysis,Beginner,2026-03-15
275,Supply Chain,Intermediate,2026-03-15
275,Lean Manufacturing,Beginner,2026-03-15
275,SQL,Intermediate,2026-03-15
275,Six Sigma,Advanced,2026-03-15
275,Statistics,Beginner,2026-03-15
275,Plant Management,Intermediate,2026-03-15
275,Budgeting,Intermediate,2026-03-15
277,Deep Learning,Advanced,2026-03-15
277,Machine Learning,Beginner,2026-03-15
277,SQL,Intermediate,2026-03-15
277,Python,Beginner,2026-03-15
277,Data Visualization,Advanced,2026-03-15
281,PowerBI,Intermediate,2026-03-15
281,SQL,Intermediate,2026-03-15
281,Python,Intermediate,2026-03-15
281,Excel,Intermediate,2026-03-15
281,Git,Intermediate,2026-03-15
281,Communication,Intermediate,2026-03-15
282,PowerBI,Intermediate,2026-03-15
282,Python,Intermediate,2026-03-15
282,Statistics,Beginner,2026-03-15
282,Excel,Intermediate,2026-03-15
283,Account Management,Advanced,2026-03-15
283,Negotiation,Advanced,2026-03-15
283,SQL,Intermediate,2026-03-15
283,CRM,Beginner,2026-03-15
283,B2B Sales,Intermediate,2026-03-15
283,Market Analysis,Intermediate,2026-03-15
283,Communication,Intermediate,2026-03-15
284,Deep Learning,Intermediate,2026-03-15
284,SQL,Intermediate,2026-03-15
284,Python,Intermediate,2026-03-15
284,Communication,Beginner,2026-03-15
284,Data Visualization,Beginner,2026-03-15
286,PowerBI,Beginner,2026-03-15
286,SQL,Beginner,2026-03-15
286,Python,Advanced,2026-03-15
286,AWS,Advanced,2026-03-15
286,Excel,Beginner,2026-03-15
286,Git,Beginner,2026-03-15
287,PowerBI,Intermediate,2026-03-15
287,MLOps,Intermediate,2026-03-15
287,Python,Beginner,2026-03-15
287,SQL,Intermediate,2026-03-15
287,Statistics,Intermediate,2026-03-15
287,Excel,Advanced,2026-03-15
287,Git,Intermediate,2026-03-15
288,Git,Advanced,2026-03-15
288,Python,Beginner,2026-03-15
288,SQL,Beginner,2026-03-15
288,Excel,Advanced,2026-03-15
291,Account Management,Intermediate,2026-03-15
291,Negotiation,Intermediate,2026-03-15
291,SQL,Intermediate,2026-03-15
291,CRM,Beginner,2026-03-15
291,B2B Sales,Beginner,2026-03-15
291,Market Analysis,Intermediate,2026-03-15
291,Communication,Advanced,2026-03-15
292,Supply Chain,Intermediate,2026-03-15
292,Lean Manufacturing,Beginner,2026-03-15
292,Six Sigma,Intermediate,2026-03-15
292,Docker,Intermediate,2026-03-15
292,Budgeting,Advanced,2026-03-15
293,PowerBI,Beginner,2026-03-15
293,Account Management,Intermediate,2026-03-15
293,Negotiation,Intermediate,2026-03-15
293,CRM,Beginner,2026-03-15
293,B2B Sales,Beginner,2026-03-15
293,Communication,Advanced,2026-03-15
296,Git,Intermediate,2026-03-15
296,Python,Intermediate,2026-03-15
296,AWS,Intermediate,2026-03-15
296,Excel,Intermediate,2026-03-15
297,Python,Advanced,2026-03-15
297,SQL,Beginner,2026-03-15
297,Docker,Advanced,2026-03-15
297,Statistics,Advanced,2026-03-15
297,Communication,Intermediate,2026-03-15
298,PowerBI,Advanced,2026-03-15
298,SQL,Beginner,2026-03-15
298,Python,Beginner,2026-03-15
298,Excel,Advanced,2026-03-15
298,Git,Advanced,2026-03-15
299,Account Management,Beginner,2026-03-15
299,Negotiation,Intermediate,2026-03-15
299,Data Analysis,Advanced,2026-03-15
299,Git,Beginner,2026-03-15
299,Communication,Intermediate,2026-03-15
300,Deep Learning,Intermediate,2026-03-15
300,PowerBI,Intermediate,2026-03-15
300,Data Analysis,Intermediate,2026-03-15
300,SQL,Intermediate,2026-03-15
300,Python,Advanced,2026-03-15
300,Statistics,Intermediate,2026-03-15
300,Data Visualization,Advanced,2026-03-15
302,Account Management,Advanced,2026-03-15
302,Negotiation,Advanced,2026-03-15
302,Python,Intermediate,2026-03-15
302,CRM,Intermediate,2026-03-15
302,Excel,Advanced,2026-03-15
302,B2B Sales,Intermediate,2026-03-15
302,Market Analysis,Intermediate,2026-03-15
302,Communication,Advanced,2026-03-15
303,Negotiation,Advanced,2026-03-15
303,Data Analysis,Beginner,2026-03-15
303,SQL,Beginner,2026-03-15
303,B2B Sales,Advanced,2026-03-15
303,Communication,Advanced,2026-03-15
304,SQL,Intermediate,2026-03-15
304,Python,Intermediate,2026-03-15
304,PowerBI,Beginner,2026-03-15
304,Excel,Beginner,2026-03-15
305,Deep Learning,Beginner,2026-03-15
305,MLOps,Intermediate,2026-03-15
305,Machine Learning,Beginner,2026-03-15
305,Python,Beginner,2026-03-15
305,Data Visualization,Advanced,2026-03-15
306,PowerBI,Intermediate,2026-03-15
306,MLOps,Advanced,2026-03-15
306,SQL,Intermediate,2026-03-15
306,Python,Intermediate,2026-03-15
306,Excel,Intermediate,2026-03-15
306,Git,Intermediate,2026-03-15
306,Communication,Intermediate,2026-03-15
307,Account Management,Intermediate,2026-03-15
307,Negotiation,Intermediate,2026-03-15
307,SQL,Intermediate,2026-03-15
307,CRM,Intermediate,2026-03-15
307,B2B Sales,Intermediate,2026-03-15
307,Communication,Beginner,2026-03-15
308,Supply Chain,Beginner,2026-03-15
308,Lean Manufacturing,Intermediate,2026-03-15
308,SQL,Intermediate,2026-03-15
308,Six Sigma,Beginner,2026-03-15
308,Docker,Intermediate,2026-03-15
308,Plant Management,Advanced,2026-03-15
309,Deep Learning,Intermediate,2026-03-15
309,Machine Learning,Intermediate,2026-03-15
309,MLOps,Intermediate,2026-03-15
309,SQL,Intermediate,2026-03-15
309,Python,Beginner,2026-03-15
309,Statistics,Intermediate,2026-03-15
309,AWS,Intermediate,2026-03-15
309,Data Visualization,Intermediate,2026-03-15
311,PowerBI,Intermediate,2026-03-15
311,Python,Intermediate,2026-03-15
311,SQL,Advanced,2026-03-15
311,Excel,Intermediate,2026-03-15
311,Git,Beginner,2026-03-15
312,Account Management,Intermediate,2026-03-15
312,Negotiation,Intermediate,2026-03-15
312,CRM,Intermediate,2026-03-15
312,AWS,Beginner,2026-03-15
312,B2B Sales,Advanced,2026-03-15
312,Market Analysis,Intermediate,2026-03-15
312,Communication,Intermediate,2026-03-15
314,Negotiation,Intermediate,2026-03-15
314,CRM,Intermediate,2026-03-15
314,B2B Sales,Beginner,2026-03-15
314,Git,Advanced,2026-03-15
314,Market Analysis,Intermediate,2026-03-15
314,Communication,Beginner,2026-03-15
315,Deep Learning,Beginner,2026-03-15
315,Machine Learning,Intermediate,2026-03-15
315,PowerBI,Intermediate,2026-03-15
315,Python,Intermediate,2026-03-15
315,SQL,Intermediate,2026-03-15
315,Statistics,Intermediate,2026-03-15
315,Data Visualization,Beginner,2026-03-15
316,PowerBI,Advanced,2026-03-15
316,Python,Beginner,2026-03-15
316,SQL,Intermediate,2026-03-15
316,Docker,Intermediate,2026-03-15
316,Excel,Advanced,2026-03-15
316,Git,Intermediate,2026-03-15
319,PowerBI,Intermediate,2026-03-15
319,Python,Intermediate,2026-03-15
319,SQL,Advanced,2026-03-15
319,Excel,Intermediate,2026-03-15
319,Git,Intermediate,2026-03-15
321,SQL,Intermediate,2026-03-15
321,Python,Intermediate,2026-03-15
321,Statistics,Intermediate,2026-03-15
321,Excel,Beginner,2026-03-15
321,Git,Intermediate,2026-03-15
323,PowerBI,Intermediate,2026-03-15
323,Python,Advanced,2026-03-15
323,SQL,Intermediate,2026-03-15
323,AWS,Intermediate,2026-03-15
323,Excel,Intermediate,2026-03-15
323,Git,Intermediate,2026-03-15
323,Communication,Advanced,2026-03-15
325,PowerBI,Intermediate,2026-03-15
325,Python,Intermediate,2026-03-15
325,SQL,Intermediate,2026-03-15
325,Excel,Beginner,2026-03-15
325,Git,Beginner,2026-03-15
327,PowerBI,Beginner,2026-03-15
327,MLOps,Intermediate,2026-03-15
327,Python,Intermediate,2026-03-15
327,SQL,Advanced,2026-03-15
327,Excel,Beginner,2026-03-15
327,Git,Intermediate,2026-03-15
328,Git,Intermediate,2026-03-15
328,SQL,Intermediate,2026-03-15
328,Excel,Intermediate,2026-03-15
329,PowerBI,Advanced,2026-03-15
329,Python,Beginner,2026-03-15
329,SQL,Intermediate,2026-03-15
329,Statistics,Intermediate,2026-03-15
329,Excel,Beginner,2026-03-15
329,Git,Beginner,2026-03-15
330,Data Analysis,Advanced,2026-03-15
330,Python,Beginner,2026-03-15
330,PowerBI,Intermediate,2026-03-15
330,SQL,Beginner,2026-03-15
331,PowerBI,Intermediate,2026-03-15
331,SQL,Advanced,2026-03-15
331,Python,Intermediate,2026-03-15
331,Excel,Intermediate,2026-03-15
331,Communication,Advanced,2026-03-15
332,Git,Intermediate,2026-03-15
332,Python,Intermediate,2026-03-15
332,SQL,Advanced,2026-03-15
332,Excel,Advanced,2026-03-15
333,Account Management,Advanced,2026-03-15
333,Negotiation,Beginner,2026-03-15
333,Python,Intermediate,2026-03-15
333,CRM,Intermediate,2026-03-15
333,SQL,Intermediate,2026-03-15
333,B2B Sales,Beginner,2026-03-15
333,Market Analysis,Intermediate,2026-03-15
333,Communication,Intermediate,2026-03-15
334,Deep Learning,Intermediate,2026-03-15
334,MLOps,Beginner,2026-03-15
334,Machine Learning,Intermediate,2026-03-15
334,Python,Beginner,2026-03-15
334,Communication,Intermediate,2026-03-15
335,Deep Learning,Intermediate,2026-03-15
335,Machine Learning,Intermediate,2026-03-15
335,Python,Intermediate,2026-03-15
335,SQL,Intermediate,2026-03-15
335,Statistics,Beginner,2026-03-15
335,Git,Intermediate,2026-03-15
335,Data Visualization,Intermediate,2026-03-15
336,PowerBI,Intermediate,2026-03-15
336,SQL,Intermediate,2026-03-15
336,Python,Advanced,2026-03-15
336,Docker,Beginner,2026-03-15
336,Excel,Beginner,2026-03-15
336,Git,Advanced,2026-03-15
336,Communication,Intermediate,2026-03-15
337,PowerBI,Beginner,2026-03-15
337,SQL,Beginner,2026-03-15
337,Statistics,Intermediate,2026-03-15
337,Excel,Intermediate,2026-03-15
337,Git,Intermediate,2026-03-15
338,Deep Learning,Beginner,2026-03-15
338,Machine Learning,Intermediate,2026-03-15
338,MLOps,Intermediate,2026-03-15
338,Python,Intermediate,2026-03-15
338,SQL,Advanced,2026-03-15
338,Statistics,Beginner,2026-03-15
338,Data Visualization,Beginner,2026-03-15
339,Supply Chain,Intermediate,2026-03-15
339,Six Sigma,Intermediate,2026-03-15
339,Docker,Beginner,2026-03-15
339,Plant Management,Beginner,2026-03-15
339,Communication,Beginner,2026-03-15
340,Deep Learning,Advanced,2026-03-15
340,Python,Beginner,2026-03-15
340,Docker,Intermediate,2026-03-15
340,Statistics,Intermediate,2026-03-15
340,Communication,Advanced,2026-03-15
341,Supply Chain,Intermediate,2026-03-15
341,Six Sigma,Beginner,2026-03-15
341,AWS,Beginner,2026-03-15
341,Statistics,Intermediate,2026-03-15
341,Plant Management,Intermediate,2026-03-15
341,Budgeting,Intermediate,2026-03-15
342,Supply Chain,Intermediate,2026-03-15
342,Lean Manufacturing,Intermediate,2026-03-15
342,Six Sigma,Beginner,2026-03-15
342,Statistics,Intermediate,2026-03-15
342,Plant Management,Advanced,2026-03-15
342,Communication,Intermediate,2026-03-15
343,PowerBI,Beginner,2026-03-15
343,SQL,Intermediate,2026-03-15
343,Python,Advanced,2026-03-15
343,Docker,Intermediate,2026-03-15
343,Git,Intermediate,2026-03-15
343,Communication,Intermediate,2026-03-15
346,Deep Learning,Intermediate,2026-03-15
346,Machine Learning,Intermediate,2026-03-15
346,SQL,Advanced,2026-03-15
346,Python,Advanced,2026-03-15
346,Statistics,Intermediate,2026-03-15
346,AWS,Beginner,2026-03-15
346,Data Visualization,Intermediate,2026-03-15
347,Deep Learning,Intermediate,2026-03-15
347,Machine Learning,Intermediate,2026-03-15
347,Python,Intermediate,2026-03-15
347,Docker,Intermediate,2026-03-15
347,AWS,Intermediate,2026-03-15
349,Account Management,Beginner,2026-03-15
349,MLOps,Advanced,2026-03-15
349,Negotiation,Intermediate,2026-03-15
349,CRM,Intermediate,2026-03-15
349,B2B Sales,Intermediate,2026-03-15
349,Market Analysis,Beginner,2026-03-15
349,Communication,Advanced,2026-03-15
350,Supply Chain,Intermediate,2026-03-15
350,Data Analysis,Advanced,2026-03-15
350,Six Sigma,Intermediate,2026-03-15
350,Excel,Intermediate,2026-03-15
350,Plant Management,Beginner,2026-03-15
350,Budgeting,Advanced,2026-03-15
351,Git,Intermediate,2026-03-15
351,PowerBI,Beginner,2026-03-15
351,MLOps,Intermediate,2026-03-15
351,Excel,Beginner,2026-03-15
352,PowerBI,Intermediate,2026-03-15
352,SQL,Intermediate,2026-03-15
352,Python,Advanced,2026-03-15
352,AWS,Beginner,2026-03-15
352,Excel,Intermediate,2026-03-15
353,Deep Learning,Beginner,2026-03-15
353,Machine Learning,Intermediate,2026-03-15
353,SQL,Intermediate,2026-03-15
353,Python,Beginner,2026-03-15
353,Statistics,Intermediate,2026-03-15
353,Excel,Advanced,2026-03-15
353,Data Visualization,Beginner,2026-03-15
355,Git,Advanced,2026-03-15
355,PowerBI,Advanced,2026-03-15
355,Python,Intermediate,2026-03-15
355,Docker,Intermediate,2026-03-15
359,Git,Advanced,2026-03-15
359,Python,Beginner,2026-03-15
359,Excel,Intermediate,2026-03-15
361,Account Management,Beginner,2026-03-15
361,MLOps,Beginner,2026-03-15
361,Negotiation,Beginner,2026-03-15
361,Data Analysis,Intermediate,2026-03-15
361,CRM,Intermediate,2026-03-15
361,B2B Sales,Intermediate,2026-03-15
361,Market Analysis,Intermediate,2026-03-15
361,Communication,Advanced,2026-03-15
362,Git,Intermediate,2026-03-15
362,Python,Advanced,2026-03-15
362,PowerBI,Advanced,2026-03-15
362,Excel,Intermediate,2026-03-15
363,SQL,Intermediate,2026-03-15
363,Git,Beginner,2026-03-15
363,PowerBI,Intermediate,2026-03-15
363,MLOps,Intermediate,2026-03-15
364,PowerBI,Intermediate,2026-03-15
364,MLOps,Intermediate,2026-03-15
364,Python,Intermediate,2026-03-15
364,SQL,Beginner,2026-03-15
364,Excel,Intermediate,2026-03-15
364,Git,Beginner,2026-03-15
366,MLOps,Beginner,2026-03-15
366,Negotiation,Beginner,2026-03-15
366,CRM,Advanced,2026-03-15
366,Statistics,Beginner,2026-03-15
366,Market Analysis,Intermediate,2026-03-15
366,Communication,Advanced,2026-03-15
367,PowerBI,Intermediate,2026-03-15
367,SQL,Intermediate,2026-03-15
367,Python,Intermediate,2026-03-15
367,AWS,Intermediate,2026-03-15
367,Excel,Beginner,2026-03-15
367,Git,Beginner,2026-03-15
367,Communication,Advanced,2026-03-15
369,Git,Intermediate,2026-03-15
369,PowerBI,Intermediate,2026-03-15
369,Python,Beginner,2026-03-15
369,MLOps,Intermediate,2026-03-15
372,PowerBI,Beginner,2026-03-15
372,Data Analysis,Advanced,2026-03-15
372,SQL,Intermediate,2026-03-15
372,Python,Intermediate,2026-03-15
372,Excel,Beginner,2026-03-15
372,Git,Intermediate,2026-03-15
373,PowerBI,Beginner,2026-03-15
373,SQL,Intermediate,2026-03-15
373,Python,Beginner,2026-03-15
373,Excel,Intermediate,2026-03-15
373,Git,Advanced,2026-03-15
374,Git,Intermediate,2026-03-15
374,Python,Intermediate,2026-03-15
374,Communication,Intermediate,2026-03-15
374,Excel,Beginner,2026-03-15
376,Git,Intermediate,2026-03-15
376,SQL,Beginner,2026-03-15
376,Communication,Advanced,2026-03-15
376,Excel,Beginner,2026-03-15
377,Deep Learning,Intermediate,2026-03-15
377,Machine Learning,Advanced,2026-03-15
377,Python,Intermediate,2026-03-15
377,SQL,Intermediate,2026-03-15
377,Docker,Advanced,2026-03-15
377,Statistics,Intermediate,2026-03-15
377,Git,Intermediate,2026-03-15
377,Data Visualization,Advanced,2026-03-15
378,Account Management,Intermediate,2026-03-15
378,MLOps,Intermediate,2026-03-15
378,Negotiation,Beginner,2026-03-15
378,CRM,Beginner,2026-03-15
378,B2B Sales,Intermediate,2026-03-15
378,Git,Intermediate,2026-03-15
378,Market Analysis,Beginner,2026-03-15
378,Communication,Intermediate,2026-03-15
379,Deep Learning,Beginner,2026-03-15
379,Machine Learning,Beginner,2026-03-15
379,SQL,Beginner,2026-03-15
379,Python,Advanced,2026-03-15
379,Excel,Beginner,2026-03-15
379,Data Visualization,Intermediate,2026-03-15
380,PowerBI,Beginner,2026-03-15
380,SQL,Advanced,2026-03-15
380,Python,Beginner,2026-03-15
380,Excel,Intermediate,2026-03-15
380,Git,Advanced,2026-03-15
381,SQL,Intermediate,2026-03-15
381,Git,Intermediate,2026-03-15
381,Python,Advanced,2026-03-15
382,Market Analysis,Intermediate,2026-03-15
382,CRM,Intermediate,2026-03-15
382,Statistics,Intermediate,2026-03-15
382,Negotiation,Intermediate,2026-03-15
384,Plant Management,Beginner,2026-03-15
384,Lean Manufacturing,Intermediate,2026-03-15
384,Git,Intermediate,2026-03-15
384,Supply Chain,Advanced,2026-03-15
385,Git,Beginner,2026-03-15
385,PowerBI,Intermediate,2026-03-15
385,Docker,Intermediate,2026-03-15
385,Excel,Beginner,2026-03-15
386,SQL,Advanced,2026-03-15
386,Python,Advanced,2026-03-15
386,PowerBI,Intermediate,2026-03-15
386,Excel,Intermediate,2026-03-15
387,PowerBI,Beginner,2026-03-15
387,Account Management,Intermediate,2026-03-15
387,Negotiation,Intermediate,2026-03-15
387,CRM,Intermediate,2026-03-15
387,B2B Sales,Intermediate,2026-03-15
387,Git,Intermediate,2026-03-15
387,Market Analysis,Intermediate,2026-03-15
388,Account Management,Beginner,2026-03-15
388,Negotiation,Beginner,2026-03-15
388,CRM,Intermediate,2026-03-15
388,AWS,Advanced,2026-03-15
388,B2B Sales,Intermediate,2026-03-15
388,Market Analysis,Intermediate,2026-03-15
388,Communication,Beginner,2026-03-15
389,PowerBI,Advanced,2026-03-15
389,Data Analysis,Advanced,2026-03-15
389,SQL,Intermediate,2026-03-15
389,Python,Intermediate,2026-03-15
389,Excel,Intermediate,2026-03-15
389,Git,Intermediate,2026-03-15
390,PowerBI,Beginner,2026-03-15
390,Python,Beginner,2026-03-15
390,Docker,Intermediate,2026-03-15
390,AWS,Beginner,2026-03-15
390,Git,Beginner,2026-03-15
391,Deep Learning,Intermediate,2026-03-15
391,Machine Learning,Beginner,2026-03-15
391,SQL,Intermediate,2026-03-15
391,Python,Advanced,2026-03-15
391,Statistics,Intermediate,2026-03-15
391,AWS,Beginner,2026-03-15
391,Data Visualization,Intermediate,2026-03-15
392,PowerBI,Advanced,2026-03-15
392,Data Analysis,Intermediate,2026-03-15
392,SQL,Intermediate,2026-03-15
392,Excel,Intermediate,2026-03-15
392,Git,Beginner,2026-03-15
393,PowerBI,Beginner,2026-03-15
393,SQL,Beginner,2026-03-15
393,Python,Beginner,2026-03-15
393,Excel,Intermediate,2026-03-15
393,Git,Intermediate,2026-03-15
394,Data Analysis,Advanced,2026-03-15
394,Git,Beginner,2026-03-15
394,Python,Advanced,2026-03-15
394,Excel,Intermediate,2026-03-15
395,Deep Learning,Beginner,2026-03-15
395,Machine Learning,Beginner,2026-03-15
395,SQL,Intermediate,2026-03-15
395,Python,Intermediate,2026-03-15
395,Statistics,Beginner,2026-03-15
395,Data Visualization,Beginner,2026-03-15
396,PowerBI,Advanced,2026-03-15
396,MLOps,Intermediate,2026-03-15
396,SQL,Intermediate,2026-03-15
396,Python,Intermediate,2026-03-15
396,Communication,Intermediate,2026-03-15
397,Machine Learning,Intermediate,2026-03-15
397,Python,Beginner,2026-03-15
397,SQL,Intermediate,2026-03-15
397,Docker,Advanced,2026-03-15
397,Statistics,Beginner,2026-03-15
399,Git,Beginner,2026-03-15
399,PowerBI,Intermediate,2026-03-15
399,Communication,Advanced,2026-03-15
399,Excel,Intermediate,2026-03-15
401,Account Management,Intermediate,2026-03-15
401,Negotiation,Beginner,2026-03-15
401,CRM,Beginner,2026-03-15
401,AWS,Intermediate,2026-03-15
401,B2B Sales,Advanced,2026-03-15
401,Market Analysis,Beginner,2026-03-15
401,Communication,Beginner,2026-03-15
403,Deep Learning,Intermediate,2026-03-15
403,Machine Learning,Intermediate,2026-03-15
403,SQL,Advanced,2026-03-15
403,Python,Beginner,2026-03-15
403,Statistics,Beginner,2026-03-15
403,Data Visualization,Beginner,2026-03-15
404,Account Management,Intermediate,2026-03-15
404,Python,Intermediate,2026-03-15
404,B2B Sales,Beginner,2026-03-15
404,Git,Advanced,2026-03-15
404,Market Analysis,Intermediate,2026-03-15
404,Communication,Intermediate,2026-03-15
405,PowerBI,Intermediate,2026-03-15
405,SQL,Advanced,2026-03-15
405,Statistics,Intermediate,2026-03-15
405,Excel,Intermediate,2026-03-15
405,Git,Intermediate,2026-03-15
406,Account Management,Intermediate,2026-03-15
406,Negotiation,Intermediate,2026-03-15
406,Excel,Advanced,2026-03-15
406,Market Analysis,Advanced,2026-03-15
406,Communication,Intermediate,2026-03-15
407,PowerBI,Intermediate,2026-03-15
407,SQL,Advanced,2026-03-15
407,Python,Advanced,2026-03-15
407,Excel,Intermediate,2026-03-15
407,Git,Intermediate,2026-03-15
408,PowerBI,Beginner,2026-03-15
408,Supply Chain,Intermediate,2026-03-15
408,Six Sigma,Intermediate,2026-03-15
408,Budgeting,Intermediate,2026-03-15
410,SQL,Beginner,2026-03-15
410,Python,Advanced,2026-03-15
410,Excel,Beginner,2026-03-15
410,Git,Intermediate,2026-03-15
410,Communication,Beginner,2026-03-15
411,SQL,Beginner,2026-03-15
411,Python,Intermediate,2026-03-15
411,Statistics,Intermediate,2026-03-15
411,Excel,Intermediate,2026-03-15
411,Git,Intermediate,2026-03-15
412,PowerBI,Beginner,2026-03-15
412,SQL,Intermediate,2026-03-15
412,Excel,Advanced,2026-03-15
416,PowerBI,Intermediate,2026-03-15
416,Account Management,Advanced,2026-03-15
416,Negotiation,Advanced,2026-03-15
416,CRM,Intermediate,2026-03-15
416,B2B Sales,Intermediate,2026-03-15
416,Git,Intermediate,2026-03-15
416,Market Analysis,Intermediate,2026-03-15
416,Communication,Intermediate,2026-03-15
417,PowerBI,Intermediate,2026-03-15
417,SQL,Advanced,2026-03-15
417,Python,Intermediate,2026-03-15
417,Excel,Intermediate,2026-03-15
417,Git,Intermediate,2026-03-15
417,Communication,Advanced,2026-03-15
419,SQL,Intermediate,2026-03-15
419,Python,Intermediate,2026-03-15
419,PowerBI,Intermediate,2026-03-15
419,Statistics,Advanced,2026-03-15
420,Negotiation,Intermediate,2026-03-15
420,SQL,Advanced,2026-03-15
420,CRM,Beginner,2026-03-15
420,AWS,Intermediate,2026-03-15
420,B2B Sales,Intermediate,2026-03-15
420,Market Analysis,Intermediate,2026-03-15
420,Communication,Intermediate,2026-03-15
421,Git,Beginner,2026-03-15
421,PowerBI,Intermediate,2026-03-15
421,SQL,Intermediate,2026-03-15
422,PowerBI,Intermediate,2026-03-15
422,MLOps,Beginner,2026-03-15
422,Python,Beginner,2026-03-15
422,SQL,Advanced,2026-03-15
422,AWS,Intermediate,2026-03-15
422,Excel,Beginner,2026-03-15
423,Deep Learning,Intermediate,2026-03-15
423,Machine Learning,Intermediate,2026-03-15
423,SQL,Intermediate,2026-03-15
423,Python,Intermediate,2026-03-15
423,Statistics,Intermediate,2026-03-15
423,Excel,Beginner,2026-03-15
423,Data Visualization,Intermediate,2026-03-15
424,Git,Advanced,2026-03-15
424,PowerBI,Beginner,2026-03-15
424,Python,Intermediate,2026-03-15
424,Docker,Beginner,2026-03-15
425,PowerBI,Beginner,2026-03-15
425,Python,Intermediate,2026-03-15
425,SQL,Advanced,2026-03-15
425,Excel,Intermediate,2026-03-15
426,Deep Learning,Beginner,2026-03-15
426,Machine Learning,Intermediate,2026-03-15
426,Python,Intermediate,2026-03-15
426,SQL,Beginner,2026-03-15
426,Statistics,Beginner,2026-03-15
426,Git,Beginner,2026-03-15
426,Data Visualization,Advanced,2026-03-15
428,Git,Intermediate,2026-03-15
428,SQL,Beginner,2026-03-15
428,Docker,Intermediate,2026-03-15
428,Excel,Intermediate,2026-03-15
429,Git,Advanced,2026-03-15
429,Python,Intermediate,2026-03-15
429,PowerBI,Intermediate,2026-03-15
429,Excel,Advanced,2026-03-15
430,PowerBI,Intermediate,2026-03-15
430,MLOps,Intermediate,2026-03-15
430,SQL,Beginner,2026-03-15
430,Python,Intermediate,2026-03-15
430,Excel,Advanced,2026-03-15
430,Git,Advanced,2026-03-15
431,PowerBI,Intermediate,2026-03-15
431,Python,Intermediate,2026-03-15
431,SQL,Intermediate,2026-03-15
431,Docker,Beginner,2026-03-15
431,Excel,Advanced,2026-03-15
433,Deep Learning,Beginner,2026-03-15
433,Machine Learning,Beginner,2026-03-15
433,SQL,Beginner,2026-03-15
433,Python,Intermediate,2026-03-15
433,AWS,Advanced,2026-03-15
433,Data Visualization,Advanced,2026-03-15
434,Deep Learning,Intermediate,2026-03-15
434,Machine Learning,Intermediate,2026-03-15
434,Python,Intermediate,2026-03-15
434,SQL,Beginner,2026-03-15
434,Git,Intermediate,2026-03-15
434,Data Visualization,Intermediate,2026-03-15
436,Account Management,Advanced,2026-03-15
436,Negotiation,Intermediate,2026-03-15
436,Excel,Beginner,2026-03-15
436,B2B Sales,Intermediate,2026-03-15
436,Market Analysis,Beginner,2026-03-15
437,Account Management,Intermediate,2026-03-15
437,Negotiation,Beginner,2026-03-15
437,SQL,Intermediate,2026-03-15
437,CRM,Beginner,2026-03-15
437,B2B Sales,Beginner,2026-03-15
437,Market Analysis,Intermediate,2026-03-15
438,Account Management,Intermediate,2026-03-15
438,Negotiation,Intermediate,2026-03-15
438,Data Analysis,Advanced,2026-03-15
438,Python,Beginner,2026-03-15
438,CRM,Intermediate,2026-03-15
438,B2B Sales,Advanced,2026-03-15
438,Market Analysis,Intermediate,2026-03-15
438,Communication,Intermediate,2026-03-15
439,Deep Learning,Beginner,2026-03-15
439,Machine Learning,Advanced,2026-03-15
439,SQL,Advanced,2026-03-15
439,Python,Beginner,2026-03-15
439,Statistics,Beginner,2026-03-15
439,Data Visualization,Intermediate,2026-03-15
440,Deep Learning,Advanced,2026-03-15
440,Machine Learning,Advanced,2026-03-15
440,SQL,Beginner,2026-03-15
440,Python,Advanced,2026-03-15
440,Statistics,Intermediate,2026-03-15
440,Data Visualization,Intermediate,2026-03-15
441,Deep Learning,Intermediate,2026-03-15
441,Machine Learning,Beginner,2026-03-15
441,PowerBI,Advanced,2026-03-15
441,SQL,Intermediate,2026-03-15
441,Python,Intermediate,2026-03-15
441,Statistics,Intermediate,2026-03-15
441,Data Visualization,Intermediate,2026-03-15
442,Supply Chain,Intermediate,2026-03-15
442,Lean Manufacturing,Intermediate,2026-03-15
442,SQL,Intermediate,2026-03-15
442,Six Sigma,Intermediate,2026-03-15
442,Excel,Intermediate,2026-03-15
442,Budgeting,Intermediate,2026-03-15
444,PowerBI,Intermediate,2026-03-15
444,SQL,Beginner,2026-03-15
444,Python,Intermediate,2026-03-15
444,Excel,Beginner,2026-03-15
444,Git,Intermediate,2026-03-15
444,Communication,Advanced,2026-03-15
445,Account Management,Beginner,2026-03-15
445,Negotiation,Intermediate,2026-03-15
445,CRM,Intermediate,2026-03-15
445,B2B Sales,Advanced,2026-03-15
445,Communication,Intermediate,2026-03-15
446,PowerBI,Advanced,2026-03-15
446,Account Management,Advanced,2026-03-15
446,Negotiation,Advanced,2026-03-15
446,CRM,Beginner,2026-03-15
446,B2B Sales,Beginner,2026-03-15
446,Market Analysis,Intermediate,2026-03-15
446,Communication,Advanced,2026-03-15
447,PowerBI,Advanced,2026-03-15
447,SQL,Intermediate,2026-03-15
447,Python,Beginner,2026-03-15
447,Excel,Intermediate,2026-03-15
447,Communication,Intermediate,2026-03-15
448,PowerBI,Advanced,2026-03-15
448,MLOps,Beginner,2026-03-15
448,Python,Beginner,2026-03-15
448,Excel,Beginner,2026-03-15
448,Git,Beginner,2026-03-15
449,Account Management,Beginner,2026-03-15
449,Negotiation,Intermediate,2026-03-15
449,CRM,Intermediate,2026-03-15
449,Docker,Beginner,2026-03-15
449,B2B Sales,Intermediate,2026-03-15
449,Git,Advanced,2026-03-15
450,Deep Learning,Beginner,2026-03-15
450,Machine Learning,Beginner,2026-03-15
450,MLOps,Advanced,2026-03-15
450,Python,Beginner,2026-03-15
450,SQL,Beginner,2026-03-15
450,Statistics,Intermediate,2026-03-15
450,AWS,Intermediate,2026-03-15
451,Git,Intermediate,2026-03-15
451,Python,Intermediate,2026-03-15
451,PowerBI,Intermediate,2026-03-15
451,Excel,Beginner,2026-03-15
452,Deep Learning,Intermediate,2026-03-15
452,Machine Learning,Intermediate,2026-03-15
452,Python,Intermediate,2026-03-15
452,SQL,Beginner,2026-03-15
452,Statistics,Intermediate,2026-03-15
452,Communication,Beginner,2026-03-15
452,Data Visualization,Intermediate,2026-03-15
453,Account Management,Intermediate,2026-03-15
453,Negotiation,Intermediate,2026-03-15
453,CRM,Intermediate,2026-03-15
453,AWS,Beginner,2026-03-15
453,B2B Sales,Beginner,2026-03-15
453,Market Analysis,Intermediate,2026-03-15
453,Communication,Advanced,2026-03-15
454,PowerBI,Intermediate,2026-03-15
454,Python,Beginner,2026-03-15
454,Docker,Beginner,2026-03-15
454,Statistics,Intermediate,2026-03-15
454,Git,Advanced,2026-03-15
455,PowerBI,Intermediate,2026-03-15
455,Data Analysis,Advanced,2026-03-15
455,Python,Advanced,2026-03-15
455,SQL,Intermediate,2026-03-15
455,Excel,Intermediate,2026-03-15
455,Git,Advanced,2026-03-15
456,Account Management,Intermediate,2026-03-15
456,MLOps,Beginner,2026-03-15
456,Negotiation,Beginner,2026-03-15
456,Data Analysis,Advanced,2026-03-15
456,CRM,Intermediate,2026-03-15
456,B2B Sales,Beginner,2026-03-15
456,Communication,Intermediate,2026-03-15
458,Account Management,Intermediate,2026-03-15
458,MLOps,Intermediate,2026-03-15
458,B2B Sales,Intermediate,2026-03-15
458,Git,Advanced,2026-03-15
458,Market Analysis,Intermediate,2026-03-15
458,Communication,Advanced,2026-03-15
460,Supply Chain,Advanced,2026-03-15
460,Lean Manufacturing,Beginner,2026-03-15
460,Python,Advanced,2026-03-15
460,Six Sigma,Beginner,2026-03-15
460,Plant Management,Intermediate,2026-03-15
460,Budgeting,Intermediate,2026-03-15
461,PowerBI,Advanced,2026-03-15
461,SQL,Beginner,2026-03-15
461,Python,Intermediate,2026-03-15
461,Excel,Intermediate,2026-03-15
461,Git,Intermediate,2026-03-15
462,Supply Chain,Beginner,2026-03-15
462,Lean Manufacturing,Intermediate,2026-03-15
462,SQL,Beginner,2026-03-15
462,Six Sigma,Intermediate,2026-03-15
462,Plant Management,Intermediate,2026-03-15
462,Budgeting,Intermediate,2026-03-15
463,Negotiation,Intermediate,2026-03-15
463,Data Analysis,Advanced,2026-03-15
463,CRM,Advanced,2026-03-15
463,Excel,Beginner,2026-03-15
463,Market Analysis,Beginner,2026-03-15
463,Communication,Intermediate,2026-03-15
464,Supply Chain,Intermediate,2026-03-15
464,Six Sigma,Intermediate,2026-03-15
464,Excel,Beginner,2026-03-15
464,Plant Management,Intermediate,2026-03-15
464,Communication,Intermediate,2026-03-15
465,Deep Learning,Intermediate,2026-03-15
465,Machine Learning,Intermediate,2026-03-15
465,Python,Intermediate,2026-03-15
465,SQL,Intermediate,2026-03-15
465,Statistics,Advanced,2026-03-15
465,AWS,Intermediate,2026-03-15
465,Git,Beginner,2026-03-15
465,Data Visualization,Intermediate,2026-03-15
466,Data Analysis,Intermediate,2026-03-15
466,Supply Chain,Beginner,2026-03-15
466,Six Sigma,Intermediate,2026-03-15
466,Budgeting,Beginner,2026-03-15
467,PowerBI,Beginner,2026-03-15
467,Data Analysis,Intermediate,2026-03-15
467,SQL,Intermediate,2026-03-15
467,Excel,Beginner,2026-03-15
467,Git,Intermediate,2026-03-15
468,PowerBI,Intermediate,2026-03-15
468,SQL,Advanced,2026-03-15
468,Python,Intermediate,2026-03-15
468,AWS,Beginner,2026-03-15
468,Excel,Advanced,2026-03-15
468,Git,Intermediate,2026-03-15
469,Account Management,Beginner,2026-03-15
469,SQL,Beginner,2026-03-15
469,CRM,Advanced,2026-03-15
469,Statistics,Intermediate,2026-03-15
469,B2B Sales,Intermediate,2026-03-15
469,Market Analysis,Beginner,2026-03-15
469,Communication,Intermediate,2026-03-15
470,SQL,Intermediate,2026-03-15
470,Git,Intermediate,2026-03-15
470,Python,Intermediate,2026-03-15
470,PowerBI,Beginner,2026-03-15
471,Git,Intermediate,2026-03-15
471,PowerBI,Beginner,2026-03-15
471,Python,Intermediate,2026-03-15
471,Excel,Beginner,2026-03-15
473,PowerBI,Advanced,2026-03-15
473,Python,Intermediate,2026-03-15
473,AWS,Intermediate,2026-03-15
473,Excel,Advanced,2026-03-15
473,Git,Beginner,2026-03-15
474,Data Analysis,Beginner,2026-03-15
474,Python,Advanced,2026-03-15
474,Machine Learning,Intermediate,2026-03-15
474,Statistics,Intermediate,2026-03-15
475,PowerBI,Intermediate,2026-03-15
475,Account Management,Intermediate,2026-03-15
475,CRM,Beginner,2026-03-15
475,Excel,Beginner,2026-03-15
475,B2B Sales,Intermediate,2026-03-15
475,Market Analysis,Intermediate,2026-03-15
475,Communication,Intermediate,2026-03-15
476,Account Management,Intermediate,2026-03-15
476,CRM,Intermediate,2026-03-15
476,Statistics,Intermediate,2026-03-15
476,B2B Sales,Beginner,2026-03-15
476,Git,Intermediate,2026-03-15
476,Market Analysis,Beginner,2026-03-15
476,Communication,Intermediate,2026-03-15
477,PowerBI,Intermediate,2026-03-15
477,Python,Beginner,2026-03-15
477,SQL,Intermediate,2026-03-15
477,Excel,Beginner,2026-03-15
477,Git,Intermediate,2026-03-15
478,SQL,Advanced,2026-03-15
478,Git,Beginner,2026-03-15
478,Python,Intermediate,2026-03-15
478,Excel,Intermediate,2026-03-15
479,Account Management,Intermediate,2026-03-15
479,Negotiation,Advanced,2026-03-15
479,Data Analysis,Intermediate,2026-03-15
479,CRM,Intermediate,2026-03-15
479,B2B Sales,Beginner,2026-03-15
479,Market Analysis,Intermediate,2026-03-15
479,Communication,Beginner,2026-03-15
481,Account Management,Advanced,2026-03-15
481,Negotiation,Beginner,2026-03-15
481,CRM,Intermediate,2026-03-15
481,Docker,Intermediate,2026-03-15
481,B2B Sales,Intermediate,2026-03-15
481,Market Analysis,Advanced,2026-03-15
481,Communication,Beginner,2026-03-15
482,SQL,Intermediate,2026-03-15
482,Git,Beginner,2026-03-15
482,PowerBI,Intermediate,2026-03-15
482,Excel,Intermediate,2026-03-15
483,PowerBI,Advanced,2026-03-15
483,Python,Intermediate,2026-03-15
483,SQL,Intermediate,2026-03-15
483,Excel,Intermediate,2026-03-15
483,Git,Intermediate,2026-03-15
484,PowerBI,Intermediate,2026-03-15
484,SQL,Advanced,2026-03-15
484,Python,Advanced,2026-03-15
484,Statistics,Intermediate,2026-03-15
484,Excel,Intermediate,2026-03-15
484,Git,Intermediate,2026-03-15
485,PowerBI,Beginner,2026-03-15
485,Data Analysis,Intermediate,2026-03-15
485,SQL,Intermediate,2026-03-15
485,Excel,Intermediate,2026-03-15
485,Git,Intermediate,2026-03-15
486,SQL,Beginner,2026-03-15
486,Python,Beginner,2026-03-15
486,PowerBI,Intermediate,2026-03-15
486,Statistics,Intermediate,2026-03-15
487,Supply Chain,Intermediate,2026-03-15
487,Lean Manufacturing,Beginner,2026-03-15
487,Docker,Intermediate,2026-03-15
487,Plant Management,Beginner,2026-03-15
487,Budgeting,Intermediate,2026-03-15
488,PowerBI,Intermediate,2026-03-15
488,Account Management,Advanced,2026-03-15
488,MLOps,Intermediate,2026-03-15
488,Negotiation,Intermediate,2026-03-15
488,B2B Sales,Beginner,2026-03-15
488,Market Analysis,Advanced,2026-03-15
491,PowerBI,Beginner,2026-03-15
491,Python,Intermediate,2026-03-15
491,SQL,Intermediate,2026-03-15
491,Excel,Advanced,2026-03-15
491,Git,Intermediate,2026-03-15
492,PowerBI,Advanced,2026-03-15
492,Account Management,Intermediate,2026-03-15
492,Data Analysis,Advanced,2026-03-15
492,CRM,Intermediate,2026-03-15
492,B2B Sales,Intermediate,2026-03-15
492,Market Analysis,Intermediate,2026-03-15
492,Communication,Intermediate,2026-03-15
493,PowerBI,Intermediate,2026-03-15
493,Machine Learning,Intermediate,2026-03-15
493,Deep Learning,Advanced,2026-03-15
493,SQL,Intermediate,2026-03-15
493,Data Visualization,Beginner,2026-03-15
494,Git,Beginner,2026-03-15
494,PowerBI,Intermediate,2026-03-15
494,Statistics,Intermediate,2026-03-15
494,Excel,Intermediate,2026-03-15
495,Deep Learning,Intermediate,2026-03-15
495,Machine Learning,Beginner,2026-03-15
495,MLOps,Intermediate,2026-03-15
495,SQL,Advanced,2026-03-15
495,Python,Advanced,2026-03-15
495,Statistics,Intermediate,2026-03-15
495,Data Visualization,Intermediate,2026-03-15
496,PowerBI,Advanced,2026-03-15
496,Data Analysis,Beginner,2026-03-15
496,SQL,Intermediate,2026-03-15
496,Excel,Beginner,2026-03-15
496,Git,Advanced,2026-03-15
497,SQL,Beginner,2026-03-15
497,PowerBI,Intermediate,2026-03-15
497,Python,Beginner,2026-03-15
497,AWS,Intermediate,2026-03-15
498,Account Management,Intermediate,2026-03-15
498,MLOps,Beginner,2026-03-15
498,Negotiation,Intermediate,2026-03-15
498,Data Analysis,Intermediate,2026-03-15
498,CRM,Advanced,2026-03-15
498,B2B Sales,Intermediate,2026-03-15
498,Market Analysis,Beginner,2026-03-15
498,Communication,Intermediate,2026-03-15
499,SQL,Advanced,2026-03-15
499,Git,Intermediate,2026-03-15
499,Python,Beginner,2026-03-15
499,Excel,Intermediate,2026-03-15
500,PowerBI,Beginner,2026-03-15
500,Account Management,Beginner,2026-03-15
500,Negotiation,Advanced,2026-03-15
500,CRM,Beginner,2026-03-15
500,B2B Sales,Advanced,2026-03-15
500,Market Analysis,Intermediate,2026-03-15
500,Communication,Advanced,2026-03-15
501,Deep Learning,Intermediate,2026-03-15
501,Python,Intermediate,2026-03-15
501,SQL,Advanced,2026-03-15
501,Statistics,Intermediate,2026-03-15
501,Git,Intermediate,2026-03-15
501,Data Visualization,Intermediate,2026-03-15
502,Account Management,Beginner,2026-03-15
502,Negotiation,Intermediate,2026-03-15
502,CRM,Intermediate,2026-03-15
502,Statistics,Beginner,2026-03-15
502,B2B Sales,Intermediate,2026-03-15
502,Market Analysis,Advanced,2026-03-15
502,Communication,Intermediate,2026-03-15
505,PowerBI,Intermediate,2026-03-15
505,Data Analysis,Intermediate,2026-03-15
505,Python,Beginner,2026-03-15
505,SQL,Beginner,2026-03-15
505,Excel,Advanced,2026-03-15
505,Git,Beginner,2026-03-15
507,Account Management,Intermediate,2026-03-15
507,Negotiation,Beginner,2026-03-15
507,CRM,Intermediate,2026-03-15
507,Docker,Beginner,2026-03-15
507,B2B Sales,Intermediate,2026-03-15
507,Market Analysis,Intermediate,2026-03-15
508,SQL,Intermediate,2026-03-15
508,Git,Beginner,2026-03-15
508,PowerBI,Beginner,2026-03-15
508,Excel,Intermediate,2026-03-15
510,Machine Learning,Intermediate,2026-03-15
510,Data Analysis,Beginner,2026-03-15
510,Python,Intermediate,2026-03-15
510,Excel,Intermediate,2026-03-15
510,Data Visualization,Intermediate,2026-03-15
511,Deep Learning,Advanced,2026-03-15
511,SQL,Advanced,2026-03-15
511,Python,Beginner,2026-03-15
511,Docker,Intermediate,2026-03-15
511,Data Visualization,Intermediate,2026-03-15
513,Negotiation,Intermediate,2026-03-15
513,Python,Advanced,2026-03-15
513,CRM,Beginner,2026-03-15
513,B2B Sales,Advanced,2026-03-15
513,Market Analysis,Intermediate,2026-03-15
513,Communication,Beginner,2026-03-15
514,Deep Learning,Intermediate,2026-03-15
514,Machine Learning,Beginner,2026-03-15
514,SQL,Advanced,2026-03-15
514,Python,Intermediate,2026-03-15
514,Statistics,Intermediate,2026-03-15
514,Communication,Intermediate,2026-03-15
514,Data Visualization,Intermediate,2026-03-15
515,PowerBI,Beginner,2026-03-15
515,SQL,Intermediate,2026-03-15
515,Docker,Intermediate,2026-03-15
515,Excel,Intermediate,2026-03-15
515,Git,Intermediate,2026-03-15
516,CRM,Beginner,2026-03-15
516,Docker,Beginner,2026-03-15
516,B2B Sales,Beginner,2026-03-15
516,Git,Intermediate,2026-03-15
516,Market Analysis,Advanced,2026-03-15
516,Communication,Intermediate,2026-03-15
517,SQL,Intermediate,2026-03-15
517,PowerBI,Beginner,2026-03-15
517,Statistics,Intermediate,2026-03-15
517,Excel,Beginner,2026-03-15
518,Docker,Beginner,2026-03-15
518,Lean Manufacturing,Advanced,2026-03-15
518,Supply Chain,Advanced,2026-03-15
518,Six Sigma,Intermediate,2026-03-15
520,PowerBI,Intermediate,2026-03-15
520,Python,Beginner,2026-03-15
520,Statistics,Intermediate,2026-03-15
520,Excel,Intermediate,2026-03-15
520,Git,Intermediate,2026-03-15
521,SQL,Beginner,2026-03-15
521,Python,Intermediate,2026-03-15
521,AWS,Advanced,2026-03-15
521,Excel,Intermediate,2026-03-15
521,Git,Advanced,2026-03-15
522,Git,Intermediate,2026-03-15
522,PowerBI,Intermediate,2026-03-15
522,SQL,Intermediate,2026-03-15
522,Excel,Advanced,2026-03-15
523,Account Management,Intermediate,2026-03-15
523,Negotiation,Intermediate,2026-03-15
523,CRM,Intermediate,2026-03-15
523,B2B Sales,Intermediate,2026-03-15
523,Git,Advanced,2026-03-15
523,Market Analysis,Advanced,2026-03-15
523,Communication,Intermediate,2026-03-15
524,Lean Manufacturing,Beginner,2026-03-15
524,Six Sigma,Beginner,2026-03-15
524,Communication,Beginner,2026-03-15
524,Budgeting,Intermediate,2026-03-15
525,PowerBI,Beginner,2026-03-15
525,Python,Intermediate,2026-03-15
525,SQL,Advanced,2026-03-15
525,Excel,Intermediate,2026-03-15
525,Git,Beginner,2026-03-15
526,SQL,Beginner,2026-03-15
526,PowerBI,Advanced,2026-03-15
526,Python,Beginner,2026-03-15
526,Excel,Beginner,2026-03-15
527,Account Management,Advanced,2026-03-15
527,MLOps,Advanced,2026-03-15
527,Negotiation,Beginner,2026-03-15
527,CRM,Beginner,2026-03-15
527,B2B Sales,Beginner,2026-03-15
527,Market Analysis,Advanced,2026-03-15
527,Communication,Beginner,2026-03-15
529,Deep Learning,Intermediate,2026-03-15
529,Python,Intermediate,2026-03-15
529,SQL,Advanced,2026-03-15
529,Statistics,Intermediate,2026-03-15
529,Communication,Intermediate,2026-03-15
529,Data Visualization,Beginner,2026-03-15
530,PowerBI,Intermediate,2026-03-15
530,MLOps,Intermediate,2026-03-15
530,SQL,Intermediate,2026-03-15
530,Excel,Intermediate,2026-03-15
530,Git,Intermediate,2026-03-15
531,PowerBI,Advanced,2026-03-15
531,SQL,Advanced,2026-03-15
531,Python,Beginner,2026-03-15
531,Docker,Intermediate,2026-03-15
531,Statistics,Beginner,2026-03-15
531,Git,Intermediate,2026-03-15
532,MLOps,Intermediate,2026-03-15
532,CRM,Intermediate,2026-03-15
532,Excel,Advanced,2026-03-15
532,Market Analysis,Intermediate,2026-03-15
532,Communication,Intermediate,2026-03-15
533,Account Management,Beginner,2026-03-15
533,Negotiation,Intermediate,2026-03-15
533,CRM,Advanced,2026-03-15
533,B2B Sales,Intermediate,2026-03-15
533,Communication,Intermediate,2026-03-15
534,MLOps,Beginner,2026-03-15
534,Communication,Beginner,2026-03-15
534,Account Management,Intermediate,2026-03-15
534,CRM,Beginner,2026-03-15
536,SQL,Advanced,2026-03-15
536,Data Analysis,Beginner,2026-03-15
536,PowerBI,Intermediate,2026-03-15
536,Excel,Advanced,2026-03-15
538,PowerBI,Intermediate,2026-03-15
538,MLOps,Advanced,2026-03-15
538,SQL,Intermediate,2026-03-15
538,Excel,Intermediate,2026-03-15
538,Git,Beginner,2026-03-15
543,Supply Chain,Intermediate,2026-03-15
543,SQL,Intermediate,2026-03-15
543,Six Sigma,Beginner,2026-03-15
543,Plant Management,Intermediate,2026-03-15
543,Budgeting,Intermediate,2026-03-15
544,Deep Learning,Intermediate,2026-03-15
544,Machine Learning,Intermediate,2026-03-15
544,SQL,Beginner,2026-03-15
544,Python,Advanced,2026-03-15
544,Statistics,Intermediate,2026-03-15
544,Data Visualization,Intermediate,2026-03-15
546,PowerBI,Intermediate,2026-03-15
546,SQL,Beginner,2026-03-15
546,Python,Beginner,2026-03-15
546,Excel,Beginner,2026-03-15
546,Git,Intermediate,2026-03-15
547,Deep Learning,Intermediate,2026-03-15
547,Python,Intermediate,2026-03-15
547,SQL,Advanced,2026-03-15
547,Statistics,Intermediate,2026-03-15
547,AWS,Intermediate,2026-03-15
547,Data Visualization,Beginner,2026-03-15
548,Supply Chain,Advanced,2026-03-15
548,Lean Manufacturing,Advanced,2026-03-15
548,Data Analysis,Beginner,2026-03-15
548,SQL,Advanced,2026-03-15
548,Six Sigma,Intermediate,2026-03-15
548,Plant Management,Intermediate,2026-03-15
548,Budgeting,Intermediate,2026-03-15
549,SQL,Advanced,2026-03-15
549,Git,Intermediate,2026-03-15
549,PowerBI,Advanced,2026-03-15
549,Excel,Intermediate,2026-03-15
550,Lean Manufacturing,Beginner,2026-03-15
550,Six Sigma,Intermediate,2026-03-15
550,Statistics,Beginner,2026-03-15
550,Excel,Intermediate,2026-03-15
550,Plant Management,Beginner,2026-03-15
550,Budgeting,Beginner,2026-03-15
551,PowerBI,Intermediate,2026-03-15
551,SQL,Intermediate,2026-03-15
551,Python,Intermediate,2026-03-15
551,AWS,Intermediate,2026-03-15
551,Excel,Intermediate,2026-03-15
551,Git,Beginner,2026-03-15
554,PowerBI,Intermediate,2026-03-15
554,Data Analysis,Advanced,2026-03-15
554,SQL,Intermediate,2026-03-15
554,Python,Intermediate,2026-03-15
554,Git,Advanced,2026-03-15
555,SQL,Advanced,2026-03-15
555,Python,Intermediate,2026-03-15
555,PowerBI,Beginner,2026-03-15
555,Excel,Beginner,2026-03-15
556,PowerBI,Beginner,2026-03-15
556,Python,Intermediate,2026-03-15
556,SQL,Advanced,2026-03-15
556,Statistics,Intermediate,2026-03-15
556,Excel,Intermediate,2026-03-15
556,Git,Beginner,2026-03-15
558,Git,Intermediate,2026-03-15
558,PowerBI,Intermediate,2026-03-15
558,SQL,Beginner,2026-03-15
558,Excel,Advanced,2026-03-15
560,Deep Learning,Intermediate,2026-03-15
560,Machine Learning,Beginner,2026-03-15
560,MLOps,Advanced,2026-03-15
560,SQL,Advanced,2026-03-15
560,Python,Intermediate,2026-03-15
560,Statistics,Advanced,2026-03-15
560,Data Visualization,Intermediate,2026-03-15
562,PowerBI,Advanced,2026-03-15
562,Data Analysis,Intermediate,2026-03-15
562,Python,Intermediate,2026-03-15
562,SQL,Beginner,2026-03-15
562,Docker,Intermediate,2026-03-15
562,Excel,Advanced,2026-03-15
562,Git,Intermediate,2026-03-15
564,PowerBI,Intermediate,2026-03-15
564,SQL,Intermediate,2026-03-15
564,Python,Intermediate,2026-03-15
564,Statistics,Intermediate,2026-03-15
564,Excel,Beginner,2026-03-15
564,Git,Beginner,2026-03-15
565,Python,Intermediate,2026-03-15
565,SQL,Intermediate,2026-03-15
565,Statistics,Intermediate,2026-03-15
565,Deep Learning,Intermediate,2026-03-15
566,PowerBI,Advanced,2026-03-15
566,SQL,Advanced,2026-03-15
566,Python,Beginner,2026-03-15
566,Excel,Advanced,2026-03-15
566,Git,Intermediate,2026-03-15
567,Account Management,Intermediate,2026-03-15
567,CRM,Intermediate,2026-03-15
567,Statistics,Beginner,2026-03-15
567,Excel,Intermediate,2026-03-15
567,Market Analysis,Intermediate,2026-03-15
568,PowerBI,Beginner,2026-03-15
568,Python,Intermediate,2026-03-15
568,SQL,Advanced,2026-03-15
568,Excel,Beginner,2026-03-15
568,Git,Advanced,2026-03-15
569,Python,Intermediate,2026-03-15
569,SQL,Advanced,2026-03-15
569,Statistics,Intermediate,2026-03-15
569,Excel,Intermediate,2026-03-15
569,Git,Intermediate,2026-03-15
571,PowerBI,Intermediate,2026-03-15
571,SQL,Intermediate,2026-03-15
571,Python,Advanced,2026-03-15
571,Docker,Intermediate,2026-03-15
571,Excel,Beginner,2026-03-15
571,Git,Beginner,2026-03-15
573,PowerBI,Beginner,2026-03-15
573,Negotiation,Intermediate,2026-03-15
573,CRM,Intermediate,2026-03-15
573,Excel,Advanced,2026-03-15
573,Communication,Intermediate,2026-03-15
574,Supply Chain,Intermediate,2026-03-15
574,Lean Manufacturing,Intermediate,2026-03-15
574,Six Sigma,Intermediate,2026-03-15
574,Excel,Beginner,2026-03-15
574,Plant Management,Intermediate,2026-03-15
574,Budgeting,Intermediate,2026-03-15
575,PowerBI,Intermediate,2026-03-15
575,SQL,Beginner,2026-03-15
575,Python,Advanced,2026-03-15
575,Excel,Intermediate,2026-03-15
575,Git,Intermediate,2026-03-15
577,PowerBI,Intermediate,2026-03-15
577,Data Analysis,Intermediate,2026-03-15
577,SQL,Intermediate,2026-03-15
577,Python,Advanced,2026-03-15
577,Git,Intermediate,2026-03-15
578,PowerBI,Beginner,2026-03-15
578,SQL,Beginner,2026-03-15
578,AWS,Advanced,2026-03-15
578,Excel,Beginner,2026-03-15
578,Git,Intermediate,2026-03-15
579,Deep Learning,Intermediate,2026-03-15
579,Machine Learning,Intermediate,2026-03-15
579,Data Analysis,Beginner,2026-03-15
579,SQL,Advanced,2026-03-15
579,Statistics,Intermediate,2026-03-15
579,Data Visualization,Intermediate,2026-03-15
580,Account Management,Intermediate,2026-03-15
580,Negotiation,Advanced,2026-03-15
580,CRM,Intermediate,2026-03-15
580,Docker,Intermediate,2026-03-15
580,B2B Sales,Intermediate,2026-03-15
580,Market Analysis,Advanced,2026-03-15
580,Communication,Beginner,2026-03-15
581,Lean Manufacturing,Intermediate,2026-03-15
581,Supply Chain,Beginner,2026-03-15
581,Six Sigma,Intermediate,2026-03-15
581,Statistics,Intermediate,2026-03-15
582,SQL,Intermediate,2026-03-15
582,PowerBI,Intermediate,2026-03-15
582,Python,Intermediate,2026-03-15
582,Git,Advanced,2026-03-15
584,PowerBI,Intermediate,2026-03-15
584,Data Analysis,Beginner,2026-03-15
584,SQL,Intermediate,2026-03-15
584,Python,Intermediate,2026-03-15
584,Excel,Intermediate,2026-03-15
584,Git,Intermediate,2026-03-15
585,SQL,Beginner,2026-03-15
585,Python,Intermediate,2026-03-15
585,PowerBI,Beginner,2026-03-15
585,Communication,Beginner,2026-03-15
586,SQL,Advanced,2026-03-15
586,Git,Intermediate,2026-03-15
586,Python,Intermediate,2026-03-15
586,PowerBI,Intermediate,2026-03-15
587,MLOps,Advanced,2026-03-15
587,SQL,Intermediate,2026-03-15
587,Python,Advanced,2026-03-15
587,Excel,Advanced,2026-03-15
587,Git,Advanced,2026-03-15
590,Data Analysis,Beginner,2026-03-15
590,SQL,Intermediate,2026-03-15
590,Excel,Beginner,2026-03-15
590,Git,Intermediate,2026-03-15
590,Communication,Beginner,2026-03-15
591,PowerBI,Intermediate,2026-03-15
591,Python,Advanced,2026-03-15
591,Statistics,Advanced,2026-03-15
591,Excel,Intermediate,2026-03-15
591,Git,Intermediate,2026-03-15
592,PowerBI,Advanced,2026-03-15
592,Account Management,Advanced,2026-03-15
592,Negotiation,Beginner,2026-03-15
592,CRM,Beginner,2026-03-15
592,Excel,Intermediate,2026-03-15
592,B2B Sales,Advanced,2026-03-15
592,Market Analysis,Intermediate,2026-03-15
592,Communication,Beginner,2026-03-15
593,Git,Intermediate,2026-03-15
593,Python,Advanced,2026-03-15
593,PowerBI,Intermediate,2026-03-15
593,Excel,Intermediate,2026-03-15
595,Account Management,Advanced,2026-03-15
595,Negotiation,Intermediate,2026-03-15
595,CRM,Intermediate,2026-03-15
595,B2B Sales,Intermediate,2026-03-15
595,Market Analysis,Advanced,2026-03-15
595,Communication,Intermediate,2026-03-15
597,Git,Intermediate,2026-03-15
597,PowerBI,Beginner,2026-03-15
597,AWS,Intermediate,2026-03-15
597,Excel,Advanced,2026-03-15
599,Account Management,Advanced,2026-03-15
599,Negotiation,Intermediate,2026-03-15
599,CRM,Intermediate,2026-03-15
599,Excel,Intermediate,2026-03-15
599,B2B Sales,Intermediate,2026-03-15
599,Market Analysis,Beginner,2026-03-15
599,Communication,Advanced,2026-03-15
600,Account Management,Intermediate,2026-03-15
600,SQL,Intermediate,2026-03-15
600,CRM,Intermediate,2026-03-15
600,B2B Sales,Beginner,2026-03-15
600,Market Analysis,Beginner,2026-03-15
600,Communication,Advanced,2026-03-15
601,Supply Chain,Intermediate,2026-03-15
601,Lean Manufacturing,Beginner,2026-03-15
601,Data Analysis,Intermediate,2026-03-15
601,Plant Management,Advanced,2026-03-15
601,Git,Intermediate,2026-03-15
601,Budgeting,Intermediate,2026-03-15
602,PowerBI,Advanced,2026-03-15
602,SQL,Beginner,2026-03-15
602,AWS,Intermediate,2026-03-15
602,Excel,Beginner,2026-03-15
602,Git,Intermediate,2026-03-15
604,Account Management,Intermediate,2026-03-15
604,Negotiation,Advanced,2026-03-15
604,CRM,Intermediate,2026-03-15
604,AWS,Beginner,2026-03-15
604,B2B Sales,Intermediate,2026-03-15
604,Market Analysis,Intermediate,2026-03-15
604,Communication,Beginner,2026-03-15
605,Plant Management,Intermediate,2026-03-15
605,Six Sigma,Beginner,2026-03-15
605,Budgeting,Beginner,2026-03-15
605,Excel,Beginner,2026-03-15
606,CRM,Intermediate,2026-03-15
606,Excel,Beginner,2026-03-15
606,B2B Sales,Intermediate,2026-03-15
606,Git,Advanced,2026-03-15
606,Market Analysis,Intermediate,2026-03-15
606,Communication,Intermediate,2026-03-15
608,Data Analysis,Beginner,2026-03-15
608,SQL,Advanced,2026-03-15
608,Python,Intermediate,2026-03-15
608,Excel,Intermediate,2026-03-15
608,Git,Intermediate,2026-03-15
611,Supply Chain,Intermediate,2026-03-15
611,Lean Manufacturing,Intermediate,2026-03-15
611,Six Sigma,Advanced,2026-03-15
611,Docker,Intermediate,2026-03-15
611,Plant Management,Intermediate,2026-03-15
611,Budgeting,Intermediate,2026-03-15
612,PowerBI,Intermediate,2026-03-15
612,Python,Beginner,2026-03-15
612,SQL,Beginner,2026-03-15
612,Excel,Intermediate,2026-03-15
613,PowerBI,Intermediate,2026-03-15
613,MLOps,Beginner,2026-03-15
613,SQL,Beginner,2026-03-15
613,Python,Intermediate,2026-03-15
613,Excel,Advanced,2026-03-15
613,Git,Beginner,2026-03-15
614,Data Analysis,Intermediate,2026-03-15
614,Git,Intermediate,2026-03-15
614,PowerBI,Intermediate,2026-03-15
614,SQL,Intermediate,2026-03-15
615,PowerBI,Intermediate,2026-03-15
615,Negotiation,Beginner,2026-03-15
615,CRM,Intermediate,2026-03-15
615,Statistics,Beginner,2026-03-15
615,B2B Sales,Intermediate,2026-03-15
616,PowerBI,Advanced,2026-03-15
616,SQL,Intermediate,2026-03-15
616,AWS,Intermediate,2026-03-15
616,Excel,Advanced,2026-03-15
616,Statistics,Intermediate,2026-03-15
616,Git,Intermediate,2026-03-15
618,Account Management,Intermediate,2026-03-15
618,Negotiation,Advanced,2026-03-15
618,Python,Intermediate,2026-03-15
618,CRM,Intermediate,2026-03-15
618,B2B Sales,Intermediate,2026-03-15
618,Git,Intermediate,2026-03-15
618,Market Analysis,Intermediate,2026-03-15
620,PowerBI,Advanced,2026-03-15
620,Account Management,Beginner,2026-03-15
620,CRM,Beginner,2026-03-15
620,B2B Sales,Intermediate,2026-03-15
620,Market Analysis,Beginner,2026-03-15
620,Communication,Beginner,2026-03-15
621,Account Management,Intermediate,2026-03-15
621,Negotiation,Intermediate,2026-03-15
621,CRM,Intermediate,2026-03-15
621,Statistics,Intermediate,2026-03-15
621,B2B Sales,Intermediate,2026-03-15
621,Market Analysis,Beginner,2026-03-15
621,Communication,Intermediate,2026-03-15
622,PowerBI,Intermediate,2026-03-15
622,Data Analysis,Beginner,2026-03-15
622,SQL,Beginner,2026-03-15
622,Python,Intermediate,2026-03-15
622,Excel,Beginner,2026-03-15
622,Git,Advanced,2026-03-15
623,Supply Chain,Intermediate,2026-03-15
623,Lean Manufacturing,Advanced,2026-03-15
623,Six Sigma,Intermediate,2026-03-15
623,Statistics,Beginner,2026-03-15
623,Plant Management,Beginner,2026-03-15
623,Git,Intermediate,2026-03-15
623,Budgeting,Intermediate,2026-03-15
624,PowerBI,Beginner,2026-03-15
624,Python,Beginner,2026-03-15
624,SQL,Intermediate,2026-03-15
624,Excel,Intermediate,2026-03-15
624,Git,Advanced,2026-03-15
625,Git,Intermediate,2026-03-15
625,PowerBI,Intermediate,2026-03-15
625,Python,Intermediate,2026-03-15
625,Excel,Intermediate,2026-03-15
626,PowerBI,Intermediate,2026-03-15
626,Account Management,Advanced,2026-03-15
626,Negotiation,Intermediate,2026-03-15
626,B2B Sales,Beginner,2026-03-15
626,Git,Intermediate,2026-03-15
626,Communication,Intermediate,2026-03-15
630,Machine Learning,Beginner,2026-03-15
630,SQL,Intermediate,2026-03-15
630,Statistics,Intermediate,2026-03-15
630,Communication,Intermediate,2026-03-15
630,Data Visualization,Advanced,2026-03-15
631,Account Management,Intermediate,2026-03-15
631,Negotiation,Advanced,2026-03-15
631,CRM,Beginner,2026-03-15
631,B2B Sales,Intermediate,2026-03-15
631,Market Analysis,Intermediate,2026-03-15
631,Communication,Intermediate,2026-03-15
632,PowerBI,Intermediate,2026-03-15
632,SQL,Beginner,2026-03-15
632,Python,Intermediate,2026-03-15
632,Statistics,Advanced,2026-03-15
632,Excel,Advanced,2026-03-15
632,Git,Beginner,2026-03-15
634,Git,Intermediate,2026-03-15
634,PowerBI,Intermediate,2026-03-15
634,Python,Beginner,2026-03-15
634,Excel,Beginner,2026-03-15
635,Lean Manufacturing,Beginner,2026-03-15
635,SQL,Intermediate,2026-03-15
635,Excel,Beginner,2026-03-15
635,Plant Management,Intermediate,2026-03-15
635,Budgeting,Advanced,2026-03-15
638,PowerBI,Intermediate,2026-03-15
638,SQL,Advanced,2026-03-15
638,Python,Intermediate,2026-03-15
638,Statistics,Intermediate,2026-03-15
638,Git,Intermediate,2026-03-15
639,Deep Learning,Beginner,2026-03-15
639,Machine Learning,Intermediate,2026-03-15
639,Python,Beginner,2026-03-15
639,SQL,Intermediate,2026-03-15
639,Statistics,Advanced,2026-03-15
639,Data Visualization,Beginner,2026-03-15
641,Account Management,Beginner,2026-03-15
641,Negotiation,Intermediate,2026-03-15
641,B2B Sales,Advanced,2026-03-15
641,Market Analysis,Intermediate,2026-03-15
641,Communication,Intermediate,2026-03-15
643,Python,Beginner,2026-03-15
643,Docker,Beginner,2026-03-15
643,Excel,Intermediate,2026-03-15
643,Git,Advanced,2026-03-15
643,Communication,Beginner,2026-03-15
644,PowerBI,Intermediate,2026-03-15
644,Python,Advanced,2026-03-15
644,MLOps,Advanced,2026-03-15
644,Excel,Beginner,2026-03-15
645,SQL,Advanced,2026-03-15
645,Git,Intermediate,2026-03-15
645,PowerBI,Advanced,2026-03-15
645,Excel,Intermediate,2026-03-15
647,PowerBI,Beginner,2026-03-15
647,Python,Intermediate,2026-03-15
647,SQL,Intermediate,2026-03-15
647,Excel,Intermediate,2026-03-15
648,Git,Intermediate,2026-03-15
648,PowerBI,Intermediate,2026-03-15
648,Python,Intermediate,2026-03-15
648,Communication,Beginner,2026-03-15
649,Deep Learning,Intermediate,2026-03-15
649,Machine Learning,Intermediate,2026-03-15
649,MLOps,Advanced,2026-03-15
649,SQL,Intermediate,2026-03-15
649,Python,Advanced,2026-03-15
649,Statistics,Beginner,2026-03-15
649,Data Visualization,Beginner,2026-03-15
650,PowerBI,Intermediate,2026-03-15
650,MLOps,Intermediate,2026-03-15
650,Account Management,Intermediate,2026-03-15
650,Negotiation,Intermediate,2026-03-15
650,CRM,Advanced,2026-03-15
652,PowerBI,Intermediate,2026-03-15
652,MLOps,Beginner,2026-03-15
652,SQL,Intermediate,2026-03-15
652,Python,Intermediate,2026-03-15
652,Excel,Beginner,2026-03-15
652,Git,Beginner,2026-03-15
653,Account Management,Intermediate,2026-03-15
653,Negotiation,Intermediate,2026-03-15
653,CRM,Advanced,2026-03-15
653,Statistics,Intermediate,2026-03-15
653,B2B Sales,Intermediate,2026-03-15
653,Market Analysis,Beginner,2026-03-15
653,Communication,Intermediate,2026-03-15
655,Deep Learning,Intermediate,2026-03-15
655,Machine Learning,Advanced,2026-03-15
655,Python,Beginner,2026-03-15
655,Statistics,Intermediate,2026-03-15
655,AWS,Intermediate,2026-03-15
655,Data Visualization,Intermediate,2026-03-15
656,Account Management,Advanced,2026-03-15
656,Negotiation,Advanced,2026-03-15
656,SQL,Intermediate,2026-03-15
656,CRM,Intermediate,2026-03-15
656,Git,Intermediate,2026-03-15
656,Market Analysis,Intermediate,2026-03-15
656,Communication,Beginner,2026-03-15
657,Deep Learning,Intermediate,2026-03-15
657,MLOps,Beginner,2026-03-15
657,Machine Learning,Beginner,2026-03-15
657,Python,Intermediate,2026-03-15
657,SQL,Beginner,2026-03-15
659,PowerBI,Intermediate,2026-03-15
659,Data Analysis,Intermediate,2026-03-15
659,SQL,Beginner,2026-03-15
659,Python,Beginner,2026-03-15
659,Excel,Intermediate,2026-03-15
659,Git,Beginner,2026-03-15
661,PowerBI,Advanced,2026-03-15
661,Python,Beginner,2026-03-15
661,SQL,Beginner,2026-03-15
661,Docker,Intermediate,2026-03-15
661,Excel,Beginner,2026-03-15
661,Git,Intermediate,2026-03-15
661,Communication,Advanced,2026-03-15
662,SQL,Intermediate,2026-03-15
662,Python,Intermediate,2026-03-15
662,AWS,Beginner,2026-03-15
662,Deep Learning,Intermediate,2026-03-15
663,Git,Intermediate,2026-03-15
663,Python,Intermediate,2026-03-15
663,SQL,Advanced,2026-03-15
663,Excel,Intermediate,2026-03-15
664,PowerBI,Beginner,2026-03-15
664,SQL,Advanced,2026-03-15
664,Docker,Intermediate,2026-03-15
664,AWS,Beginner,2026-03-15
664,Excel,Advanced,2026-03-15
665,PowerBI,Intermediate,2026-03-15
665,SQL,Beginner,2026-03-15
665,Python,Advanced,2026-03-15
665,Excel,Intermediate,2026-03-15
665,Git,Advanced,2026-03-15
665,Communication,Intermediate,2026-03-15
666,PowerBI,Intermediate,2026-03-15
666,SQL,Intermediate,2026-03-15
666,Python,Beginner,2026-03-15
666,Excel,Beginner,2026-03-15
666,Git,Beginner,2026-03-15
667,Git,Intermediate,2026-03-15
667,Python,Advanced,2026-03-15
667,SQL,Intermediate,2026-03-15
669,PowerBI,Intermediate,2026-03-15
669,SQL,Intermediate,2026-03-15
669,Python,Advanced,2026-03-15
669,Excel,Beginner,2026-03-15
669,Git,Beginner,2026-03-15
671,PowerBI,Advanced,2026-03-15
671,Data Analysis,Intermediate,2026-03-15
671,SQL,Beginner,2026-03-15
671,Python,Intermediate,2026-03-15
671,Excel,Advanced,2026-03-15
671,Git,Intermediate,2026-03-15
675,Deep Learning,Intermediate,2026-03-15
675,Machine Learning,Intermediate,2026-03-15
675,SQL,Advanced,2026-03-15
675,Python,Advanced,2026-03-15
675,Statistics,Intermediate,2026-03-15
675,AWS,Beginner,2026-03-15
675,Communication,Intermediate,2026-03-15
677,Account Management,Intermediate,2026-03-15
677,MLOps,Intermediate,2026-03-15
677,Negotiation,Intermediate,2026-03-15
677,CRM,Beginner,2026-03-15
677,Docker,Beginner,2026-03-15
677,B2B Sales,Intermediate,2026-03-15
677,Communication,Intermediate,2026-03-15
679,Deep Learning,Intermediate,2026-03-15
679,Machine Learning,Intermediate,2026-03-15
679,SQL,Intermediate,2026-03-15
679,Python,Intermediate,2026-03-15
679,Statistics,Intermediate,2026-03-15
679,AWS,Advanced,2026-03-15
679,Data Visualization,Advanced,2026-03-15
680,Deep Learning,Intermediate,2026-03-15
680,Machine Learning,Advanced,2026-03-15
680,MLOps,Intermediate,2026-03-15
680,Python,Intermediate,2026-03-15
680,Statistics,Beginner,2026-03-15
680,Data Visualization,Beginner,2026-03-15
682,Account Management,Intermediate,2026-03-15
682,Data Analysis,Beginner,2026-03-15
682,CRM,Beginner,2026-03-15
682,Docker,Intermediate,2026-03-15
682,B2B Sales,Beginner,2026-03-15
683,Deep Learning,Intermediate,2026-03-15
683,Machine Learning,Advanced,2026-03-15
683,Data Analysis,Beginner,2026-03-15
683,SQL,Intermediate,2026-03-15
683,Python,Intermediate,2026-03-15
683,Statistics,Beginner,2026-03-15
683,Excel,Intermediate,2026-03-15
683,Data Visualization,Intermediate,2026-03-15
684,Market Analysis,Intermediate,2026-03-15
684,PowerBI,Intermediate,2026-03-15
684,Account Management,Intermediate,2026-03-15
684,Negotiation,Beginner,2026-03-15
686,PowerBI,Beginner,2026-03-15
686,SQL,Intermediate,2026-03-15
686,Python,Intermediate,2026-03-15
686,Statistics,Beginner,2026-03-15
686,Excel,Beginner,2026-03-15
686,Git,Intermediate,2026-03-15
689,Supply Chain,Intermediate,2026-03-15
689,Six Sigma,Beginner,2026-03-15
689,Statistics,Beginner,2026-03-15
689,Plant Management,Advanced,2026-03-15
689,Communication,Intermediate,2026-03-15
689,Budgeting,Intermediate,2026-03-15
690,Account Management,Intermediate,2026-03-15
690,Negotiation,Intermediate,2026-03-15
690,B2B Sales,Intermediate,2026-03-15
690,Git,Intermediate,2026-03-15
690,Market Analysis,Advanced,2026-03-15
690,Communication,Advanced,2026-03-15
691,Deep Learning,Intermediate,2026-03-15
691,Machine Learning,Intermediate,2026-03-15
691,SQL,Intermediate,2026-03-15
691,Python,Advanced,2026-03-15
691,Docker,Beginner,2026-03-15
691,Statistics,Intermediate,2026-03-15
691,Excel,Intermediate,2026-03-15
691,Data Visualization,Intermediate,2026-03-15
692,PowerBI,Intermediate,2026-03-15
692,SQL,Advanced,2026-03-15
692,Python,Intermediate,2026-03-15
692,Docker,Intermediate,2026-03-15
692,Excel,Beginner,2026-03-15
692,Git,Advanced,2026-03-15
698,SQL,Intermediate,2026-03-15
698,Git,Advanced,2026-03-15
698,Python,Intermediate,2026-03-15
699,Lean Manufacturing,Intermediate,2026-03-15
699,PowerBI,Beginner,2026-03-15
699,Six Sigma,Intermediate,2026-03-15
699,Budgeting,Beginner,2026-03-15
700,Deep Learning,Intermediate,2026-03-15
700,Machine Learning,Beginner,2026-03-15
700,Python,Intermediate,2026-03-15
700,SQL,Intermediate,2026-03-15
700,Statistics,Intermediate,2026-03-15
700,AWS,Beginner,2026-03-15
700,Git,Advanced,2026-03-15
700,Data Visualization,Beginner,2026-03-15
701,Deep Learning,Advanced,2026-03-15
701,Machine Learning,Intermediate,2026-03-15
701,PowerBI,Advanced,2026-03-15
701,SQL,Advanced,2026-03-15
701,Statistics,Beginner,2026-03-15
701,Data Visualization,Beginner,2026-03-15
702,Python,Intermediate,2026-03-15
702,SQL,Advanced,2026-03-15
702,MLOps,Intermediate,2026-03-15
702,Statistics,Intermediate,2026-03-15
704,Git,Intermediate,2026-03-15
704,PowerBI,Intermediate,2026-03-15
704,Python,Intermediate,2026-03-15
704,Excel,Intermediate,2026-03-15
705,Data Analysis,Beginner,2026-03-15
705,Statistics,Advanced,2026-03-15
705,Machine Learning,Intermediate,2026-03-15
705,Data Visualization,Intermediate,2026-03-15
707,Python,Intermediate,2026-03-15
707,CRM,Intermediate,2026-03-15
707,AWS,Beginner,2026-03-15
707,B2B Sales,Beginner,2026-03-15
707,Market Analysis,Intermediate,2026-03-15
707,Communication,Intermediate,2026-03-15
709,Account Management,Beginner,2026-03-15
709,MLOps,Beginner,2026-03-15
709,Negotiation,Intermediate,2026-03-15
709,CRM,Intermediate,2026-03-15
709,Docker,Intermediate,2026-03-15
709,B2B Sales,Beginner,2026-03-15
709,Market Analysis,Intermediate,2026-03-15
709,Communication,Intermediate,2026-03-15
710,Deep Learning,Intermediate,2026-03-15
710,Machine Learning,Intermediate,2026-03-15
710,SQL,Beginner,2026-03-15
710,Python,Intermediate,2026-03-15
710,Statistics,Advanced,2026-03-15
710,Excel,Intermediate,2026-03-15
710,Git,Intermediate,2026-03-15
710,Data Visualization,Intermediate,2026-03-15
712,Account Management,Advanced,2026-03-15
712,Data Analysis,Intermediate,2026-03-15
712,Excel,Intermediate,2026-03-15
712,B2B Sales,Beginner,2026-03-15
712,Market Analysis,Intermediate,2026-03-15
712,Communication,Intermediate,2026-03-15
714,Account Management,Beginner,2026-03-15
714,Negotiation,Intermediate,2026-03-15
714,Python,Beginner,2026-03-15
714,CRM,Intermediate,2026-03-15
714,B2B Sales,Intermediate,2026-03-15
714,Market Analysis,Intermediate,2026-03-15
714,Communication,Advanced,2026-03-15
715,Deep Learning,Beginner,2026-03-15
715,Machine Learning,Intermediate,2026-03-15
715,Data Analysis,Beginner,2026-03-15
715,Python,Beginner,2026-03-15
715,SQL,Intermediate,2026-03-15
715,Statistics,Intermediate,2026-03-15
715,AWS,Advanced,2026-03-15
715,Data Visualization,Advanced,2026-03-15
716,PowerBI,Intermediate,2026-03-15
716,MLOps,Advanced,2026-03-15
716,Python,Intermediate,2026-03-15
716,SQL,Beginner,2026-03-15
716,Excel,Intermediate,2026-03-15
716,Git,Intermediate,2026-03-15
717,Data Analysis,Intermediate,2026-03-15
717,Git,Beginner,2026-03-15
717,Python,Intermediate,2026-03-15
717,Excel,Intermediate,2026-03-15
720,Account Management,Intermediate,2026-03-15
720,Negotiation,Intermediate,2026-03-15
720,Data Analysis,Beginner,2026-03-15
720,CRM,Beginner,2026-03-15
720,Excel,Intermediate,2026-03-15
720,B2B Sales,Intermediate,2026-03-15
720,Market Analysis,Beginner,2026-03-15
721,Python,Intermediate,2026-03-15
721,PowerBI,Intermediate,2026-03-15
721,SQL,Intermediate,2026-03-15
721,Excel,Intermediate,2026-03-15
722,Account Management,Intermediate,2026-03-15
722,Negotiation,Beginner,2026-03-15
722,CRM,Beginner,2026-03-15
722,Excel,Beginner,2026-03-15
722,B2B Sales,Beginner,2026-03-15
722,Market Analysis,Intermediate,2026-03-15
722,Communication,Advanced,2026-03-15
723,MLOps,Beginner,2026-03-15
723,Negotiation,Intermediate,2026-03-15
723,CRM,Beginner,2026-03-15
723,B2B Sales,Advanced,2026-03-15
723,Market Analysis,Intermediate,2026-03-15
723,Communication,Advanced,2026-03-15
724,PowerBI,Advanced,2026-03-15
724,SQL,Intermediate,2026-03-15
724,Python,Beginner,2026-03-15
724,Excel,Intermediate,2026-03-15
724,Git,Advanced,2026-03-15
724,Communication,Beginner,2026-03-15
725,PowerBI,Beginner,2026-03-15
725,Supply Chain,Advanced,2026-03-15
725,Six Sigma,Intermediate,2026-03-15
725,Budgeting,Intermediate,2026-03-15
727,PowerBI,Intermediate,2026-03-15
727,MLOps,Advanced,2026-03-15
727,SQL,Intermediate,2026-03-15
727,Python,Beginner,2026-03-15
727,Excel,Beginner,2026-03-15
727,Git,Intermediate,2026-03-15
728,B2B Sales,Intermediate,2026-03-15
728,Communication,Beginner,2026-03-15
728,Account Management,Intermediate,2026-03-15
728,Negotiation,Advanced,2026-03-15
729,B2B Sales,Intermediate,2026-03-15
729,CRM,Intermediate,2026-03-15
729,Account Management,Intermediate,2026-03-15
729,Excel,Intermediate,2026-03-15
730,PowerBI,Intermediate,2026-03-15
730,MLOps,Beginner,2026-03-15
730,Python,Intermediate,2026-03-15
730,SQL,Intermediate,2026-03-15
730,Docker,Advanced,2026-03-15
730,Git,Beginner,2026-03-15
731,PowerBI,Beginner,2026-03-15
731,SQL,Intermediate,2026-03-15
731,Python,Intermediate,2026-03-15
731,Excel,Intermediate,2026-03-15
731,Git,Intermediate,2026-03-15
732,MLOps,Intermediate,2026-03-15
732,Negotiation,Intermediate,2026-03-15
732,SQL,Beginner,2026-03-15
732,CRM,Intermediate,2026-03-15
732,B2B Sales,Intermediate,2026-03-15
733,Lean Manufacturing,Advanced,2026-03-15
733,Supply Chain,Intermediate,2026-03-15
733,Six Sigma,Intermediate,2026-03-15
733,MLOps,Intermediate,2026-03-15
734,MLOps,Beginner,2026-03-15
734,SQL,Intermediate,2026-03-15
734,Python,Advanced,2026-03-15
734,Excel,Intermediate,2026-03-15
734,Git,Intermediate,2026-03-15
738,PowerBI,Beginner,2026-03-15
738,SQL,Intermediate,2026-03-15
738,Docker,Beginner,2026-03-15
738,Excel,Advanced,2026-03-15
738,Git,Intermediate,2026-03-15
741,Deep Learning,Intermediate,2026-03-15
741,Machine Learning,Intermediate,2026-03-15
741,Python,Intermediate,2026-03-15
741,Docker,Advanced,2026-03-15
741,Statistics,Beginner,2026-03-15
742,Git,Advanced,2026-03-15
742,Python,Intermediate,2026-03-15
742,MLOps,Beginner,2026-03-15
742,Excel,Advanced,2026-03-15
743,Supply Chain,Intermediate,2026-03-15
743,Python,Intermediate,2026-03-15
743,SQL,Beginner,2026-03-15
743,Six Sigma,Beginner,2026-03-15
743,Plant Management,Advanced,2026-03-15
743,Budgeting,Intermediate,2026-03-15
744,MLOps,Intermediate,2026-03-15
744,SQL,Intermediate,2026-03-15
744,Python,Intermediate,2026-03-15
744,Docker,Intermediate,2026-03-15
744,Excel,Beginner,2026-03-15
744,Git,Intermediate,2026-03-15
746,Negotiation,Advanced,2026-03-15
746,CRM,Intermediate,2026-03-15
746,AWS,Intermediate,2026-03-15
746,Excel,Intermediate,2026-03-15
746,B2B Sales,Beginner,2026-03-15
746,Market Analysis,Beginner,2026-03-15
746,Communication,Beginner,2026-03-15
747,Account Management,Advanced,2026-03-15
747,Negotiation,Advanced,2026-03-15
747,CRM,Advanced,2026-03-15
747,AWS,Advanced,2026-03-15
747,B2B Sales,Intermediate,2026-03-15
747,Market Analysis,Intermediate,2026-03-15
747,Communication,Advanced,2026-03-15
749,SQL,Intermediate,2026-03-15
749,Git,Intermediate,2026-03-15
749,PowerBI,Intermediate,2026-03-15
749,Excel,Intermediate,2026-03-15
752,Deep Learning,Intermediate,2026-03-15
752,Data Analysis,Intermediate,2026-03-15
752,Python,Intermediate,2026-03-15
752,SQL,Intermediate,2026-03-15
752,Statistics,Intermediate,2026-03-15
752,Data Visualization,Beginner,2026-03-15
754,Account Management,Intermediate,2026-03-15
754,Negotiation,Intermediate,2026-03-15
754,Data Analysis,Advanced,2026-03-15
754,CRM,Advanced,2026-03-15
754,Excel,Advanced,2026-03-15
754,B2B Sales,Beginner,2026-03-15
754,Market Analysis,Intermediate,2026-03-15
754,Communication,Intermediate,2026-03-15
757,Data Analysis,Beginner,2026-03-15
757,SQL,Beginner,2026-03-15
757,Python,Beginner,2026-03-15
757,Excel,Intermediate,2026-03-15
757,Git,Intermediate,2026-03-15
758,Git,Beginner,2026-03-15
758,PowerBI,Advanced,2026-03-15
758,SQL,Intermediate,2026-03-15
758,Excel,Beginner,2026-03-15
760,Git,Intermediate,2026-03-15
760,PowerBI,Intermediate,2026-03-15
760,MLOps,Advanced,2026-03-15
760,Excel,Advanced,2026-03-15
762,PowerBI,Intermediate,2026-03-15
762,Data Analysis,Intermediate,2026-03-15
762,Python,Intermediate,2026-03-15
762,SQL,Advanced,2026-03-15
762,Excel,Advanced,2026-03-15
762,Git,Intermediate,2026-03-15
763,Deep Learning,Beginner,2026-03-15
763,Machine Learning,Beginner,2026-03-15
763,PowerBI,Intermediate,2026-03-15
763,Python,Intermediate,2026-03-15
763,SQL,Intermediate,2026-03-15
763,Statistics,Intermediate,2026-03-15
763,Data Visualization,Intermediate,2026-03-15
764,SQL,Intermediate,2026-03-15
764,PowerBI,Beginner,2026-03-15
764,MLOps,Beginner,2026-03-15
764,Excel,Intermediate,2026-03-15
766,PowerBI,Beginner,2026-03-15
766,Python,Intermediate,2026-03-15
766,SQL,Intermediate,2026-03-15
769,PowerBI,Advanced,2026-03-15
769,SQL,Intermediate,2026-03-15
769,Python,Beginner,2026-03-15
769,Excel,Advanced,2026-03-15
769,Git,Intermediate,2026-03-15
771,SQL,Advanced,2026-03-15
771,Python,Advanced,2026-03-15
771,MLOps,Beginner,2026-03-15
771,Excel,Intermediate,2026-03-15
772,PowerBI,Intermediate,2026-03-15
772,SQL,Intermediate,2026-03-15
772,Python,Advanced,2026-03-15
772,Docker,Intermediate,2026-03-15
772,Statistics,Intermediate,2026-03-15
772,Excel,Intermediate,2026-03-15
772,Git,Advanced,2026-03-15
773,Deep Learning,Beginner,2026-03-15
773,Machine Learning,Intermediate,2026-03-15
773,MLOps,Advanced,2026-03-15
773,Data Analysis,Intermediate,2026-03-15
773,Python,Intermediate,2026-03-15
773,Statistics,Intermediate,2026-03-15
773,Data Visualization,Intermediate,2026-03-15
775,Supply Chain,Advanced,2026-03-15
775,Data Analysis,Intermediate,2026-03-15
775,Six Sigma,Beginner,2026-03-15
775,Docker,Advanced,2026-03-15
775,Budgeting,Intermediate,2026-03-15
776,PowerBI,Intermediate,2026-03-15
776,SQL,Intermediate,2026-03-15
776,Statistics,Beginner,2026-03-15
776,Excel,Intermediate,2026-03-15
776,Git,Beginner,2026-03-15
780,Deep Learning,Advanced,2026-03-15
780,Machine Learning,Beginner,2026-03-15
780,SQL,Intermediate,2026-03-15
780,Python,Intermediate,2026-03-15
780,Statistics,Intermediate,2026-03-15
780,AWS,Intermediate,2026-03-15
780,Data Visualization,Advanced,2026-03-15
781,Account Management,Intermediate,2026-03-15
781,Negotiation,Intermediate,2026-03-15
781,CRM,Advanced,2026-03-15
781,B2B Sales,Advanced,2026-03-15
781,Market Analysis,Beginner,2026-03-15
781,Communication,Intermediate,2026-03-15
783,PowerBI,Beginner,2026-03-15
783,SQL,Intermediate,2026-03-15
783,Python,Beginner,2026-03-15
783,Excel,Beginner,2026-03-15
783,Git,Intermediate,2026-03-15
784,Machine Learning,Intermediate,2026-03-15
784,SQL,Intermediate,2026-03-15
784,Python,Intermediate,2026-03-15
784,Statistics,Intermediate,2026-03-15
784,Data Visualization,Advanced,2026-03-15
785,Account Management,Intermediate,2026-03-15
785,Negotiation,Advanced,2026-03-15
785,B2B Sales,Intermediate,2026-03-15
785,Market Analysis,Intermediate,2026-03-15
785,Communication,Intermediate,2026-03-15
786,Account Management,Intermediate,2026-03-15
786,Negotiation,Intermediate,2026-03-15
786,CRM,Beginner,2026-03-15
786,AWS,Intermediate,2026-03-15
786,B2B Sales,Advanced,2026-03-15
786,Market Analysis,Intermediate,2026-03-15
786,Communication,Advanced,2026-03-15
787,PowerBI,Advanced,2026-03-15
787,Data Analysis,Intermediate,2026-03-15
787,Python,Intermediate,2026-03-15
787,Excel,Intermediate,2026-03-15
787,Git,Intermediate,2026-03-15
789,MLOps,Intermediate,2026-03-15
789,Account Management,Intermediate,2026-03-15
789,CRM,Advanced,2026-03-15
789,Git,Advanced,2026-03-15
789,Market Analysis,Intermediate,2026-03-15
791,Deep Learning,Intermediate,2026-03-15
791,Machine Learning,Intermediate,2026-03-15
791,MLOps,Advanced,2026-03-15
791,Data Analysis,Beginner,2026-03-15
791,SQL,Intermediate,2026-03-15
791,Python,Intermediate,2026-03-15
791,Statistics,Intermediate,2026-03-15
791,Data Visualization,Advanced,2026-03-15
792,PowerBI,Intermediate,2026-03-15
792,SQL,Intermediate,2026-03-15
792,Python,Beginner,2026-03-15
792,Docker,Intermediate,2026-03-15
792,Excel,Intermediate,2026-03-15
792,Git,Intermediate,2026-03-15
793,SQL,Intermediate,2026-03-15
793,Python,Intermediate,2026-03-15
793,PowerBI,Advanced,2026-03-15
793,Excel,Beginner,2026-03-15
796,B2B Sales,Intermediate,2026-03-15
796,Market Analysis,Beginner,2026-03-15
796,SQL,Beginner,2026-03-15
796,CRM,Intermediate,2026-03-15
797,Deep Learning,Intermediate,2026-03-15
797,Machine Learning,Intermediate,2026-03-15
797,SQL,Intermediate,2026-03-15
797,Python,Advanced,2026-03-15
797,Statistics,Advanced,2026-03-15
797,Data Visualization,Intermediate,2026-03-15
799,Plant Management,Beginner,2026-03-15
799,PowerBI,Beginner,2026-03-15
799,Supply Chain,Intermediate,2026-03-15
799,Six Sigma,Intermediate,2026-03-15
800,Account Management,Beginner,2026-03-15
800,Negotiation,Intermediate,2026-03-15
800,Data Analysis,Intermediate,2026-03-15
800,CRM,Intermediate,2026-03-15
800,AWS,Intermediate,2026-03-15
800,B2B Sales,Intermediate,2026-03-15
800,Market Analysis,Beginner,2026-03-15
800,Communication,Intermediate,2026-03-15
802,Deep Learning,Beginner,2026-03-15
802,Machine Learning,Beginner,2026-03-15
802,Data Analysis,Intermediate,2026-03-15
802,SQL,Intermediate,2026-03-15
802,Python,Advanced,2026-03-15
803,Supply Chain,Intermediate,2026-03-15
803,Lean Manufacturing,Intermediate,2026-03-15
803,Data Analysis,Beginner,2026-03-15
803,Docker,Advanced,2026-03-15
803,Plant Management,Intermediate,2026-03-15
804,Python,Beginner,2026-03-15
804,PowerBI,Intermediate,2026-03-15
804,SQL,Beginner,2026-03-15
804,Machine Learning,Intermediate,2026-03-15
805,PowerBI,Beginner,2026-03-15
805,SQL,Intermediate,2026-03-15
805,Python,Advanced,2026-03-15
805,Excel,Advanced,2026-03-15
805,Git,Intermediate,2026-03-15
805,Communication,Intermediate,2026-03-15
806,PowerBI,Intermediate,2026-03-15
806,SQL,Advanced,2026-03-15
806,Python,Intermediate,2026-03-15
806,Docker,Intermediate,2026-03-15
806,Excel,Beginner,2026-03-15
806,Git,Beginner,2026-03-15
807,SQL,Intermediate,2026-03-15
807,Python,Beginner,2026-03-15
807,PowerBI,Intermediate,2026-03-15
807,Docker,Intermediate,2026-03-15
808,B2B Sales,Intermediate,2026-03-15
808,Communication,Intermediate,2026-03-15
808,Python,Advanced,2026-03-15
808,Account Management,Advanced,2026-03-15
809,PowerBI,Beginner,2026-03-15
809,SQL,Beginner,2026-03-15
809,Python,Intermediate,2026-03-15
809,Excel,Intermediate,2026-03-15
809,Git,Advanced,2026-03-15
809,Communication,Intermediate,2026-03-15
811,SQL,Beginner,2026-03-15
811,Git,Intermediate,2026-03-15
811,PowerBI,Beginner,2026-03-15
811,Excel,Intermediate,2026-03-15
812,Data Analysis,Advanced,2026-03-15
812,SQL,Intermediate,2026-03-15
812,Excel,Advanced,2026-03-15
812,Git,Intermediate,2026-03-15
812,Communication,Intermediate,2026-03-15
813,PowerBI,Intermediate,2026-03-15
813,MLOps,Intermediate,2026-03-15
813,Python,Intermediate,2026-03-15
813,SQL,Advanced,2026-03-15
813,Git,Advanced,2026-03-15
815,PowerBI,Advanced,2026-03-15
815,Data Analysis,Beginner,2026-03-15
815,Python,Intermediate,2026-03-15
815,Docker,Intermediate,2026-03-15
815,Excel,Intermediate,2026-03-15
815,Git,Intermediate,2026-03-15
816,Python,Intermediate,2026-03-15
816,SQL,Advanced,2026-03-15
816,Docker,Intermediate,2026-03-15
816,AWS,Intermediate,2026-03-15
816,Excel,Intermediate,2026-03-15
817,PowerBI,Beginner,2026-03-15
817,MLOps,Intermediate,2026-03-15
817,SQL,Intermediate,2026-03-15
817,Python,Beginner,2026-03-15
817,Excel,Intermediate,2026-03-15
819,Account Management,Intermediate,2026-03-15
819,CRM,Intermediate,2026-03-15
819,Statistics,Intermediate,2026-03-15
819,Negotiation,Intermediate,2026-03-15
820,PowerBI,Beginner,2026-03-15
820,SQL,Intermediate,2026-03-15
820,Python,Intermediate,2026-03-15
820,Excel,Intermediate,2026-03-15
820,Git,Intermediate,2026-03-15
820,Communication,Advanced,2026-03-15
823,Supply Chain,Beginner,2026-03-15
823,Excel,Beginner,2026-03-15
823,Plant Management,Advanced,2026-03-15
823,Communication,Beginner,2026-03-15
823,Budgeting,Intermediate,2026-03-15
824,Deep Learning,Advanced,2026-03-15
824,Machine Learning,Beginner,2026-03-15
824,SQL,Intermediate,2026-03-15
824,Python,Advanced,2026-03-15
824,Git,Intermediate,2026-03-15
824,Data Visualization,Beginner,2026-03-15
825,SQL,Beginner,2026-03-15
825,Git,Advanced,2026-03-15
825,Python,Beginner,2026-03-15
825,Excel,Intermediate,2026-03-15
826,Deep Learning,Intermediate,2026-03-15
826,PowerBI,Intermediate,2026-03-15
826,Python,Intermediate,2026-03-15
826,SQL,Advanced,2026-03-15
826,Statistics,Beginner,2026-03-15
826,Communication,Intermediate,2026-03-15
826,Data Visualization,Advanced,2026-03-15
827,Supply Chain,Advanced,2026-03-15
827,Lean Manufacturing,Beginner,2026-03-15
827,Six Sigma,Beginner,2026-03-15
827,Excel,Intermediate,2026-03-15
827,Plant Management,Beginner,2026-03-15
827,Budgeting,Intermediate,2026-03-15
828,Deep Learning,Beginner,2026-03-15
828,Machine Learning,Beginner,2026-03-15
828,PowerBI,Beginner,2026-03-15
828,SQL,Intermediate,2026-03-15
828,Docker,Intermediate,2026-03-15
828,Statistics,Advanced,2026-03-15
828,Data Visualization,Intermediate,2026-03-15
829,Git,Beginner,2026-03-15
829,SQL,Beginner,2026-03-15
829,Statistics,Intermediate,2026-03-15
829,Excel,Beginner,2026-03-15
830,Supply Chain,Intermediate,2026-03-15
830,Six Sigma,Intermediate,2026-03-15
830,Statistics,Intermediate,2026-03-15
830,Plant Management,Intermediate,2026-03-15
830,Budgeting,Intermediate,2026-03-15
832,PowerBI,Advanced,2026-03-15
832,SQL,Beginner,2026-03-15
832,Python,Intermediate,2026-03-15
832,AWS,Intermediate,2026-03-15
832,Excel,Intermediate,2026-03-15
832,Communication,Beginner,2026-03-15
833,Supply Chain,Intermediate,2026-03-15
833,Lean Manufacturing,Intermediate,2026-03-15
833,Six Sigma,Beginner,2026-03-15
833,Plant Management,Intermediate,2026-03-15
833,Communication,Intermediate,2026-03-15
833,Budgeting,Intermediate,2026-03-15
834,Deep Learning,Beginner,2026-03-15
834,Machine Learning,Intermediate,2026-03-15
834,SQL,Intermediate,2026-03-15
834,Statistics,Intermediate,2026-03-15
834,Git,Intermediate,2026-03-15
834,Data Visualization,Intermediate,2026-03-15
836,Plant Management,Intermediate,2026-03-15
836,SQL,Intermediate,2026-03-15
836,Six Sigma,Intermediate,2026-03-15
836,Budgeting,Beginner,2026-03-15
837,PowerBI,Advanced,2026-03-15
837,SQL,Intermediate,2026-03-15
837,Python,Intermediate,2026-03-15
837,Docker,Beginner,2026-03-15
837,Communication,Advanced,2026-03-15
838,Deep Learning,Intermediate,2026-03-15
838,Machine Learning,Intermediate,2026-03-15
838,SQL,Intermediate,2026-03-15
838,Python,Beginner,2026-03-15
838,Statistics,Intermediate,2026-03-15
838,Data Visualization,Beginner,2026-03-15
840,Account Management,Advanced,2026-03-15
840,MLOps,Advanced,2026-03-15
840,Negotiation,Intermediate,2026-03-15
840,CRM,Intermediate,2026-03-15
840,B2B Sales,Beginner,2026-03-15
840,Market Analysis,Intermediate,2026-03-15
840,Communication,Intermediate,2026-03-15
842,Account Management,Beginner,2026-03-15
842,Negotiation,Intermediate,2026-03-15
842,CRM,Beginner,2026-03-15
842,Statistics,Intermediate,2026-03-15
842,B2B Sales,Intermediate,2026-03-15
842,Market Analysis,Intermediate,2026-03-15
842,Communication,Intermediate,2026-03-15
843,Git,Intermediate,2026-03-15
843,PowerBI,Intermediate,2026-03-15
843,Python,Intermediate,2026-03-15
843,Excel,Intermediate,2026-03-15
844,PowerBI,Advanced,2026-03-15
844,Data Analysis,Intermediate,2026-03-15
844,SQL,Intermediate,2026-03-15
844,Python,Beginner,2026-03-15
844,Excel,Intermediate,2026-03-15
844,Git,Intermediate,2026-03-15
845,Supply Chain,Beginner,2026-03-15
845,Lean Manufacturing,Intermediate,2026-03-15
845,Statistics,Beginner,2026-03-15
845,Plant Management,Beginner,2026-03-15
845,Budgeting,Advanced,2026-03-15
846,CRM,Advanced,2026-03-15
846,AWS,Intermediate,2026-03-15
846,Excel,Beginner,2026-03-15
846,B2B Sales,Intermediate,2026-03-15
846,Market Analysis,Intermediate,2026-03-15
846,Communication,Advanced,2026-03-15
847,PowerBI,Intermediate,2026-03-15
847,Python,Beginner,2026-03-15
847,SQL,Intermediate,2026-03-15
847,Excel,Intermediate,2026-03-15
847,Git,Beginner,2026-03-15
847,Communication,Beginner,2026-03-15
848,Deep Learning,Intermediate,2026-03-15
848,Machine Learning,Advanced,2026-03-15
848,MLOps,Intermediate,2026-03-15
848,SQL,Beginner,2026-03-15
848,Statistics,Beginner,2026-03-15
848,Data Visualization,Intermediate,2026-03-15
850,Deep Learning,Advanced,2026-03-15
850,Machine Learning,Intermediate,2026-03-15
850,PowerBI,Beginner,2026-03-15
850,SQL,Beginner,2026-03-15
850,Python,Beginner,2026-03-15
850,Statistics,Intermediate,2026-03-15
850,Data Visualization,Beginner,2026-03-15
851,Data Analysis,Beginner,2026-03-15
851,Python,Intermediate,2026-03-15
851,SQL,Intermediate,2026-03-15
851,Excel,Beginner,2026-03-15
851,Git,Advanced,2026-03-15
852,Python,Intermediate,2026-03-15
852,SQL,Intermediate,2026-03-15
852,Excel,Intermediate,2026-03-15
854,Statistics,Intermediate,2026-03-15
854,Git,Intermediate,2026-03-15
854,Deep Learning,Intermediate,2026-03-15
854,Data Visualization,Intermediate,2026-03-15
855,B2B Sales,Intermediate,2026-03-15
855,CRM,Intermediate,2026-03-15
855,AWS,Intermediate,2026-03-15
855,Negotiation,Intermediate,2026-03-15
856,Data Analysis,Intermediate,2026-03-15
856,SQL,Beginner,2026-03-15
856,Machine Learning,Advanced,2026-03-15
856,Statistics,Beginner,2026-03-15
857,Account Management,Intermediate,2026-03-15
857,Negotiation,Advanced,2026-03-15
857,Data Analysis,Intermediate,2026-03-15
857,CRM,Intermediate,2026-03-15
857,Docker,Intermediate,2026-03-15
857,B2B Sales,Intermediate,2026-03-15
857,Market Analysis,Beginner,2026-03-15
857,Communication,Intermediate,2026-03-15
859,Account Management,Intermediate,2026-03-15
859,Negotiation,Beginner,2026-03-15
859,CRM,Advanced,2026-03-15
859,Docker,Intermediate,2026-03-15
859,Excel,Beginner,2026-03-15
859,B2B Sales,Intermediate,2026-03-15
859,Market Analysis,Advanced,2026-03-15
859,Communication,Intermediate,2026-03-15
861,Deep Learning,Intermediate,2026-03-15
861,Machine Learning,Intermediate,2026-03-15
861,PowerBI,Advanced,2026-03-15
861,Python,Beginner,2026-03-15
861,SQL,Advanced,2026-03-15
861,Statistics,Intermediate,2026-03-15
861,Data Visualization,Advanced,2026-03-15
862,Account Management,Advanced,2026-03-15
862,Negotiation,Intermediate,2026-03-15
862,Data Analysis,Intermediate,2026-03-15
862,CRM,Intermediate,2026-03-15
862,Docker,Advanced,2026-03-15
862,B2B Sales,Beginner,2026-03-15
862,Market Analysis,Advanced,2026-03-15
862,Communication,Intermediate,2026-03-15
864,B2B Sales,Intermediate,2026-03-15
864,Docker,Advanced,2026-03-15
864,Communication,Beginner,2026-03-15
864,Negotiation,Intermediate,2026-03-15
865,Deep Learning,Beginner,2026-03-15
865,Machine Learning,Advanced,2026-03-15
865,PowerBI,Intermediate,2026-03-15
865,SQL,Beginner,2026-03-15
865,Python,Intermediate,2026-03-15
865,Docker,Intermediate,2026-03-15
865,Statistics,Beginner,2026-03-15
867,Supply Chain,Intermediate,2026-03-15
867,Lean Manufacturing,Intermediate,2026-03-15
867,Six Sigma,Intermediate,2026-03-15
867,Docker,Advanced,2026-03-15
867,Plant Management,Intermediate,2026-03-15
867,Git,Intermediate,2026-03-15
867,Budgeting,Advanced,2026-03-15
868,Account Management,Beginner,2026-03-15
868,Data Analysis,Beginner,2026-03-15
868,CRM,Advanced,2026-03-15
868,B2B Sales,Advanced,2026-03-15
868,Git,Advanced,2026-03-15
868,Market Analysis,Advanced,2026-03-15
868,Communication,Intermediate,2026-03-15
869,PowerBI,Intermediate,2026-03-15
869,SQL,Intermediate,2026-03-15
869,Python,Advanced,2026-03-15
869,Excel,Intermediate,2026-03-15
869,Git,Beginner,2026-03-15
872,Supply Chain,Intermediate,2026-03-15
872,Lean Manufacturing,Intermediate,2026-03-15
872,Six Sigma,Beginner,2026-03-15
872,Excel,Intermediate,2026-03-15
872,Plant Management,Intermediate,2026-03-15
872,Budgeting,Intermediate,2026-03-15
874,PowerBI,Intermediate,2026-03-15
874,MLOps,Intermediate,2026-03-15
874,SQL,Advanced,2026-03-15
874,Python,Intermediate,2026-03-15
874,Docker,Intermediate,2026-03-15
874,Excel,Intermediate,2026-03-15
874,Git,Intermediate,2026-03-15
875,Deep Learning,Beginner,2026-03-15
875,Machine Learning,Beginner,2026-03-15
875,PowerBI,Intermediate,2026-03-15
875,Python,Intermediate,2026-03-15
875,SQL,Advanced,2026-03-15
875,Docker,Intermediate,2026-03-15
875,Statistics,Intermediate,2026-03-15
875,Data Visualization,Intermediate,2026-03-15
878,Git,Intermediate,2026-03-15
878,Python,Intermediate,2026-03-15
878,Excel,Intermediate,2026-03-15
879,PowerBI,Intermediate,2026-03-15
879,Account Management,Intermediate,2026-03-15
879,SQL,Intermediate,2026-03-15
879,Market Analysis,Beginner,2026-03-15
879,Communication,Intermediate,2026-03-15
880,Lean Manufacturing,Beginner,2026-03-15
880,Data Analysis,Intermediate,2026-03-15
880,Six Sigma,Intermediate,2026-03-15
880,Plant Management,Intermediate,2026-03-15
880,Communication,Beginner,2026-03-15
880,Budgeting,Beginner,2026-03-15
881,Deep Learning,Intermediate,2026-03-15
881,Machine Learning,Intermediate,2026-03-15
881,SQL,Intermediate,2026-03-15
881,Excel,Intermediate,2026-03-15
881,Git,Intermediate,2026-03-15
881,Data Visualization,Advanced,2026-03-15
882,PowerBI,Intermediate,2026-03-15
882,SQL,Advanced,2026-03-15
882,Python,Beginner,2026-03-15
882,Excel,Intermediate,2026-03-15
882,Git,Advanced,2026-03-15
885,Data Analysis,Intermediate,2026-03-15
885,Communication,Intermediate,2026-03-15
885,Account Management,Advanced,2026-03-15
885,Negotiation,Intermediate,2026-03-15
887,Statistics,Advanced,2026-03-15
887,Python,Intermediate,2026-03-15
887,Deep Learning,Advanced,2026-03-15
887,Data Visualization,Beginner,2026-03-15
888,PowerBI,Intermediate,2026-03-15
888,Data Analysis,Intermediate,2026-03-15
888,SQL,Advanced,2026-03-15
888,Python,Advanced,2026-03-15
888,Excel,Advanced,2026-03-15
888,Git,Advanced,2026-03-15
889,Account Management,Advanced,2026-03-15
889,Negotiation,Advanced,2026-03-15
889,Data Analysis,Beginner,2026-03-15
889,CRM,Intermediate,2026-03-15
889,B2B Sales,Intermediate,2026-03-15
893,PowerBI,Beginner,2026-03-15
893,MLOps,Intermediate,2026-03-15
893,Python,Advanced,2026-03-15
893,Excel,Intermediate,2026-03-15
893,Git,Beginner,2026-03-15
894,PowerBI,Beginner,2026-03-15
894,SQL,Advanced,2026-03-15
894,Python,Advanced,2026-03-15
894,Excel,Intermediate,2026-03-15
894,Git,Beginner,2026-03-15
894,Communication,Beginner,2026-03-15
895,Deep Learning,Advanced,2026-03-15
895,Machine Learning,Intermediate,2026-03-15
895,SQL,Intermediate,2026-03-15
895,Python,Beginner,2026-03-15
895,Statistics,Intermediate,2026-03-15
895,Excel,Intermediate,2026-03-15
895,Communication,Intermediate,2026-03-15
895,Data Visualization,Intermediate,2026-03-15
896,PowerBI,Intermediate,2026-03-15
896,Python,Intermediate,2026-03-15
896,Statistics,Beginner,2026-03-15
896,Excel,Intermediate,2026-03-15
896,Git,Intermediate,2026-03-15
897,Account Management,Beginner,2026-03-15
897,Negotiation,Intermediate,2026-03-15
897,Data Analysis,Intermediate,2026-03-15
897,CRM,Intermediate,2026-03-15
897,B2B Sales,Intermediate,2026-03-15
897,Git,Beginner,2026-03-15
897,Market Analysis,Beginner,2026-03-15
897,Communication,Intermediate,2026-03-15
899,Supply Chain,Intermediate,2026-03-15
899,Lean Manufacturing,Intermediate,2026-03-15
899,SQL,Intermediate,2026-03-15
899,Plant Management,Intermediate,2026-03-15
899,Git,Beginner,2026-03-15
900,PowerBI,Beginner,2026-03-15
900,Python,Beginner,2026-03-15
900,SQL,Beginner,2026-03-15
900,Docker,Intermediate,2026-03-15
900,Excel,Beginner,2026-03-15
900,Git,Intermediate,2026-03-15
901,PowerBI,Advanced,2026-03-15
901,SQL,Beginner,2026-03-15
901,Python,Intermediate,2026-03-15
901,Excel,Advanced,2026-03-15
901,Git,Intermediate,2026-03-15
902,PowerBI,Advanced,2026-03-15
902,Data Analysis,Intermediate,2026-03-15
902,SQL,Beginner,2026-03-15
902,Python,Intermediate,2026-03-15
902,Docker,Beginner,2026-03-15
902,Excel,Intermediate,2026-03-15
902,Git,Advanced,2026-03-15
903,Account Management,Intermediate,2026-03-15
903,Negotiation,Beginner,2026-03-15
903,CRM,Intermediate,2026-03-15
903,Docker,Intermediate,2026-03-15
903,B2B Sales,Intermediate,2026-03-15
903,Market Analysis,Intermediate,2026-03-15
903,Communication,Beginner,2026-03-15
904,Account Management,Intermediate,2026-03-15
904,Negotiation,Intermediate,2026-03-15
904,SQL,Intermediate,2026-03-15
904,B2B Sales,Intermediate,2026-03-15
904,Market Analysis,Intermediate,2026-03-15
905,PowerBI,Advanced,2026-03-15
905,Data Analysis,Intermediate,2026-03-15
905,SQL,Advanced,2026-03-15
905,Python,Intermediate,2026-03-15
905,Docker,Intermediate,2026-03-15
909,PowerBI,Beginner,2026-03-15
909,SQL,Beginner,2026-03-15
909,Python,Intermediate,2026-03-15
909,Excel,Intermediate,2026-03-15
909,Git,Intermediate,2026-03-15
910,Git,Intermediate,2026-03-15
910,PowerBI,Intermediate,2026-03-15
910,SQL,Intermediate,2026-03-15
910,Excel,Beginner,2026-03-15
911,PowerBI,Advanced,2026-03-15
911,SQL,Beginner,2026-03-15
911,Python,Intermediate,2026-03-15
911,Statistics,Intermediate,2026-03-15
911,Excel,Beginner,2026-03-15
911,Git,Advanced,2026-03-15
912,PowerBI,Intermediate,2026-03-15
912,Data Analysis,Intermediate,2026-03-15
912,SQL,Beginner,2026-03-15
912,Python,Intermediate,2026-03-15
912,AWS,Intermediate,2026-03-15
912,Excel,Intermediate,2026-03-15
912,Git,Intermediate,2026-03-15
913,Machine Learning,Intermediate,2026-03-15
913,Python,Beginner,2026-03-15
913,Docker,Intermediate,2026-03-15
913,Statistics,Intermediate,2026-03-15
913,Git,Intermediate,2026-03-15
916,Account Management,Intermediate,2026-03-15
916,MLOps,Beginner,2026-03-15
916,Negotiation,Intermediate,2026-03-15
916,CRM,Intermediate,2026-03-15
916,B2B Sales,Intermediate,2026-03-15
916,Market Analysis,Advanced,2026-03-15
916,Communication,Intermediate,2026-03-15
918,PowerBI,Intermediate,2026-03-15
918,SQL,Intermediate,2026-03-15
918,Python,Beginner,2026-03-15
918,Docker,Intermediate,2026-03-15
918,Excel,Intermediate,2026-03-15
918,Git,Beginner,2026-03-15
920,PowerBI,Intermediate,2026-03-15
920,Lean Manufacturing,Intermediate,2026-03-15
920,Data Analysis,Intermediate,2026-03-15
920,Six Sigma,Intermediate,2026-03-15
920,Budgeting,Beginner,2026-03-15
922,Git,Intermediate,2026-03-15
922,Python,Intermediate,2026-03-15
922,SQL,Intermediate,2026-03-15
922,Excel,Intermediate,2026-03-15
923,Deep Learning,Intermediate,2026-03-15
923,Machine Learning,Beginner,2026-03-15
923,SQL,Intermediate,2026-03-15
923,Python,Intermediate,2026-03-15
923,Statistics,Beginner,2026-03-15
923,Git,Advanced,2026-03-15
923,Data Visualization,Beginner,2026-03-15
924,PowerBI,Advanced,2026-03-15
924,Python,Beginner,2026-03-15
924,SQL,Advanced,2026-03-15
924,Excel,Beginner,2026-03-15
924,Git,Intermediate,2026-03-15
925,PowerBI,Advanced,2026-03-15
925,Python,Advanced,2026-03-15
925,SQL,Intermediate,2026-03-15
925,AWS,Beginner,2026-03-15
925,Excel,Advanced,2026-03-15
925,Git,Beginner,2026-03-15
926,Supply Chain,Intermediate,2026-03-15
926,Lean Manufacturing,Intermediate,2026-03-15
926,Six Sigma,Intermediate,2026-03-15
926,Docker,Intermediate,2026-03-15
926,Plant Management,Intermediate,2026-03-15
927,PowerBI,Intermediate,2026-03-15
927,MLOps,Intermediate,2026-03-15
927,SQL,Advanced,2026-03-15
927,Python,Intermediate,2026-03-15
927,Excel,Advanced,2026-03-15
927,Git,Intermediate,2026-03-15
930,Deep Learning,Intermediate,2026-03-15
930,Machine Learning,Advanced,2026-03-15
930,PowerBI,Beginner,2026-03-15
930,SQL,Beginner,2026-03-15
930,Python,Advanced,2026-03-15
930,Data Visualization,Intermediate,2026-03-15
932,Git,Beginner,2026-03-15
932,PowerBI,Advanced,2026-03-15
932,Docker,Intermediate,2026-03-15
932,Excel,Beginner,2026-03-15
933,Deep Learning,Advanced,2026-03-15
933,Machine Learning,Intermediate,2026-03-15
933,PowerBI,Beginner,2026-03-15
933,Python,Advanced,2026-03-15
933,SQL,Intermediate,2026-03-15
933,Data Visualization,Intermediate,2026-03-15
934,Git,Intermediate,2026-03-15
934,SQL,Intermediate,2026-03-15
934,Communication,Advanced,2026-03-15
934,Excel,Beginner,2026-03-15
936,Account Management,Intermediate,2026-03-15
936,Negotiation,Advanced,2026-03-15
936,CRM,Advanced,2026-03-15
936,Git,Intermediate,2026-03-15
936,Market Analysis,Intermediate,2026-03-15
936,Communication,Beginner,2026-03-15
939,MLOps,Beginner,2026-03-15
939,SQL,Intermediate,2026-03-15
939,Deep Learning,Intermediate,2026-03-15
939,Machine Learning,Intermediate,2026-03-15
940,SQL,Advanced,2026-03-15
940,Python,Intermediate,2026-03-15
940,PowerBI,Intermediate,2026-03-15
940,Excel,Intermediate,2026-03-15
941,PowerBI,Intermediate,2026-03-15
941,Python,Beginner,2026-03-15
941,SQL,Advanced,2026-03-15
941,Excel,Intermediate,2026-03-15
941,Git,Advanced,2026-03-15
941,Communication,Advanced,2026-03-15
942,PowerBI,Advanced,2026-03-15
942,SQL,Intermediate,2026-03-15
942,Python,Intermediate,2026-03-15
942,Excel,Intermediate,2026-03-15
942,Git,Intermediate,2026-03-15
944,SQL,Intermediate,2026-03-15
944,PowerBI,Beginner,2026-03-15
944,Excel,Beginner,2026-03-15
945,Deep Learning,Intermediate,2026-03-15
945,Machine Learning,Intermediate,2026-03-15
945,SQL,Advanced,2026-03-15
945,Python,Intermediate,2026-03-15
945,AWS,Intermediate,2026-03-15
945,Data Visualization,Intermediate,2026-03-15
947,Account Management,Intermediate,2026-03-15
947,MLOps,Intermediate,2026-03-15
947,Negotiation,Beginner,2026-03-15
947,CRM,Intermediate,2026-03-15
947,Excel,Beginner,2026-03-15
947,Market Analysis,Intermediate,2026-03-15
947,Communication,Intermediate,2026-03-15
949,Deep Learning,Intermediate,2026-03-15
949,Machine Learning,Advanced,2026-03-15
949,SQL,Beginner,2026-03-15
949,Python,Intermediate,2026-03-15
949,Statistics,Intermediate,2026-03-15
949,AWS,Intermediate,2026-03-15
949,Data Visualization,Advanced,2026-03-15
950,Data Analysis,Beginner,2026-03-15
950,PowerBI,Intermediate,2026-03-15
950,Python,Advanced,2026-03-15
950,SQL,Intermediate,2026-03-15
951,Git,Intermediate,2026-03-15
951,Python,Intermediate,2026-03-15
951,Excel,Intermediate,2026-03-15
952,Git,Beginner,2026-03-15
952,Python,Intermediate,2026-03-15
952,SQL,Beginner,2026-03-15
954,SQL,Advanced,2026-03-15
954,CRM,Intermediate,2026-03-15
954,B2B Sales,Intermediate,2026-03-15
954,Git,Advanced,2026-03-15
954,Market Analysis,Intermediate,2026-03-15
954,Communication,Beginner,2026-03-15
956,MLOps,Beginner,2026-03-15
956,Account Management,Advanced,2026-03-15
956,Python,Intermediate,2026-03-15
956,CRM,Beginner,2026-03-15
956,Communication,Beginner,2026-03-15
957,Git,Intermediate,2026-03-15
957,Python,Beginner,2026-03-15
957,Excel,Advanced,2026-03-15
958,Git,Beginner,2026-03-15
958,Python,Intermediate,2026-03-15
958,PowerBI,Intermediate,2026-03-15
958,Excel,Intermediate,2026-03-15
959,PowerBI,Intermediate,2026-03-15
959,Docker,Intermediate,2026-03-15
959,Excel,Beginner,2026-03-15
959,Git,Intermediate,2026-03-15
959,Communication,Intermediate,2026-03-15
960,Data Analysis,Beginner,2026-03-15
960,Git,Advanced,2026-03-15
960,PowerBI,Intermediate,2026-03-15
960,Excel,Intermediate,2026-03-15
961,PowerBI,Beginner,2026-03-15
961,Python,Intermediate,2026-03-15
961,SQL,Advanced,2026-03-15
961,Excel,Intermediate,2026-03-15
961,Git,Advanced,2026-03-15
964,Machine Learning,Intermediate,2026-03-15
964,Python,Advanced,2026-03-15
964,SQL,Intermediate,2026-03-15
964,AWS,Beginner,2026-03-15
964,Data Visualization,Intermediate,2026-03-15
966,Plant Management,Beginner,2026-03-15
966,Lean Manufacturing,Intermediate,2026-03-15
966,Supply Chain,Intermediate,2026-03-15
966,AWS,Advanced,2026-03-15
967,Account Management,Intermediate,2026-03-15
967,Negotiation,Intermediate,2026-03-15
967,Data Analysis,Advanced,2026-03-15
967,CRM,Intermediate,2026-03-15
967,AWS,Intermediate,2026-03-15
967,B2B Sales,Intermediate,2026-03-15
967,Market Analysis,Advanced,2026-03-15
967,Communication,Intermediate,2026-03-15
969,PowerBI,Advanced,2026-03-15
969,SQL,Intermediate,2026-03-15
969,Python,Intermediate,2026-03-15
969,Excel,Advanced,2026-03-15
969,Git,Advanced,2026-03-15
970,Account Management,Intermediate,2026-03-15
970,Negotiation,Intermediate,2026-03-15
970,B2B Sales,Intermediate,2026-03-15
970,Git,Advanced,2026-03-15
970,Market Analysis,Intermediate,2026-03-15
970,Communication,Advanced,2026-03-15
972,Git,Advanced,2026-03-15
972,SQL,Intermediate,2026-03-15
972,Excel,Intermediate,2026-03-15
974,PowerBI,Intermediate,2026-03-15
974,MLOps,Intermediate,2026-03-15
974,SQL,Advanced,2026-03-15
974,Python,Intermediate,2026-03-15
974,Excel,Intermediate,2026-03-15
974,Git,Intermediate,2026-03-15
975,PowerBI,Intermediate,2026-03-15
975,Account Management,Intermediate,2026-03-15
975,Negotiation,Intermediate,2026-03-15
975,CRM,Advanced,2026-03-15
975,B2B Sales,Intermediate,2026-03-15
975,Communication,Advanced,2026-03-15
976,PowerBI,Intermediate,2026-03-15
976,Python,Intermediate,2026-03-15
976,SQL,Beginner,2026-03-15
976,Excel,Intermediate,2026-03-15
976,Git,Advanced,2026-03-15
977,Deep Learning,Intermediate,2026-03-15
977,SQL,Advanced,2026-03-15
977,Python,Intermediate,2026-03-15
977,Statistics,Beginner,2026-03-15
977,Data Visualization,Intermediate,2026-03-15
981,Python,Intermediate,2026-03-15
981,SQL,Beginner,2026-03-15
981,Statistics,Intermediate,2026-03-15
981,Excel,Advanced,2026-03-15
981,Git,Intermediate,2026-03-15
982,Account Management,Intermediate,2026-03-15
982,Negotiation,Beginner,2026-03-15
982,CRM,Advanced,2026-03-15
982,Statistics,Intermediate,2026-03-15
982,Excel,Intermediate,2026-03-15
982,B2B Sales,Advanced,2026-03-15
982,Communication,Beginner,2026-03-15
983,PowerBI,Beginner,2026-03-15
983,Account Management,Intermediate,2026-03-15
983,Negotiation,Intermediate,2026-03-15
983,CRM,Intermediate,2026-03-15
983,B2B Sales,Beginner,2026-03-15
983,Market Analysis,Beginner,2026-03-15
983,Communication,Advanced,2026-03-15
984,Account Management,Beginner,2026-03-15
984,Negotiation,Beginner,2026-03-15
984,CRM,Beginner,2026-03-15
984,Statistics,Beginner,2026-03-15
984,B2B Sales,Intermediate,2026-03-15
984,Market Analysis,Intermediate,2026-03-15
984,Communication,Beginner,2026-03-15
985,MLOps,Intermediate,2026-03-15
985,Negotiation,Advanced,2026-03-15
985,CRM,Beginner,2026-03-15
985,B2B Sales,Intermediate,2026-03-15
985,Git,Advanced,2026-03-15
985,Market Analysis,Intermediate,2026-03-15
985,Communication,Intermediate,2026-03-15
986,Negotiation,Beginner,2026-03-15
986,SQL,Intermediate,2026-03-15
986,CRM,Intermediate,2026-03-15
986,Docker,Advanced,2026-03-15
986,B2B Sales,Beginner,2026-03-15
986,Communication,Intermediate,2026-03-15
987,Supply Chain,Beginner,2026-03-15
987,Lean Manufacturing,Beginner,2026-03-15
987,Python,Advanced,2026-03-15
987,Plant Management,Beginner,2026-03-15
987,Git,Intermediate,2026-03-15
987,Budgeting,Intermediate,2026-03-15
990,Account Management,Intermediate,2026-03-15
990,MLOps,Intermediate,2026-03-15
990,Negotiation,Intermediate,2026-03-15
990,CRM,Advanced,2026-03-15
990,Statistics,Advanced,2026-03-15
990,B2B Sales,Intermediate,2026-03-15
990,Market Analysis,Advanced,2026-03-15
990,Communication,Intermediate,2026-03-15
991,PowerBI,Intermediate,2026-03-15
991,Machine Learning,Intermediate,2026-03-15
991,Python,Intermediate,2026-03-15
991,Docker,Intermediate,2026-03-15
991,Statistics,Intermediate,2026-03-15
992,SQL,Advanced,2026-03-15
992,Python,Advanced,2026-03-15
992,AWS,Beginner,2026-03-15
992,Excel,Beginner,2026-03-15
992,Git,Intermediate,2026-03-15
992,Communication,Intermediate,2026-03-15
994,Git,Intermediate,2026-03-15
994,Deep Learning,Beginner,2026-03-15
994,Machine Learning,Advanced,2026-03-15
994,Data Visualization,Beginner,2026-03-15
995,Deep Learning,Intermediate,2026-03-15
995,Machine Learning,Intermediate,2026-03-15
995,PowerBI,Advanced,2026-03-15
995,Python,Intermediate,2026-03-15
995,SQL,Intermediate,2026-03-15
995,Statistics,Intermediate,2026-03-15
995,Data Visualization,Advanced,2026-03-15
996,PowerBI,Intermediate,2026-03-15
996,SQL,Intermediate,2026-03-15
996,Python,Advanced,2026-03-15
996,Statistics,Beginner,2026-03-15
996,Excel,Intermediate,2026-03-15
996,Git,Intermediate,2026-03-15
997,PowerBI,Intermediate,2026-03-15
997,SQL,Beginner,2026-03-15
997,Python,Beginner,2026-03-15
997,Excel,Advanced,2026-03-15
997,Git,Beginner,2026-03-15
998,SQL,Advanced,2026-03-15
998,Git,Intermediate,2026-03-15
998,Python,Advanced,2026-03-15
998,Excel,Advanced,2026-03-15
999,Data Analysis,Beginner,2026-03-15
999,SQL,Beginner,2026-03-15
999,Python,Beginner,2026-03-15
999,Excel,Beginner,2026-03-15
999,Git,Intermediate,2026-03-15
1001,Python,Beginner,2026-03-15
1001,PowerBI,Intermediate,2026-03-15
1001,SQL,Beginner,2026-03-15
1001,Excel,Intermediate,2026-03-15
1002,SQL,Intermediate,2026-03-15
1002,Git,Beginner,2026-03-15
1002,PowerBI,Intermediate,2026-03-15
1002,Data Analysis,Advanced,2026-03-15
1003,Account Management,Intermediate,2026-03-15
1003,Negotiation,Intermediate,2026-03-15
1003,CRM,Intermediate,2026-03-15
1003,AWS,Beginner,2026-03-15
1003,B2B Sales,Intermediate,2026-03-15
1003,Market Analysis,Advanced,2026-03-15
1003,Communication,Intermediate,2026-03-15
1004,Machine Learning,Beginner,2026-03-15
1004,SQL,Beginner,2026-03-15
1004,Python,Beginner,2026-03-15
1004,Statistics,Intermediate,2026-03-15
1004,Data Visualization,Intermediate,2026-03-15
1005,Supply Chain,Advanced,2026-03-15
1005,MLOps,Beginner,2026-03-15
1005,Lean Manufacturing,Beginner,2026-03-15
1005,Python,Intermediate,2026-03-15
1005,Six Sigma,Advanced,2026-03-15
1005,Budgeting,Intermediate,2026-03-15
1006,Deep Learning,Intermediate,2026-03-15
1006,Machine Learning,Intermediate,2026-03-15
1006,SQL,Intermediate,2026-03-15
1006,Python,Intermediate,2026-03-15
1006,Statistics,Intermediate,2026-03-15
1006,AWS,Beginner,2026-03-15
1007,Supply Chain,Intermediate,2026-03-15
1007,Python,Advanced,2026-03-15
1007,Six Sigma,Intermediate,2026-03-15
1007,AWS,Intermediate,2026-03-15
1007,Plant Management,Intermediate,2026-03-15
1007,Budgeting,Advanced,2026-03-15
1009,Supply Chain,Advanced,2026-03-15
1009,Lean Manufacturing,Advanced,2026-03-15
1009,Data Analysis,Intermediate,2026-03-15
1009,Docker,Intermediate,2026-03-15
1009,Plant Management,Advanced,2026-03-15
1009,Budgeting,Intermediate,2026-03-15
1010,Python,Intermediate,2026-03-15
1010,PowerBI,Intermediate,2026-03-15
1010,SQL,Beginner,2026-03-15
1010,Excel,Beginner,2026-03-15
1011,Python,Intermediate,2026-03-15
1011,Supply Chain,Beginner,2026-03-15
1011,Six Sigma,Intermediate,2026-03-15
1011,Budgeting,Advanced,2026-03-15
1012,Deep Learning,Beginner,2026-03-15
1012,Machine Learning,Intermediate,2026-03-15
1012,SQL,Beginner,2026-03-15
1012,Python,Intermediate,2026-03-15
1012,Docker,Intermediate,2026-03-15
1012,Statistics,Intermediate,2026-03-15
1012,Data Visualization,Beginner,2026-03-15
1013,Supply Chain,Intermediate,2026-03-15
1013,Lean Manufacturing,Beginner,2026-03-15
1013,Six Sigma,Intermediate,2026-03-15
1013,Docker,Intermediate,2026-03-15
1013,Git,Beginner,2026-03-15
1013,Budgeting,Intermediate,2026-03-15
1014,PowerBI,Advanced,2026-03-15
1014,Python,Beginner,2026-03-15
1014,SQL,Beginner,2026-03-15
1014,Excel,Intermediate,2026-03-15
1014,Communication,Advanced,2026-03-15
1015,PowerBI,Intermediate,2026-03-15
1015,Python,Intermediate,2026-03-15
1015,Docker,Intermediate,2026-03-15
1015,Statistics,Intermediate,2026-03-15
1015,Excel,Beginner,2026-03-15
1016,Deep Learning,Intermediate,2026-03-15
1016,Python,Beginner,2026-03-15
1016,SQL,Beginner,2026-03-15
1016,Docker,Intermediate,2026-03-15
1016,Statistics,Intermediate,2026-03-15
1017,SQL,Intermediate,2026-03-15
1017,Python,Intermediate,2026-03-15
1017,MLOps,Beginner,2026-03-15
1017,Excel,Advanced,2026-03-15
1018,Supply Chain,Intermediate,2026-03-15
1018,MLOps,Advanced,2026-03-15
1018,Lean Manufacturing,Intermediate,2026-03-15
1018,Six Sigma,Advanced,2026-03-15
1018,Docker,Advanced,2026-03-15
1018,Plant Management,Intermediate,2026-03-15
1018,Budgeting,Advanced,2026-03-15
1019,Git,Beginner,2026-03-15
1019,Python,Intermediate,2026-03-15
1019,PowerBI,Intermediate,2026-03-15
1019,Excel,Intermediate,2026-03-15
1022,PowerBI,Intermediate,2026-03-15
1022,MLOps,Beginner,2026-03-15
1022,SQL,Intermediate,2026-03-15
1022,Python,Intermediate,2026-03-15
1022,Git,Advanced,2026-03-15
1024,PowerBI,Intermediate,2026-03-15
1024,MLOps,Intermediate,2026-03-15
1024,SQL,Advanced,2026-03-15
1024,Python,Intermediate,2026-03-15
1024,Git,Intermediate,2026-03-15
1025,Supply Chain,Beginner,2026-03-15
1025,Lean Manufacturing,Beginner,2026-03-15
1025,Python,Intermediate,2026-03-15
1025,Plant Management,Intermediate,2026-03-15
1025,Git,Intermediate,2026-03-15
1025,Budgeting,Intermediate,2026-03-15
1026,Supply Chain,Intermediate,2026-03-15
1026,Lean Manufacturing,Intermediate,2026-03-15
1026,Python,Beginner,2026-03-15
1026,Six Sigma,Intermediate,2026-03-15
1026,Plant Management,Intermediate,2026-03-15
1026,Budgeting,Intermediate,2026-03-15
1027,Supply Chain,Intermediate,2026-03-15
1027,Lean Manufacturing,Intermediate,2026-03-15
1027,Six Sigma,Intermediate,2026-03-15
1027,Plant Management,Advanced,2026-03-15
1027,Git,Intermediate,2026-03-15
1027,Budgeting,Intermediate,2026-03-15
1028,PowerBI,Advanced,2026-03-15
1028,SQL,Intermediate,2026-03-15
1028,Python,Advanced,2026-03-15
1028,AWS,Advanced,2026-03-15
1028,Excel,Intermediate,2026-03-15
1028,Git,Advanced,2026-03-15
1029,PowerBI,Intermediate,2026-03-15
1029,Data Analysis,Intermediate,2026-03-15
1029,SQL,Beginner,2026-03-15
1029,Docker,Intermediate,2026-03-15
1029,Excel,Intermediate,2026-03-15
1029,Git,Beginner,2026-03-15
1030,PowerBI,Intermediate,2026-03-15
1030,Data Analysis,Beginner,2026-03-15
1030,SQL,Intermediate,2026-03-15
1030,Python,Intermediate,2026-03-15
1030,Excel,Intermediate,2026-03-15
1030,Git,Beginner,2026-03-15
1032,Supply Chain,Intermediate,2026-03-15
1032,Lean Manufacturing,Intermediate,2026-03-15
1032,Data Analysis,Intermediate,2026-03-15
1032,SQL,Beginner,2026-03-15
1032,Six Sigma,Beginner,2026-03-15
1032,Plant Management,Intermediate,2026-03-15
1032,Budgeting,Beginner,2026-03-15
1033,PowerBI,Intermediate,2026-03-15
1033,Data Analysis,Intermediate,2026-03-15
1033,AWS,Advanced,2026-03-15
1033,Excel,Beginner,2026-03-15
1033,Git,Intermediate,2026-03-15
1034,Git,Advanced,2026-03-15
1034,Python,Advanced,2026-03-15
1034,PowerBI,Intermediate,2026-03-15
1034,MLOps,Advanced,2026-03-15
1035,PowerBI,Advanced,2026-03-15
1035,Data Analysis,Beginner,2026-03-15
1035,SQL,Intermediate,2026-03-15
1035,Excel,Intermediate,2026-03-15
1035,Git,Intermediate,2026-03-15
1036,Account Management,Intermediate,2026-03-15
1036,Negotiation,Intermediate,2026-03-15
1036,CRM,Intermediate,2026-03-15
1036,B2B Sales,Intermediate,2026-03-15
1036,Market Analysis,Advanced,2026-03-15
1036,Communication,Intermediate,2026-03-15
1037,B2B Sales,Intermediate,2026-03-15
1037,Git,Beginner,2026-03-15
1037,Market Analysis,Intermediate,2026-03-15
1037,Negotiation,Intermediate,2026-03-15
1038,PowerBI,Intermediate,2026-03-15
1038,Data Analysis,Intermediate,2026-03-15
1038,Python,Beginner,2026-03-15
1038,SQL,Advanced,2026-03-15
1038,Excel,Beginner,2026-03-15
1038,Git,Intermediate,2026-03-15
1039,PowerBI,Intermediate,2026-03-15
1039,Account Management,Beginner,2026-03-15
1039,Negotiation,Intermediate,2026-03-15
1039,SQL,Intermediate,2026-03-15
1039,CRM,Intermediate,2026-03-15
1039,B2B Sales,Advanced,2026-03-15
1039,Market Analysis,Intermediate,2026-03-15
1039,Communication,Advanced,2026-03-15
1040,Account Management,Beginner,2026-03-15
1040,MLOps,Advanced,2026-03-15
1040,Negotiation,Advanced,2026-03-15
1040,CRM,Beginner,2026-03-15
1040,Market Analysis,Beginner,2026-03-15
1040,Communication,Advanced,2026-03-15
1042,SQL,Intermediate,2026-03-15
1042,Git,Beginner,2026-03-15
1042,Python,Beginner,2026-03-15
1042,PowerBI,Intermediate,2026-03-15
1043,Six Sigma,Advanced,2026-03-15
1043,Plant Management,Beginner,2026-03-15
1043,Git,Intermediate,2026-03-15
1043,Communication,Intermediate,2026-03-15
1043,Budgeting,Intermediate,2026-03-15
1044,PowerBI,Intermediate,2026-03-15
1044,MLOps,Intermediate,2026-03-15
1044,SQL,Beginner,2026-03-15
1044,Python,Intermediate,2026-03-15
1044,Excel,Beginner,2026-03-15
1044,Git,Beginner,2026-03-15
1045,PowerBI,Intermediate,2026-03-15
1045,SQL,Beginner,2026-03-15
1045,Python,Beginner,2026-03-15
1045,Excel,Beginner,2026-03-15
1045,Git,Beginner,2026-03-15
1046,PowerBI,Intermediate,2026-03-15
1046,SQL,Intermediate,2026-03-15
1046,Docker,Intermediate,2026-03-15
1046,Excel,Advanced,2026-03-15
1046,Git,Beginner,2026-03-15
1047,Account Management,Intermediate,2026-03-15
1047,Negotiation,Intermediate,2026-03-15
1047,Data Analysis,Intermediate,2026-03-15
1047,CRM,Intermediate,2026-03-15
1047,B2B Sales,Intermediate,2026-03-15
1047,Market Analysis,Intermediate,2026-03-15
1047,Communication,Intermediate,2026-03-15
1048,PowerBI,Advanced,2026-03-15
1048,SQL,Intermediate,2026-03-15
1048,Python,Beginner,2026-03-15
1048,Statistics,Advanced,2026-03-15
1048,Excel,Advanced,2026-03-15
1048,Git,Advanced,2026-03-15
1048,Communication,Intermediate,2026-03-15
1049,Python,Advanced,2026-03-15
1049,SQL,Beginner,2026-03-15
1049,AWS,Intermediate,2026-03-15
1049,Excel,Beginner,2026-03-15
1050,Negotiation,Beginner,2026-03-15
1050,CRM,Intermediate,2026-03-15
1050,AWS,Intermediate,2026-03-15
1050,B2B Sales,Beginner,2026-03-15
1050,Communication,Beginner,2026-03-15
1052,PowerBI,Intermediate,2026-03-15
1052,Data Analysis,Intermediate,2026-03-15
1052,SQL,Advanced,2026-03-15
1052,Python,Intermediate,2026-03-15
1052,Git,Intermediate,2026-03-15
1053,SQL,Beginner,2026-03-15
1053,Deep Learning,Intermediate,2026-03-15
1053,Statistics,Intermediate,2026-03-15
1053,Excel,Intermediate,2026-03-15
1055,PowerBI,Advanced,2026-03-15
1055,Python,Intermediate,2026-03-15
1055,AWS,Intermediate,2026-03-15
1055,Excel,Advanced,2026-03-15
1055,Git,Intermediate,2026-03-15
1056,SQL,Intermediate,2026-03-15
1056,PowerBI,Advanced,2026-03-15
1056,AWS,Intermediate,2026-03-15
1056,Excel,Intermediate,2026-03-15
1060,Deep Learning,Intermediate,2026-03-15
1060,Machine Learning,Intermediate,2026-03-15
1060,MLOps,Intermediate,2026-03-15
1060,SQL,Intermediate,2026-03-15
1060,Python,Beginner,2026-03-15
1060,Statistics,Intermediate,2026-03-15
1061,PowerBI,Intermediate,2026-03-15
1061,Python,Intermediate,2026-03-15
1061,Docker,Intermediate,2026-03-15
1061,Excel,Intermediate,2026-03-15
1061,Git,Beginner,2026-03-15
1062,Python,Beginner,2026-03-15
1062,PowerBI,Intermediate,2026-03-15
1062,Docker,Intermediate,2026-03-15
1062,Excel,Intermediate,2026-03-15
1066,CRM,Intermediate,2026-03-15
1066,Excel,Advanced,2026-03-15
1066,B2B Sales,Intermediate,2026-03-15
1066,Market Analysis,Advanced,2026-03-15
1066,Communication,Advanced,2026-03-15
1068,Deep Learning,Intermediate,2026-03-15
1068,Machine Learning,Intermediate,2026-03-15
1068,Data Analysis,Intermediate,2026-03-15
1068,SQL,Beginner,2026-03-15
1068,Python,Beginner,2026-03-15
1068,Statistics,Intermediate,2026-03-15
1069,PowerBI,Beginner,2026-03-15
1069,SQL,Advanced,2026-03-15
1069,Python,Intermediate,2026-03-15
1069,Excel,Intermediate,2026-03-15
1069,Git,Intermediate,2026-03-15
1070,Negotiation,Intermediate,2026-03-15
1070,CRM,Advanced,2026-03-15
1070,AWS,Beginner,2026-03-15
1070,Statistics,Intermediate,2026-03-15
1070,B2B Sales,Intermediate,2026-03-15
1070,Market Analysis,Intermediate,2026-03-15
1070,Communication,Intermediate,2026-03-15
1071,Deep Learning,Beginner,2026-03-15
1071,Machine Learning,Intermediate,2026-03-15
1071,Python,Intermediate,2026-03-15
1071,Statistics,Intermediate,2026-03-15
1071,Data Visualization,Intermediate,2026-03-15
1073,Supply Chain,Intermediate,2026-03-15
1073,PowerBI,Intermediate,2026-03-15
1073,Lean Manufacturing,Beginner,2026-03-15
1073,Six Sigma,Intermediate,2026-03-15
1073,Plant Management,Intermediate,2026-03-15
1073,Budgeting,Intermediate,2026-03-15
1074,PowerBI,Intermediate,2026-03-15
1074,Python,Advanced,2026-03-15
1074,Excel,Intermediate,2026-03-15
1076,Account Management,Intermediate,2026-03-15
1076,Negotiation,Intermediate,2026-03-15
1076,CRM,Intermediate,2026-03-15
1076,B2B Sales,Beginner,2026-03-15
1076,Market Analysis,Beginner,2026-03-15
1076,Communication,Intermediate,2026-03-15
1077,PowerBI,Intermediate,2026-03-15
1077,SQL,Advanced,2026-03-15
1077,Python,Intermediate,2026-03-15
1077,Excel,Intermediate,2026-03-15
1077,Git,Beginner,2026-03-15
1077,Communication,Beginner,2026-03-15
1079,PowerBI,Intermediate,2026-03-15
1079,Excel,Beginner,2026-03-15
1079,Python,Intermediate,2026-03-15
1079,Statistics,Intermediate,2026-03-15
1079,AWS,Advanced,2026-03-15
1080,Deep Learning,Intermediate,2026-03-15
1080,Machine Learning,Advanced,2026-03-15
1080,Docker,Intermediate,2026-03-15
1080,Communication,Intermediate,2026-03-15
1080,Data Visualization,Beginner,2026-03-15
1081,Deep Learning,Intermediate,2026-03-15
1081,Machine Learning,Beginner,2026-03-15
1081,Python,Advanced,2026-03-15
1081,Docker,Intermediate,2026-03-15
1081,Statistics,Intermediate,2026-03-15
1081,Data Visualization,Beginner,2026-03-15
1082,SQL,Beginner,2026-03-15
1082,Git,Intermediate,2026-03-15
1082,Python,Intermediate,2026-03-15
1082,Excel,Intermediate,2026-03-15
1083,PowerBI,Beginner,2026-03-15
1083,Python,Advanced,2026-03-15
1083,Docker,Advanced,2026-03-15
1083,AWS,Intermediate,2026-03-15
1083,Git,Advanced,2026-03-15
1084,PowerBI,Intermediate,2026-03-15
1084,Lean Manufacturing,Intermediate,2026-03-15
1084,Plant Management,Advanced,2026-03-15
1084,Git,Beginner,2026-03-15
1084,Budgeting,Beginner,2026-03-15
1085,Deep Learning,Advanced,2026-03-15
1085,Machine Learning,Advanced,2026-03-15
1085,SQL,Advanced,2026-03-15
1085,Python,Intermediate,2026-03-15
1085,Statistics,Intermediate,2026-03-15
1088,MLOps,Intermediate,2026-03-15
1088,SQL,Intermediate,2026-03-15
1088,Python,Intermediate,2026-03-15
1088,Excel,Intermediate,2026-03-15
1088,Git,Advanced,2026-03-15
1092,PowerBI,Intermediate,2026-03-15
1092,SQL,Intermediate,2026-03-15
1092,Python,Beginner,2026-03-15
1092,Statistics,Beginner,2026-03-15
1092,Excel,Beginner,2026-03-15
1092,Git,Intermediate,2026-03-15
1094,PowerBI,Intermediate,2026-03-15
1094,Python,Intermediate,2026-03-15
1094,SQL,Beginner,2026-03-15
1094,Docker,Intermediate,2026-03-15
1094,Excel,Intermediate,2026-03-15
1096,Lean Manufacturing,Intermediate,2026-03-15
1096,Supply Chain,Advanced,2026-03-15
1096,Budgeting,Beginner,2026-03-15
1096,Excel,Intermediate,2026-03-15
1097,Deep Learning,Intermediate,2026-03-15
1097,Machine Learning,Intermediate,2026-03-15
1097,Python,Beginner,2026-03-15
1097,Docker,Intermediate,2026-03-15
1097,Statistics,Advanced,2026-03-15
1097,Communication,Advanced,2026-03-15
1097,Data Visualization,Intermediate,2026-03-15
1098,PowerBI,Intermediate,2026-03-15
1098,Python,Beginner,2026-03-15
1098,Excel,Intermediate,2026-03-15
1099,PowerBI,Intermediate,2026-03-15
1099,SQL,Beginner,2026-03-15
1099,Python,Intermediate,2026-03-15
1099,Excel,Advanced,2026-03-15
1099,Git,Intermediate,2026-03-15
1099,Communication,Intermediate,2026-03-15
1100,B2B Sales,Beginner,2026-03-15
1100,Market Analysis,Intermediate,2026-03-15
1100,Account Management,Intermediate,2026-03-15
1100,MLOps,Intermediate,2026-03-15
1101,Deep Learning,Intermediate,2026-03-15
1101,Machine Learning,Intermediate,2026-03-15
1101,SQL,Beginner,2026-03-15
1101,Statistics,Beginner,2026-03-15
1101,Excel,Intermediate,2026-03-15
1101,Communication,Intermediate,2026-03-15
1101,Data Visualization,Advanced,2026-03-15
1102,PowerBI,Advanced,2026-03-15
1102,SQL,Advanced,2026-03-15
1102,Python,Beginner,2026-03-15
1102,Docker,Advanced,2026-03-15
1102,Git,Intermediate,2026-03-15
1103,PowerBI,Intermediate,2026-03-15
1103,Python,Intermediate,2026-03-15
1103,SQL,Beginner,2026-03-15
1103,Excel,Advanced,2026-03-15
1103,Git,Intermediate,2026-03-15
1105,Account Management,Intermediate,2026-03-15
1105,MLOps,Intermediate,2026-03-15
1105,Negotiation,Advanced,2026-03-15
1105,CRM,Intermediate,2026-03-15
1105,B2B Sales,Intermediate,2026-03-15
1105,Market Analysis,Beginner,2026-03-15
1105,Communication,Intermediate,2026-03-15
1106,PowerBI,Intermediate,2026-03-15
1106,SQL,Intermediate,2026-03-15
1106,Python,Beginner,2026-03-15
1106,Statistics,Advanced,2026-03-15
1106,Excel,Beginner,2026-03-15
1106,Git,Intermediate,2026-03-15
1107,Python,Beginner,2026-03-15
1107,SQL,Beginner,2026-03-15
1107,Excel,Intermediate,2026-03-15
1107,Git,Beginner,2026-03-15
1107,Communication,Intermediate,2026-03-15
1108,Deep Learning,Beginner,2026-03-15
1108,Machine Learning,Intermediate,2026-03-15
1108,Python,Beginner,2026-03-15
1108,Excel,Intermediate,2026-03-15
1108,Data Visualization,Beginner,2026-03-15
1109,SQL,Advanced,2026-03-15
1109,Git,Beginner,2026-03-15
1109,Python,Advanced,2026-03-15
1109,PowerBI,Advanced,2026-03-15
1111,SQL,Beginner,2026-03-15
1111,PowerBI,Intermediate,2026-03-15
1111,Python,Advanced,2026-03-15
1111,Communication,Advanced,2026-03-15
1113,Account Management,Advanced,2026-03-15
1113,Negotiation,Intermediate,2026-03-15
1113,Data Analysis,Intermediate,2026-03-15
1113,SQL,Intermediate,2026-03-15
1113,B2B Sales,Beginner,2026-03-15
1113,Market Analysis,Intermediate,2026-03-15
1113,Communication,Intermediate,2026-03-15
1114,Account Management,Intermediate,2026-03-15
1114,Negotiation,Intermediate,2026-03-15
1114,SQL,Intermediate,2026-03-15
1114,B2B Sales,Intermediate,2026-03-15
1114,Git,Advanced,2026-03-15
1114,Market Analysis,Intermediate,2026-03-15
1115,Deep Learning,Intermediate,2026-03-15
1115,Machine Learning,Intermediate,2026-03-15
1115,Python,Intermediate,2026-03-15
1115,SQL,Beginner,2026-03-15
1115,Statistics,Intermediate,2026-03-15
1115,Data Visualization,Intermediate,2026-03-15
1116,PowerBI,Intermediate,2026-03-15
1116,SQL,Advanced,2026-03-15
1116,Python,Beginner,2026-03-15
1116,AWS,Intermediate,2026-03-15
1116,Excel,Advanced,2026-03-15
1116,Git,Intermediate,2026-03-15
1117,Account Management,Beginner,2026-03-15
1117,MLOps,Intermediate,2026-03-15
1117,Negotiation,Intermediate,2026-03-15
1117,Python,Intermediate,2026-03-15
1117,B2B Sales,Intermediate,2026-03-15
1117,Market Analysis,Advanced,2026-03-15
1117,Communication,Advanced,2026-03-15
1118,PowerBI,Beginner,2026-03-15
1118,Data Analysis,Intermediate,2026-03-15
1118,SQL,Intermediate,2026-03-15
1118,Python,Intermediate,2026-03-15
1118,Git,Intermediate,2026-03-15
1119,Account Management,Intermediate,2026-03-15
1119,CRM,Advanced,2026-03-15
1119,Docker,Beginner,2026-03-15
1119,B2B Sales,Intermediate,2026-03-15
1119,Market Analysis,Beginner,2026-03-15
1119,Communication,Beginner,2026-03-15
1120,Deep Learning,Intermediate,2026-03-15
1120,Machine Learning,Intermediate,2026-03-15
1120,SQL,Advanced,2026-03-15
1120,Python,Advanced,2026-03-15
1120,Statistics,Beginner,2026-03-15
1120,Excel,Advanced,2026-03-15
1120,Data Visualization,Beginner,2026-03-15
1121,PowerBI,Beginner,2026-03-15
1121,Supply Chain,Beginner,2026-03-15
1121,Data Analysis,Intermediate,2026-03-15
1121,Six Sigma,Beginner,2026-03-15
1121,Budgeting,Beginner,2026-03-15
1124,PowerBI,Beginner,2026-03-15
1124,MLOps,Intermediate,2026-03-15
1124,Python,Beginner,2026-03-15
1124,Excel,Intermediate,2026-03-15
1124,Git,Intermediate,2026-03-15
1125,Account Management,Intermediate,2026-03-15
1125,CRM,Intermediate,2026-03-15
1125,Statistics,Advanced,2026-03-15
1125,B2B Sales,Advanced,2026-03-15
1125,Git,Intermediate,2026-03-15
1125,Market Analysis,Beginner,2026-03-15
1126,Plant Management,Intermediate,2026-03-15
1126,Supply Chain,Advanced,2026-03-15
1126,MLOps,Beginner,2026-03-15
1126,Budgeting,Intermediate,2026-03-15
1127,PowerBI,Beginner,2026-03-15
1127,MLOps,Advanced,2026-03-15
1127,SQL,Intermediate,2026-03-15
1127,Python,Beginner,2026-03-15
1127,Statistics,Beginner,2026-03-15
1127,Excel,Advanced,2026-03-15
1127,Git,Beginner,2026-03-15
1128,Git,Intermediate,2026-03-15
1128,Python,Intermediate,2026-03-15
1128,PowerBI,Intermediate,2026-03-15
1128,Excel,Intermediate,2026-03-15
1131,Python,Advanced,2026-03-15
1131,SQL,Beginner,2026-03-15
1131,Statistics,Beginner,2026-03-15
1131,Excel,Beginner,2026-03-15
1131,Communication,Intermediate,2026-03-15
1131,Data Visualization,Intermediate,2026-03-15
1132,MLOps,Advanced,2026-03-15
1132,SQL,Beginner,2026-03-15
1132,Python,Advanced,2026-03-15
1132,Statistics,Beginner,2026-03-15
1132,Git,Beginner,2026-03-15
1133,Supply Chain,Intermediate,2026-03-15
1133,Lean Manufacturing,Intermediate,2026-03-15
1133,Data Analysis,Advanced,2026-03-15
1133,Python,Beginner,2026-03-15
1133,Six Sigma,Intermediate,2026-03-15
1133,Plant Management,Advanced,2026-03-15
1133,Budgeting,Advanced,2026-03-15
1135,PowerBI,Intermediate,2026-03-15
1135,Python,Beginner,2026-03-15
1135,SQL,Intermediate,2026-03-15
1135,Excel,Intermediate,2026-03-15
1135,Git,Intermediate,2026-03-15
1136,Deep Learning,Beginner,2026-03-15
1136,Machine Learning,Intermediate,2026-03-15
1136,SQL,Advanced,2026-03-15
1136,Python,Intermediate,2026-03-15
1136,Excel,Intermediate,2026-03-15
1136,Git,Intermediate,2026-03-15
1137,Account Management,Intermediate,2026-03-15
1137,Negotiation,Intermediate,2026-03-15
1137,CRM,Intermediate,2026-03-15
1137,Docker,Intermediate,2026-03-15
1137,B2B Sales,Intermediate,2026-03-15
1137,Market Analysis,Advanced,2026-03-15
1137,Communication,Intermediate,2026-03-15
1138,Account Management,Beginner,2026-03-15
1138,Docker,Advanced,2026-03-15
1138,B2B Sales,Advanced,2026-03-15
1138,Market Analysis,Intermediate,2026-03-15
1138,Communication,Advanced,2026-03-15
1140,Supply Chain,Beginner,2026-03-15
1140,Lean Manufacturing,Intermediate,2026-03-15
1140,Data Analysis,Intermediate,2026-03-15
1140,Six Sigma,Advanced,2026-03-15
1140,Communication,Intermediate,2026-03-15
1140,Budgeting,Advanced,2026-03-15
1143,Machine Learning,Intermediate,2026-03-15
1143,MLOps,Intermediate,2026-03-15
1143,SQL,Intermediate,2026-03-15
1143,Statistics,Intermediate,2026-03-15
1143,Data Visualization,Beginner,2026-03-15
1148,PowerBI,Advanced,2026-03-15
1148,Python,Beginner,2026-03-15
1148,SQL,Advanced,2026-03-15
1148,Excel,Advanced,2026-03-15
1148,Git,Intermediate,2026-03-15
1150,Supply Chain,Intermediate,2026-03-15
1150,MLOps,Beginner,2026-03-15
1150,Lean Manufacturing,Advanced,2026-03-15
1150,Six Sigma,Beginner,2026-03-15
1150,Plant Management,Beginner,2026-03-15
1150,Communication,Intermediate,2026-03-15
1150,Budgeting,Intermediate,2026-03-15
1152,PowerBI,Advanced,2026-03-15
1152,SQL,Beginner,2026-03-15
1152,Excel,Advanced,2026-03-15
1152,Git,Beginner,2026-03-15
1152,Communication,Beginner,2026-03-15
1154,Deep Learning,Advanced,2026-03-15
1154,Machine Learning,Beginner,2026-03-15
1154,Python,Advanced,2026-03-15
1154,Statistics,Intermediate,2026-03-15
1154,Communication,Advanced,2026-03-15
1154,Data Visualization,Intermediate,2026-03-15
1156,SQL,Advanced,2026-03-15
1156,Git,Intermediate,2026-03-15
1156,Python,Intermediate,2026-03-15
1156,Excel,Advanced,2026-03-15
1157,CRM,Intermediate,2026-03-15
1157,Market Analysis,Intermediate,2026-03-15
1157,Python,Beginner,2026-03-15
1157,Communication,Intermediate,2026-03-15
1158,PowerBI,Intermediate,2026-03-15
1158,Python,Intermediate,2026-03-15
1158,SQL,Intermediate,2026-03-15
1158,Docker,Intermediate,2026-03-15
1158,Excel,Intermediate,2026-03-15
1158,Git,Advanced,2026-03-15
1160,PowerBI,Beginner,2026-03-15
1160,SQL,Intermediate,2026-03-15
1160,Excel,Beginner,2026-03-15
1160,Git,Advanced,2026-03-15
1160,Communication,Advanced,2026-03-15
1161,PowerBI,Intermediate,2026-03-15
1161,SQL,Intermediate,2026-03-15
1161,Python,Intermediate,2026-03-15
1161,AWS,Advanced,2026-03-15
1161,Excel,Beginner,2026-03-15
1161,Git,Intermediate,2026-03-15
1162,Deep Learning,Intermediate,2026-03-15
1162,Machine Learning,Intermediate,2026-03-15
1162,MLOps,Intermediate,2026-03-15
1162,Python,Advanced,2026-03-15
1162,SQL,Intermediate,2026-03-15
1162,Data Visualization,Intermediate,2026-03-15
1163,PowerBI,Advanced,2026-03-15
1163,Account Management,Advanced,2026-03-15
1163,Negotiation,Intermediate,2026-03-15
1163,CRM,Intermediate,2026-03-15
1163,AWS,Beginner,2026-03-15
1163,B2B Sales,Advanced,2026-03-15
1163,Market Analysis,Intermediate,2026-03-15
1164,PowerBI,Advanced,2026-03-15
1164,SQL,Beginner,2026-03-15
1164,Python,Advanced,2026-03-15
1164,AWS,Beginner,2026-03-15
1164,Excel,Intermediate,2026-03-15
1165,MLOps,Beginner,2026-03-15
1165,Data Analysis,Intermediate,2026-03-15
1165,CRM,Beginner,2026-03-15
1165,Market Analysis,Intermediate,2026-03-15
1165,Communication,Beginner,2026-03-15
1166,PowerBI,Beginner,2026-03-15
1166,SQL,Advanced,2026-03-15
1166,Python,Intermediate,2026-03-15
1166,AWS,Intermediate,2026-03-15
1166,Excel,Intermediate,2026-03-15
1166,Git,Intermediate,2026-03-15
1167,Account Management,Beginner,2026-03-15
1167,Docker,Beginner,2026-03-15
1167,Excel,Beginner,2026-03-15
1167,B2B Sales,Beginner,2026-03-15
1167,Communication,Intermediate,2026-03-15
1171,MLOps,Beginner,2026-03-15
1171,Market Analysis,Beginner,2026-03-15
1171,CRM,Intermediate,2026-03-15
1171,Negotiation,Intermediate,2026-03-15
1172,PowerBI,Advanced,2026-03-15
1172,MLOps,Intermediate,2026-03-15
1172,Python,Intermediate,2026-03-15
1172,Docker,Beginner,2026-03-15
1172,Excel,Beginner,2026-03-15
1172,Git,Advanced,2026-03-15
1173,Data Analysis,Advanced,2026-03-15
1173,PowerBI,Advanced,2026-03-15
1173,Python,Intermediate,2026-03-15
1173,Excel,Intermediate,2026-03-15
1175,PowerBI,Intermediate,2026-03-15
1175,SQL,Advanced,2026-03-15
1175,Python,Beginner,2026-03-15
1175,Excel,Advanced,2026-03-15
1175,Git,Intermediate,2026-03-15
1177,PowerBI,Intermediate,2026-03-15
1177,Python,Intermediate,2026-03-15
1177,SQL,Intermediate,2026-03-15
1177,AWS,Beginner,2026-03-15
1177,Excel,Intermediate,2026-03-15
1177,Git,Intermediate,2026-03-15
1179,PowerBI,Intermediate,2026-03-15
1179,Account Management,Intermediate,2026-03-15
1179,Negotiation,Intermediate,2026-03-15
1179,CRM,Intermediate,2026-03-15
1179,Git,Beginner,2026-03-15
1179,Market Analysis,Intermediate,2026-03-15
1179,Communication,Intermediate,2026-03-15
1180,Deep Learning,Beginner,2026-03-15
1180,Machine Learning,Advanced,2026-03-15
1180,Data Analysis,Intermediate,2026-03-15
1180,SQL,Intermediate,2026-03-15
1180,Python,Intermediate,2026-03-15
1180,Statistics,Intermediate,2026-03-15
1180,Data Visualization,Advanced,2026-03-15
1182,Plant Management,Beginner,2026-03-15
1182,PowerBI,Intermediate,2026-03-15
1182,Supply Chain,Intermediate,2026-03-15
1182,Budgeting,Beginner,2026-03-15
1184,MLOps,Intermediate,2026-03-15
1184,Python,Beginner,2026-03-15
1184,SQL,Advanced,2026-03-15
1184,Excel,Advanced,2026-03-15
1184,Git,Beginner,2026-03-15
1185,PowerBI,Beginner,2026-03-15
1185,SQL,Intermediate,2026-03-15
1185,Python,Intermediate,2026-03-15
1185,Excel,Intermediate,2026-03-15
1185,Git,Intermediate,2026-03-15
1188,Account Management,Intermediate,2026-03-15
1188,MLOps,Intermediate,2026-03-15
1188,CRM,Advanced,2026-03-15
1188,B2B Sales,Intermediate,2026-03-15
1188,Git,Beginner,2026-03-15
1188,Market Analysis,Intermediate,2026-03-15
1188,Communication,Intermediate,2026-03-15
1190,SQL,Beginner,2026-03-15
1190,Data Analysis,Intermediate,2026-03-15
1190,PowerBI,Intermediate,2026-03-15
1190,Excel,Intermediate,2026-03-15
1191,Git,Beginner,2026-03-15
1191,SQL,Intermediate,2026-03-15
1191,AWS,Beginner,2026-03-15
1191,Excel,Intermediate,2026-03-15
1192,PowerBI,Beginner,2026-03-15
1192,SQL,Advanced,2026-03-15
1192,Python,Beginner,2026-03-15
1192,Excel,Intermediate,2026-03-15
1192,Git,Beginner,2026-03-15
1193,SQL,Intermediate,2026-03-15
1193,Python,Beginner,2026-03-15
1193,Statistics,Beginner,2026-03-15
1195,PowerBI,Intermediate,2026-03-15
1195,Machine Learning,Beginner,2026-03-15
1195,Python,Intermediate,2026-03-15
1195,SQL,Intermediate,2026-03-15
1195,Statistics,Beginner,2026-03-15
1195,Data Visualization,Intermediate,2026-03-15
1196,Supply Chain,Intermediate,2026-03-15
1196,Lean Manufacturing,Advanced,2026-03-15
1196,Six Sigma,Beginner,2026-03-15
1196,AWS,Advanced,2026-03-15
1196,Plant Management,Intermediate,2026-03-15
1196,Communication,Intermediate,2026-03-15
1196,Budgeting,Intermediate,2026-03-15
1198,SQL,Intermediate,2026-03-15
1198,Python,Intermediate,2026-03-15
1198,Statistics,Intermediate,2026-03-15
1198,Excel,Advanced,2026-03-15
1198,Git,Intermediate,2026-03-15
1200,Deep Learning,Intermediate,2026-03-15
1200,Machine Learning,Advanced,2026-03-15
1200,Python,Intermediate,2026-03-15
1200,Statistics,Beginner,2026-03-15
1200,Data Visualization,Beginner,2026-03-15
1201,PowerBI,Intermediate,2026-03-15
1201,Data Analysis,Beginner,2026-03-15
1201,Python,Beginner,2026-03-15
1201,Excel,Intermediate,2026-03-15
1201,Git,Intermediate,2026-03-15
1202,Deep Learning,Beginner,2026-03-15
1202,Machine Learning,Beginner,2026-03-15
1202,Python,Intermediate,2026-03-15
1202,SQL,Intermediate,2026-03-15
1202,Statistics,Intermediate,2026-03-15
1202,Git,Intermediate,2026-03-15
1202,Data Visualization,Advanced,2026-03-15
1203,Deep Learning,Beginner,2026-03-15
1203,Machine Learning,Intermediate,2026-03-15
1203,SQL,Beginner,2026-03-15
1203,Python,Intermediate,2026-03-15
1203,Statistics,Intermediate,2026-03-15
1203,Data Visualization,Advanced,2026-03-15
1204,PowerBI,Intermediate,2026-03-15
1204,SQL,Beginner,2026-03-15
1204,Python,Advanced,2026-03-15
1204,Git,Intermediate,2026-03-15
1204,Communication,Beginner,2026-03-15
1206,Deep Learning,Intermediate,2026-03-15
1206,Machine Learning,Intermediate,2026-03-15
1206,SQL,Advanced,2026-03-15
1206,Python,Beginner,2026-03-15
1206,Git,Intermediate,2026-03-15
1206,Data Visualization,Intermediate,2026-03-15
1207,PowerBI,Intermediate,2026-03-15
1207,SQL,Intermediate,2026-03-15
1207,Python,Intermediate,2026-03-15
1207,AWS,Beginner,2026-03-15
1207,Excel,Intermediate,2026-03-15
1210,Python,Beginner,2026-03-15
1210,SQL,Beginner,2026-03-15
1210,Statistics,Intermediate,2026-03-15
1210,AWS,Beginner,2026-03-15
1210,Data Visualization,Intermediate,2026-03-15
1211,PowerBI,Advanced,2026-03-15
1211,Negotiation,Intermediate,2026-03-15
1211,B2B Sales,Intermediate,2026-03-15
1211,Git,Advanced,2026-03-15
1211,Communication,Advanced,2026-03-15
1212,Account Management,Beginner,2026-03-15
1212,Negotiation,Intermediate,2026-03-15
1212,Python,Intermediate,2026-03-15
1212,Excel,Intermediate,2026-03-15
1212,Market Analysis,Intermediate,2026-03-15
1212,Communication,Beginner,2026-03-15
1215,SQL,Intermediate,2026-03-15
1215,Python,Advanced,2026-03-15
1215,PowerBI,Beginner,2026-03-15
1215,MLOps,Beginner,2026-03-15
1216,Data Analysis,Intermediate,2026-03-15
1216,SQL,Intermediate,2026-03-15
1216,AWS,Intermediate,2026-03-15
1216,Excel,Intermediate,2026-03-15
1216,Git,Intermediate,2026-03-15
1217,Git,Intermediate,2026-03-15
1217,Python,Intermediate,2026-03-15
1217,Excel,Advanced,2026-03-15
1218,Account Management,Intermediate,2026-03-15
1218,CRM,Intermediate,2026-03-15
1218,Git,Intermediate,2026-03-15
1218,Market Analysis,Intermediate,2026-03-15
1218,Communication,Beginner,2026-03-15
1219,PowerBI,Intermediate,2026-03-15
1219,Python,Beginner,2026-03-15
1219,SQL,Intermediate,2026-03-15
1219,Excel,Intermediate,2026-03-15
1219,Git,Intermediate,2026-03-15
1220,Account Management,Beginner,2026-03-15
1220,Negotiation,Intermediate,2026-03-15
1220,CRM,Intermediate,2026-03-15
1220,AWS,Intermediate,2026-03-15
1220,Market Analysis,Beginner,2026-03-15
1220,Communication,Advanced,2026-03-15
1221,PowerBI,Intermediate,2026-03-15
1221,SQL,Intermediate,2026-03-15
1221,Python,Intermediate,2026-03-15
1221,AWS,Beginner,2026-03-15
1221,Git,Intermediate,2026-03-15
1224,PowerBI,Intermediate,2026-03-15
1224,SQL,Intermediate,2026-03-15
1224,Python,Intermediate,2026-03-15
1224,Statistics,Intermediate,2026-03-15
1224,Excel,Intermediate,2026-03-15
1225,Deep Learning,Advanced,2026-03-15
1225,Machine Learning,Advanced,2026-03-15
1225,PowerBI,Intermediate,2026-03-15
1225,SQL,Intermediate,2026-03-15
1225,Python,Intermediate,2026-03-15
1225,Statistics,Intermediate,2026-03-15
1225,Git,Intermediate,2026-03-15
1225,Data Visualization,Intermediate,2026-03-15
1226,PowerBI,Advanced,2026-03-15
1226,SQL,Advanced,2026-03-15
1226,Python,Advanced,2026-03-15
1226,Excel,Intermediate,2026-03-15
1226,Git,Intermediate,2026-03-15
1228,Supply Chain,Intermediate,2026-03-15
1228,Lean Manufacturing,Beginner,2026-03-15
1228,SQL,Intermediate,2026-03-15
1228,Six Sigma,Advanced,2026-03-15
1228,Plant Management,Beginner,2026-03-15
1228,Communication,Beginner,2026-03-15
1228,Budgeting,Beginner,2026-03-15
1231,Git,Intermediate,2026-03-15
1231,PowerBI,Intermediate,2026-03-15
1231,Statistics,Beginner,2026-03-15
1231,Excel,Advanced,2026-03-15
1233,Account Management,Advanced,2026-03-15
1233,Negotiation,Intermediate,2026-03-15
1233,SQL,Intermediate,2026-03-15
1233,CRM,Intermediate,2026-03-15
1233,B2B Sales,Intermediate,2026-03-15
1233,Market Analysis,Intermediate,2026-03-15
1233,Communication,Beginner,2026-03-15
1234,Git,Intermediate,2026-03-15
1234,PowerBI,Beginner,2026-03-15
1234,MLOps,Advanced,2026-03-15
1234,Excel,Advanced,2026-03-15
1235,Deep Learning,Advanced,2026-03-15
1235,Machine Learning,Intermediate,2026-03-15
1235,Python,Advanced,2026-03-15
1235,SQL,Advanced,2026-03-15
1235,Docker,Advanced,2026-03-15
1235,Statistics,Intermediate,2026-03-15
1237,Plant Management,Beginner,2026-03-15
1237,Lean Manufacturing,Advanced,2026-03-15
1237,Six Sigma,Intermediate,2026-03-15
1237,Communication,Intermediate,2026-03-15
1238,Deep Learning,Beginner,2026-03-15
1238,Machine Learning,Beginner,2026-03-15
1238,Python,Advanced,2026-03-15
1238,SQL,Beginner,2026-03-15
1238,Docker,Beginner,2026-03-15
1238,Statistics,Intermediate,2026-03-15
1238,Data Visualization,Intermediate,2026-03-15
1239,PowerBI,Advanced,2026-03-15
1239,Account Management,Beginner,2026-03-15
1239,CRM,Intermediate,2026-03-15
1239,Git,Intermediate,2026-03-15
1239,Market Analysis,Beginner,2026-03-15
1239,Communication,Intermediate,2026-03-15
1240,Account Management,Intermediate,2026-03-15
1240,MLOps,Intermediate,2026-03-15
1240,Negotiation,Intermediate,2026-03-15
1240,CRM,Intermediate,2026-03-15
1240,B2B Sales,Beginner,2026-03-15
1240,Market Analysis,Beginner,2026-03-15
1240,Communication,Advanced,2026-03-15
1241,Deep Learning,Beginner,2026-03-15
1241,Machine Learning,Beginner,2026-03-15
1241,MLOps,Beginner,2026-03-15
1241,Python,Beginner,2026-03-15
1241,Docker,Beginner,2026-03-15
1241,Statistics,Intermediate,2026-03-15
1242,PowerBI,Intermediate,2026-03-15
1242,MLOps,Advanced,2026-03-15
1242,SQL,Intermediate,2026-03-15
1242,Docker,Intermediate,2026-03-15
1242,Excel,Intermediate,2026-03-15
1243,Account Management,Beginner,2026-03-15
1243,MLOps,Intermediate,2026-03-15
1243,Negotiation,Intermediate,2026-03-15
1243,CRM,Intermediate,2026-03-15
1243,B2B Sales,Intermediate,2026-03-15
1243,Market Analysis,Advanced,2026-03-15
1243,Communication,Advanced,2026-03-15
1244,Deep Learning,Intermediate,2026-03-15
1244,Machine Learning,Beginner,2026-03-15
1244,Python,Advanced,2026-03-15
1244,Statistics,Advanced,2026-03-15
1244,AWS,Advanced,2026-03-15
1245,Supply Chain,Beginner,2026-03-15
1245,MLOps,Intermediate,2026-03-15
1245,SQL,Advanced,2026-03-15
1245,Six Sigma,Beginner,2026-03-15
1245,Plant Management,Intermediate,2026-03-15
1245,Budgeting,Intermediate,2026-03-15
1246,Deep Learning,Intermediate,2026-03-15
1246,Machine Learning,Beginner,2026-03-15
1246,Python,Intermediate,2026-03-15
1246,SQL,Beginner,2026-03-15
1246,Docker,Advanced,2026-03-15
1246,Statistics,Intermediate,2026-03-15
1246,Excel,Intermediate,2026-03-15
1246,Data Visualization,Beginner,2026-03-15
1248,Data Visualization,Advanced,2026-03-15
1248,Python,Intermediate,2026-03-15
1248,Statistics,Intermediate,2026-03-15
1248,Deep Learning,Intermediate,2026-03-15
1249,Deep Learning,Intermediate,2026-03-15
1249,Machine Learning,Intermediate,2026-03-15
1249,Python,Beginner,2026-03-15
1249,SQL,Advanced,2026-03-15
1249,Statistics,Intermediate,2026-03-15
1249,Data Visualization,Intermediate,2026-03-15
1250,PowerBI,Intermediate,2026-03-15
1250,MLOps,Intermediate,2026-03-15
1250,Python,Advanced,2026-03-15
1250,SQL,Intermediate,2026-03-15
1250,Excel,Beginner,2026-03-15
1250,Git,Advanced,2026-03-15
1251,PowerBI,Intermediate,2026-03-15
1251,SQL,Intermediate,2026-03-15
1251,Python,Beginner,2026-03-15
1251,Git,Intermediate,2026-03-15
1251,Communication,Advanced,2026-03-15
1252,Git,Intermediate,2026-03-15
1252,SQL,Intermediate,2026-03-15
1252,Docker,Advanced,2026-03-15
1252,Excel,Intermediate,2026-03-15
1254,Account Management,Advanced,2026-03-15
1254,Negotiation,Beginner,2026-03-15
1254,SQL,Beginner,2026-03-15
1254,CRM,Intermediate,2026-03-15
1254,B2B Sales,Advanced,2026-03-15
1254,Market Analysis,Beginner,2026-03-15
1254,Communication,Beginner,2026-03-15
1255,PowerBI,Intermediate,2026-03-15
1255,Data Analysis,Intermediate,2026-03-15
1255,Python,Intermediate,2026-03-15
1255,SQL,Intermediate,2026-03-15
1255,Excel,Beginner,2026-03-15
1255,Git,Intermediate,2026-03-15
1256,PowerBI,Intermediate,2026-03-15
1256,Data Analysis,Intermediate,2026-03-15
1256,SQL,Beginner,2026-03-15
1256,Python,Intermediate,2026-03-15
1256,Excel,Advanced,2026-03-15
1256,Git,Advanced,2026-03-15
1257,MLOps,Advanced,2026-03-15
1257,Machine Learning,Intermediate,2026-03-15
1257,SQL,Beginner,2026-03-15
1257,Docker,Advanced,2026-03-15
1257,Statistics,Advanced,2026-03-15
1257,Data Visualization,Intermediate,2026-03-15
1258,Git,Beginner,2026-03-15
1258,PowerBI,Intermediate,2026-03-15
1258,Excel,Advanced,2026-03-15
1259,Machine Learning,Intermediate,2026-03-15
1259,Python,Beginner,2026-03-15
1259,SQL,Beginner,2026-03-15
1259,Statistics,Intermediate,2026-03-15
1259,Data Visualization,Beginner,2026-03-15
1260,PowerBI,Intermediate,2026-03-15
1260,SQL,Intermediate,2026-03-15
1260,Python,Intermediate,2026-03-15
1260,Excel,Intermediate,2026-03-15
1260,Git,Advanced,2026-03-15
1263,PowerBI,Intermediate,2026-03-15
1263,MLOps,Beginner,2026-03-15
1263,Python,Intermediate,2026-03-15
1263,SQL,Intermediate,2026-03-15
1263,Excel,Intermediate,2026-03-15
1263,Git,Intermediate,2026-03-15
1264,PowerBI,Advanced,2026-03-15
1264,MLOps,Intermediate,2026-03-15
1264,SQL,Intermediate,2026-03-15
1264,Python,Intermediate,2026-03-15
1264,Docker,Intermediate,2026-03-15
1264,Excel,Intermediate,2026-03-15
1264,Git,Advanced,2026-03-15
1265,Deep Learning,Beginner,2026-03-15
1265,Machine Learning,Intermediate,2026-03-15
1265,Data Analysis,Beginner,2026-03-15
1265,SQL,Intermediate,2026-03-15
1265,Docker,Intermediate,2026-03-15
1265,Statistics,Intermediate,2026-03-15
1265,Data Visualization,Intermediate,2026-03-15
1267,Python,Intermediate,2026-03-15
1267,SQL,Beginner,2026-03-15
1267,Communication,Intermediate,2026-03-15
1267,Excel,Beginner,2026-03-15
1268,Account Management,Intermediate,2026-03-15
1268,SQL,Beginner,2026-03-15
1268,CRM,Intermediate,2026-03-15
1268,Python,Beginner,2026-03-15
1268,B2B Sales,Intermediate,2026-03-15
1268,Market Analysis,Advanced,2026-03-15
1268,Communication,Beginner,2026-03-15
1269,Deep Learning,Intermediate,2026-03-15
1269,Machine Learning,Intermediate,2026-03-15
1269,Python,Intermediate,2026-03-15
1269,SQL,Intermediate,2026-03-15
1269,Statistics,Advanced,2026-03-15
1269,AWS,Intermediate,2026-03-15
1269,Data Visualization,Beginner,2026-03-15
1270,Deep Learning,Intermediate,2026-03-15
1270,Machine Learning,Intermediate,2026-03-15
1270,Data Analysis,Beginner,2026-03-15
1270,Python,Advanced,2026-03-15
1270,SQL,Intermediate,2026-03-15
1270,Data Visualization,Beginner,2026-03-15
1273,PowerBI,Advanced,2026-03-15
1273,SQL,Advanced,2026-03-15
1273,Python,Advanced,2026-03-15
1273,AWS,Advanced,2026-03-15
1273,Excel,Intermediate,2026-03-15
1273,Git,Intermediate,2026-03-15
1275,Deep Learning,Intermediate,2026-03-15
1275,Machine Learning,Advanced,2026-03-15
1275,SQL,Intermediate,2026-03-15
1275,Python,Intermediate,2026-03-15
1275,Statistics,Advanced,2026-03-15
1275,Excel,Beginner,2026-03-15
1275,AWS,Beginner,2026-03-15
1275,Data Visualization,Advanced,2026-03-15
1277,PowerBI,Advanced,2026-03-15
1277,MLOps,Intermediate,2026-03-15
1277,Excel,Intermediate,2026-03-15
1277,Git,Beginner,2026-03-15
1277,Communication,Intermediate,2026-03-15
1278,Data Analysis,Beginner,2026-03-15
1278,Python,Advanced,2026-03-15
1278,PowerBI,Intermediate,2026-03-15
1278,Excel,Beginner,2026-03-15
1279,PowerBI,Advanced,2026-03-15
1279,Python,Intermediate,2026-03-15
1279,AWS,Advanced,2026-03-15
1279,Excel,Intermediate,2026-03-15
1279,Git,Intermediate,2026-03-15
1280,MLOps,Advanced,2026-03-15
1280,SQL,Beginner,2026-03-15
1280,Python,Intermediate,2026-03-15
1280,Docker,Intermediate,2026-03-15
1280,Git,Advanced,2026-03-15
1281,Negotiation,Advanced,2026-03-15
1281,Python,Intermediate,2026-03-15
1281,CRM,Intermediate,2026-03-15
1281,Excel,Advanced,2026-03-15
1281,Market Analysis,Intermediate,2026-03-15
1282,SQL,Beginner,2026-03-15
1282,Python,Intermediate,2026-03-15
1282,PowerBI,Advanced,2026-03-15
1282,Git,Intermediate,2026-03-15
1283,Supply Chain,Intermediate,2026-03-15
1283,Lean Manufacturing,Beginner,2026-03-15
1283,Six Sigma,Intermediate,2026-03-15
1283,Statistics,Beginner,2026-03-15
1283,Plant Management,Intermediate,2026-03-15
1283,Budgeting,Intermediate,2026-03-15
1285,Git,Intermediate,2026-03-15
1285,Python,Advanced,2026-03-15
1285,SQL,Intermediate,2026-03-15
1286,PowerBI,Advanced,2026-03-15
1286,Data Analysis,Intermediate,2026-03-15
1286,SQL,Beginner,2026-03-15
1286,Python,Intermediate,2026-03-15
1286,Excel,Beginner,2026-03-15
1288,Git,Beginner,2026-03-15
1288,Python,Intermediate,2026-03-15
1288,Docker,Intermediate,2026-03-15
1288,Excel,Intermediate,2026-03-15
1289,SQL,Intermediate,2026-03-15
1289,Python,Beginner,2026-03-15
1289,Docker,Intermediate,2026-03-15
1289,Excel,Beginner,2026-03-15
1291,Deep Learning,Beginner,2026-03-15
1291,Machine Learning,Beginner,2026-03-15
1291,MLOps,Intermediate,2026-03-15
1291,SQL,Beginner,2026-03-15
1291,Python,Advanced,2026-03-15
1291,Statistics,Beginner,2026-03-15
1291,Data Visualization,Intermediate,2026-03-15
1292,Deep Learning,Intermediate,2026-03-15
1292,Python,Intermediate,2026-03-15
1292,AWS,Intermediate,2026-03-15
1292,Statistics,Advanced,2026-03-15
1292,Data Visualization,Beginner,2026-03-15
1293,Account Management,Advanced,2026-03-15
1293,Negotiation,Intermediate,2026-03-15
1293,CRM,Advanced,2026-03-15
1293,B2B Sales,Intermediate,2026-03-15
1293,Market Analysis,Beginner,2026-03-15
1293,Communication,Intermediate,2026-03-15
1294,Lean Manufacturing,Intermediate,2026-03-15
1294,Six Sigma,Beginner,2026-03-15
1294,SQL,Intermediate,2026-03-15
1294,Budgeting,Intermediate,2026-03-15
1295,PowerBI,Beginner,2026-03-15
1295,SQL,Beginner,2026-03-15
1295,Python,Beginner,2026-03-15
1295,Docker,Intermediate,2026-03-15
1295,Excel,Intermediate,2026-03-15
1295,Git,Intermediate,2026-03-15
1296,PowerBI,Intermediate,2026-03-15
1296,Python,Beginner,2026-03-15
1296,SQL,Intermediate,2026-03-15
1296,Excel,Intermediate,2026-03-15
1296,Git,Advanced,2026-03-15
1297,PowerBI,Advanced,2026-03-15
1297,SQL,Intermediate,2026-03-15
1297,Docker,Intermediate,2026-03-15
1297,Excel,Intermediate,2026-03-15
1297,Git,Intermediate,2026-03-15
1298,PowerBI,Beginner,2026-03-15
1298,Supply Chain,Intermediate,2026-03-15
1298,Six Sigma,Intermediate,2026-03-15
1298,Plant Management,Intermediate,2026-03-15
1298,Budgeting,Beginner,2026-03-15
1299,PowerBI,Beginner,2026-03-15
1299,Python,Intermediate,2026-03-15
1299,SQL,Beginner,2026-03-15
1299,Statistics,Intermediate,2026-03-15
1299,Excel,Beginner,2026-03-15
1299,Git,Beginner,2026-03-15
1301,Machine Learning,Intermediate,2026-03-15
1301,SQL,Beginner,2026-03-15
1301,Python,Advanced,2026-03-15
1301,Statistics,Intermediate,2026-03-15
1301,Communication,Beginner,2026-03-15
1303,Deep Learning,Intermediate,2026-03-15
1303,SQL,Intermediate,2026-03-15
1303,Statistics,Beginner,2026-03-15
1303,Excel,Intermediate,2026-03-15
1303,Data Visualization,Intermediate,2026-03-15
1304,Account Management,Advanced,2026-03-15
1304,Negotiation,Advanced,2026-03-15
1304,CRM,Beginner,2026-03-15
1304,Docker,Intermediate,2026-03-15
1304,B2B Sales,Intermediate,2026-03-15
1304,Git,Beginner,2026-03-15
1304,Market Analysis,Intermediate,2026-03-15
1304,Communication,Intermediate,2026-03-15
1306,PowerBI,Intermediate,2026-03-15
1306,SQL,Intermediate,2026-03-15
1306,Python,Beginner,2026-03-15
1306,AWS,Intermediate,2026-03-15
1306,Excel,Intermediate,2026-03-15
1307,Git,Intermediate,2026-03-15
1307,Python,Intermediate,2026-03-15
1307,SQL,Intermediate,2026-03-15
1307,MLOps,Advanced,2026-03-15
1308,Deep Learning,Intermediate,2026-03-15
1308,Python,Advanced,2026-03-15
1308,SQL,Advanced,2026-03-15
1308,Statistics,Beginner,2026-03-15
1308,Communication,Intermediate,2026-03-15
1308,Data Visualization,Intermediate,2026-03-15
1309,Git,Intermediate,2026-03-15
1309,PowerBI,Intermediate,2026-03-15
1309,SQL,Advanced,2026-03-15
1309,Excel,Intermediate,2026-03-15
1310,Deep Learning,Intermediate,2026-03-15
1310,Machine Learning,Intermediate,2026-03-15
1310,SQL,Intermediate,2026-03-15
1310,Docker,Beginner,2026-03-15
1310,AWS,Beginner,2026-03-15
1311,PowerBI,Advanced,2026-03-15
1311,SQL,Beginner,2026-03-15
1311,Python,Intermediate,2026-03-15
1311,AWS,Intermediate,2026-03-15
1311,Excel,Intermediate,2026-03-15
1311,Git,Intermediate,2026-03-15
1312,MLOps,Intermediate,2026-03-15
1312,Python,Advanced,2026-03-15
1312,SQL,Intermediate,2026-03-15
1312,Excel,Advanced,2026-03-15
1312,Git,Beginner,2026-03-15
1314,PowerBI,Beginner,2026-03-15
1314,Python,Intermediate,2026-03-15
1314,AWS,Intermediate,2026-03-15
1314,Excel,Intermediate,2026-03-15
1314,Git,Intermediate,2026-03-15
1315,PowerBI,Advanced,2026-03-15
1315,SQL,Beginner,2026-03-15
1315,Python,Beginner,2026-03-15
1315,Excel,Advanced,2026-03-15
1315,Git,Intermediate,2026-03-15
1317,SQL,Intermediate,2026-03-15
1317,Git,Intermediate,2026-03-15
1317,PowerBI,Advanced,2026-03-15
1317,Statistics,Intermediate,2026-03-15
1318,PowerBI,Intermediate,2026-03-15
1318,Negotiation,Intermediate,2026-03-15
1318,Python,Intermediate,2026-03-15
1318,CRM,Intermediate,2026-03-15
1318,B2B Sales,Intermediate,2026-03-15
1318,Communication,Intermediate,2026-03-15
1319,Account Management,Advanced,2026-03-15
1319,Negotiation,Intermediate,2026-03-15
1319,SQL,Intermediate,2026-03-15
1319,CRM,Intermediate,2026-03-15
1319,Excel,Intermediate,2026-03-15
1319,Communication,Advanced,2026-03-15
1321,Git,Intermediate,2026-03-15
1321,SQL,Advanced,2026-03-15
1321,Excel,Advanced,2026-03-15
1322,PowerBI,Intermediate,2026-03-15
1322,Lean Manufacturing,Intermediate,2026-03-15
1322,SQL,Intermediate,2026-03-15
1322,Six Sigma,Intermediate,2026-03-15
1322,Plant Management,Beginner,2026-03-15
1322,Budgeting,Advanced,2026-03-15
1324,Account Management,Intermediate,2026-03-15
1324,Negotiation,Advanced,2026-03-15
1324,B2B Sales,Beginner,2026-03-15
1324,Git,Intermediate,2026-03-15
1324,Market Analysis,Intermediate,2026-03-15
1324,Communication,Beginner,2026-03-15
1329,Account Management,Beginner,2026-03-15
1329,Python,Intermediate,2026-03-15
1329,B2B Sales,Beginner,2026-03-15
1329,Git,Intermediate,2026-03-15
1329,Market Analysis,Advanced,2026-03-15
1329,Communication,Intermediate,2026-03-15
1331,SQL,Intermediate,2026-03-15
1331,PowerBI,Intermediate,2026-03-15
1331,Python,Beginner,2026-03-15
1333,Git,Beginner,2026-03-15
1333,PowerBI,Advanced,2026-03-15
1333,SQL,Intermediate,2026-03-15
1333,Statistics,Beginner,2026-03-15
1334,SQL,Beginner,2026-03-15
1334,Git,Intermediate,2026-03-15
1334,PowerBI,Intermediate,2026-03-15
1334,Excel,Beginner,2026-03-15
1336,PowerBI,Intermediate,2026-03-15
1336,Python,Intermediate,2026-03-15
1336,AWS,Intermediate,2026-03-15
1336,Excel,Intermediate,2026-03-15
1336,Git,Intermediate,2026-03-15
1338,Git,Intermediate,2026-03-15
1338,PowerBI,Intermediate,2026-03-15
1338,MLOps,Beginner,2026-03-15
1338,Excel,Intermediate,2026-03-15
1340,PowerBI,Beginner,2026-03-15
1340,Machine Learning,Advanced,2026-03-15
1340,SQL,Intermediate,2026-03-15
1340,Python,Intermediate,2026-03-15
1340,Docker,Intermediate,2026-03-15
1340,Statistics,Advanced,2026-03-15
1340,Data Visualization,Advanced,2026-03-15
1344,PowerBI,Intermediate,2026-03-15
1344,MLOps,Intermediate,2026-03-15
1344,SQL,Beginner,2026-03-15
1344,Python,Advanced,2026-03-15
1344,Excel,Intermediate,2026-03-15
1344,Git,Beginner,2026-03-15
1346,Deep Learning,Advanced,2026-03-15
1346,Machine Learning,Intermediate,2026-03-15
1346,SQL,Intermediate,2026-03-15
1346,Python,Advanced,2026-03-15
1346,Statistics,Intermediate,2026-03-15
1346,Communication,Intermediate,2026-03-15
1346,Data Visualization,Beginner,2026-03-15
1349,B2B Sales,Beginner,2026-03-15
1349,PowerBI,Beginner,2026-03-15
1349,Communication,Beginner,2026-03-15
1349,Negotiation,Intermediate,2026-03-15
1350,Deep Learning,Advanced,2026-03-15
1350,SQL,Beginner,2026-03-15
1350,Python,Beginner,2026-03-15
1350,Statistics,Intermediate,2026-03-15
1350,Data Visualization,Advanced,2026-03-15
1352,Git,Beginner,2026-03-15
1352,SQL,Beginner,2026-03-15
1352,Excel,Intermediate,2026-03-15
1355,B2B Sales,Intermediate,2026-03-15
1355,Data Analysis,Intermediate,2026-03-15
1355,Communication,Advanced,2026-03-15
1355,Negotiation,Advanced,2026-03-15
1356,MLOps,Beginner,2026-03-15
1356,Account Management,Intermediate,2026-03-15
1356,Negotiation,Intermediate,2026-03-15
1356,CRM,Intermediate,2026-03-15
1356,Excel,Intermediate,2026-03-15
1358,PowerBI,Advanced,2026-03-15
1358,Python,Advanced,2026-03-15
1358,SQL,Advanced,2026-03-15
1358,AWS,Intermediate,2026-03-15
1358,Excel,Beginner,2026-03-15
1358,Git,Intermediate,2026-03-15
1360,SQL,Beginner,2026-03-15
1360,Python,Intermediate,2026-03-15
1360,Six Sigma,Intermediate,2026-03-15
1360,Plant Management,Intermediate,2026-03-15
1360,Budgeting,Intermediate,2026-03-15
1361,PowerBI,Beginner,2026-03-15
1361,Data Analysis,Beginner,2026-03-15
1361,Python,Intermediate,2026-03-15
1361,Excel,Beginner,2026-03-15
1361,Git,Intermediate,2026-03-15
1362,MLOps,Beginner,2026-03-15
1362,Market Analysis,Beginner,2026-03-15
1362,Communication,Beginner,2026-03-15
1362,Negotiation,Intermediate,2026-03-15
1363,Supply Chain,Intermediate,2026-03-15
1363,Lean Manufacturing,Intermediate,2026-03-15
1363,Six Sigma,Intermediate,2026-03-15
1363,Plant Management,Advanced,2026-03-15
1363,Git,Intermediate,2026-03-15
1363,Budgeting,Intermediate,2026-03-15
1364,PowerBI,Intermediate,2026-03-15
1364,SQL,Advanced,2026-03-15
1364,Python,Beginner,2026-03-15
1364,Excel,Intermediate,2026-03-15
1364,Git,Beginner,2026-03-15
1367,PowerBI,Beginner,2026-03-15
1367,Supply Chain,Advanced,2026-03-15
1367,Lean Manufacturing,Advanced,2026-03-15
1367,Six Sigma,Advanced,2026-03-15
1367,Excel,Beginner,2026-03-15
1368,PowerBI,Advanced,2026-03-15
1368,Python,Beginner,2026-03-15
1368,SQL,Intermediate,2026-03-15
1368,Excel,Intermediate,2026-03-15
1368,Git,Beginner,2026-03-15
1368,Communication,Intermediate,2026-03-15
1369,PowerBI,Intermediate,2026-03-15
1369,SQL,Intermediate,2026-03-15
1369,Python,Intermediate,2026-03-15
1369,Docker,Advanced,2026-03-15
1369,Excel,Intermediate,2026-03-15
1369,Git,Intermediate,2026-03-15
1371,Account Management,Advanced,2026-03-15
1371,Negotiation,Beginner,2026-03-15
1371,CRM,Intermediate,2026-03-15
1371,B2B Sales,Intermediate,2026-03-15
1371,Git,Beginner,2026-03-15
1371,Market Analysis,Intermediate,2026-03-15
1371,Communication,Intermediate,2026-03-15
1372,Account Management,Beginner,2026-03-15
1372,Negotiation,Intermediate,2026-03-15
1372,B2B Sales,Intermediate,2026-03-15
1372,Git,Beginner,2026-03-15
1372,Market Analysis,Advanced,2026-03-15
1372,Communication,Beginner,2026-03-15
1373,Supply Chain,Intermediate,2026-03-15
1373,Lean Manufacturing,Advanced,2026-03-15
1373,Data Analysis,Intermediate,2026-03-15
1373,Six Sigma,Intermediate,2026-03-15
1373,Statistics,Intermediate,2026-03-15
1374,Deep Learning,Intermediate,2026-03-15
1374,Machine Learning,Intermediate,2026-03-15
1374,SQL,Intermediate,2026-03-15
1374,Python,Advanced,2026-03-15
1374,Statistics,Intermediate,2026-03-15
1374,Git,Intermediate,2026-03-15
1375,Python,Advanced,2026-03-15
1375,SQL,Advanced,2026-03-15
1375,Excel,Intermediate,2026-03-15
1375,Git,Intermediate,2026-03-15
1375,Communication,Beginner,2026-03-15
1377,SQL,Intermediate,2026-03-15
1377,Git,Beginner,2026-03-15
1377,PowerBI,Intermediate,2026-03-15
1377,Excel,Beginner,2026-03-15
1379,PowerBI,Intermediate,2026-03-15
1379,SQL,Intermediate,2026-03-15
1379,Python,Intermediate,2026-03-15
1379,Excel,Intermediate,2026-03-15
1379,Git,Intermediate,2026-03-15
1380,Account Management,Beginner,2026-03-15
1380,MLOps,Beginner,2026-03-15
1380,Negotiation,Intermediate,2026-03-15
1380,Python,Intermediate,2026-03-15
1380,B2B Sales,Intermediate,2026-03-15
1380,Market Analysis,Intermediate,2026-03-15
1380,Communication,Intermediate,2026-03-15
1382,Deep Learning,Intermediate,2026-03-15
1382,Machine Learning,Intermediate,2026-03-15
1382,SQL,Advanced,2026-03-15
1382,Python,Intermediate,2026-03-15
1382,Statistics,Beginner,2026-03-15
1382,Excel,Intermediate,2026-03-15
1383,PowerBI,Intermediate,2026-03-15
1383,SQL,Intermediate,2026-03-15
1383,Python,Beginner,2026-03-15
1383,Excel,Advanced,2026-03-15
1383,Git,Intermediate,2026-03-15
1387,Communication,Intermediate,2026-03-15
1387,Market Analysis,Beginner,2026-03-15
1387,SQL,Beginner,2026-03-15
1387,CRM,Intermediate,2026-03-15
1389,Supply Chain,Intermediate,2026-03-15
1389,Lean Manufacturing,Advanced,2026-03-15
1389,Six Sigma,Intermediate,2026-03-15
1389,Plant Management,Advanced,2026-03-15
1389,Communication,Intermediate,2026-03-15
1390,Account Management,Intermediate,2026-03-15
1390,Negotiation,Advanced,2026-03-15
1390,Python,Beginner,2026-03-15
1390,CRM,Beginner,2026-03-15
1390,Docker,Beginner,2026-03-15
1390,B2B Sales,Beginner,2026-03-15
1390,Market Analysis,Beginner,2026-03-15
1390,Communication,Intermediate,2026-03-15
1391,Account Management,Intermediate,2026-03-15
1391,Negotiation,Intermediate,2026-03-15
1391,CRM,Advanced,2026-03-15
1391,Statistics,Beginner,2026-03-15
1391,Communication,Beginner,2026-03-15
1392,Deep Learning,Intermediate,2026-03-15
1392,Machine Learning,Beginner,2026-03-15
1392,PowerBI,Intermediate,2026-03-15
1392,SQL,Intermediate,2026-03-15
1392,Python,Intermediate,2026-03-15
1392,Statistics,Beginner,2026-03-15
1392,Excel,Intermediate,2026-03-15
1392,Data Visualization,Beginner,2026-03-15
1394,Machine Learning,Beginner,2026-03-15
1394,SQL,Advanced,2026-03-15
1394,Python,Beginner,2026-03-15
1394,Statistics,Intermediate,2026-03-15
1394,Excel,Intermediate,2026-03-15
1394,Data Visualization,Beginner,2026-03-15
1395,Account Management,Intermediate,2026-03-15
1395,Negotiation,Beginner,2026-03-15
1395,CRM,Intermediate,2026-03-15
1395,AWS,Beginner,2026-03-15
1395,B2B Sales,Beginner,2026-03-15
1395,Market Analysis,Beginner,2026-03-15
1395,Communication,Advanced,2026-03-15
1396,MLOps,Beginner,2026-03-15
1396,Negotiation,Intermediate,2026-03-15
1396,CRM,Intermediate,2026-03-15
1396,AWS,Intermediate,2026-03-15
1396,B2B Sales,Intermediate,2026-03-15
1396,Market Analysis,Intermediate,2026-03-15
1397,MLOps,Advanced,2026-03-15
1397,Python,Intermediate,2026-03-15
1397,SQL,Advanced,2026-03-15
1397,Excel,Beginner,2026-03-15
1397,Git,Beginner,2026-03-15
1399,Account Management,Intermediate,2026-03-15
1399,Negotiation,Advanced,2026-03-15
1399,CRM,Intermediate,2026-03-15
1399,B2B Sales,Advanced,2026-03-15
1399,Git,Beginner,2026-03-15
1399,Market Analysis,Intermediate,2026-03-15
1401,Supply Chain,Beginner,2026-03-15
1401,Lean Manufacturing,Beginner,2026-03-15
1401,Plant Management,Intermediate,2026-03-15
1401,Communication,Intermediate,2026-03-15
1401,Budgeting,Advanced,2026-03-15
1402,Deep Learning,Beginner,2026-03-15
1402,Machine Learning,Intermediate,2026-03-15
1402,SQL,Intermediate,2026-03-15
1402,Python,Beginner,2026-03-15
1402,AWS,Intermediate,2026-03-15
1402,Git,Intermediate,2026-03-15
1402,Data Visualization,Intermediate,2026-03-15
1403,PowerBI,Intermediate,2026-03-15
1403,Account Management,Intermediate,2026-03-15
1403,Negotiation,Beginner,2026-03-15
1403,CRM,Advanced,2026-03-15
1403,B2B Sales,Beginner,2026-03-15
1403,Market Analysis,Advanced,2026-03-15
1403,Communication,Intermediate,2026-03-15
1405,Deep Learning,Intermediate,2026-03-15
1405,Machine Learning,Advanced,2026-03-15
1405,Data Analysis,Intermediate,2026-03-15
1405,SQL,Beginner,2026-03-15
1405,Python,Intermediate,2026-03-15
1405,Data Visualization,Beginner,2026-03-15
1407,Deep Learning,Beginner,2026-03-15
1407,Machine Learning,Intermediate,2026-03-15
1407,SQL,Advanced,2026-03-15
1407,Python,Intermediate,2026-03-15
1407,Statistics,Intermediate,2026-03-15
1407,AWS,Intermediate,2026-03-15
1407,Data Visualization,Intermediate,2026-03-15
1408,Git,Intermediate,2026-03-15
1408,Python,Intermediate,2026-03-15
1408,Excel,Advanced,2026-03-15
1409,Git,Intermediate,2026-03-15
1409,PowerBI,Beginner,2026-03-15
1409,Python,Intermediate,2026-03-15
1411,PowerBI,Advanced,2026-03-15
1411,Python,Intermediate,2026-03-15
1411,AWS,Intermediate,2026-03-15
1411,Excel,Beginner,2026-03-15
1411,Git,Advanced,2026-03-15
1412,Supply Chain,Beginner,2026-03-15
1412,Lean Manufacturing,Intermediate,2026-03-15
1412,Data Analysis,Intermediate,2026-03-15
1412,Six Sigma,Advanced,2026-03-15
1412,Excel,Intermediate,2026-03-15
1412,Plant Management,Beginner,2026-03-15
1412,Budgeting,Intermediate,2026-03-15
1415,PowerBI,Beginner,2026-03-15
1415,Data Analysis,Intermediate,2026-03-15
1415,Python,Advanced,2026-03-15
1415,SQL,Beginner,2026-03-15
1415,Excel,Beginner,2026-03-15
1415,Git,Advanced,2026-03-15
1417,Python,Beginner,2026-03-15
1417,SQL,Beginner,2026-03-15
1417,AWS,Advanced,2026-03-15
1417,Excel,Intermediate,2026-03-15
1419,SQL,Intermediate,2026-03-15
1419,Python,Intermediate,2026-03-15
1419,Docker,Intermediate,2026-03-15
1419,Excel,Intermediate,2026-03-15
1419,Git,Beginner,2026-03-15
1420,SQL,Advanced,2026-03-15
1420,PowerBI,Intermediate,2026-03-15
1420,Python,Beginner,2026-03-15
1420,Statistics,Intermediate,2026-03-15
1421,PowerBI,Beginner,2026-03-15
1421,SQL,Advanced,2026-03-15
1421,Python,Advanced,2026-03-15
1421,Docker,Beginner,2026-03-15
1421,Excel,Advanced,2026-03-15
1421,Git,Intermediate,2026-03-15
1422,PowerBI,Advanced,2026-03-15
1422,SQL,Intermediate,2026-03-15
1422,Python,Intermediate,2026-03-15
1422,Excel,Intermediate,2026-03-15
1422,Git,Beginner,2026-03-15
1423,PowerBI,Advanced,2026-03-15
1423,SQL,Intermediate,2026-03-15
1423,Docker,Beginner,2026-03-15
1423,Excel,Intermediate,2026-03-15
1423,Git,Intermediate,2026-03-15
1424,PowerBI,Intermediate,2026-03-15
1424,SQL,Beginner,2026-03-15
1424,Python,Intermediate,2026-03-15
1424,AWS,Intermediate,2026-03-15
1424,Excel,Beginner,2026-03-15
1424,Git,Beginner,2026-03-15
1425,PowerBI,Beginner,2026-03-15
1425,Account Management,Intermediate,2026-03-15
1425,Negotiation,Advanced,2026-03-15
1425,CRM,Intermediate,2026-03-15
1425,Communication,Intermediate,2026-03-15
1427,PowerBI,Intermediate,2026-03-15
1427,Python,Intermediate,2026-03-15
1427,AWS,Advanced,2026-03-15
1427,Excel,Intermediate,2026-03-15
1427,Git,Intermediate,2026-03-15
1428,B2B Sales,Intermediate,2026-03-15
1428,Docker,Beginner,2026-03-15
1428,Account Management,Advanced,2026-03-15
1428,Negotiation,Beginner,2026-03-15
1430,PowerBI,Intermediate,2026-03-15
1430,SQL,Beginner,2026-03-15
1430,Docker,Intermediate,2026-03-15
1430,AWS,Intermediate,2026-03-15
1430,Git,Intermediate,2026-03-15
1431,Communication,Beginner,2026-03-15
1431,SQL,Intermediate,2026-03-15
1431,Machine Learning,Advanced,2026-03-15
1431,Data Visualization,Intermediate,2026-03-15
1433,Deep Learning,Intermediate,2026-03-15
1433,Machine Learning,Intermediate,2026-03-15
1433,SQL,Advanced,2026-03-15
1433,Python,Intermediate,2026-03-15
1433,Statistics,Intermediate,2026-03-15
1434,PowerBI,Beginner,2026-03-15
1434,SQL,Beginner,2026-03-15
1434,AWS,Intermediate,2026-03-15
1434,Excel,Beginner,2026-03-15
1434,Git,Advanced,2026-03-15
1435,PowerBI,Beginner,2026-03-15
1435,SQL,Intermediate,2026-03-15
1435,Python,Intermediate,2026-03-15
1435,Statistics,Intermediate,2026-03-15
1435,Excel,Intermediate,2026-03-15
1435,Git,Beginner,2026-03-15
1436,B2B Sales,Beginner,2026-03-15
1436,Git,Intermediate,2026-03-15
1436,CRM,Intermediate,2026-03-15
1436,Negotiation,Intermediate,2026-03-15
1438,Deep Learning,Intermediate,2026-03-15
1438,Machine Learning,Intermediate,2026-03-15
1438,SQL,Intermediate,2026-03-15
1438,Python,Advanced,2026-03-15
1438,Statistics,Beginner,2026-03-15
1438,Git,Advanced,2026-03-15
1438,Data Visualization,Intermediate,2026-03-15
1439,PowerBI,Beginner,2026-03-15
1439,MLOps,Intermediate,2026-03-15
1439,Python,Intermediate,2026-03-15
1439,Excel,Intermediate,2026-03-15
1439,Git,Intermediate,2026-03-15
1440,SQL,Beginner,2026-03-15
1440,Git,Intermediate,2026-03-15
1440,PowerBI,Advanced,2026-03-15
1440,Excel,Intermediate,2026-03-15
1441,Data Visualization,Intermediate,2026-03-15
1441,Python,Advanced,2026-03-15
1441,Deep Learning,Intermediate,2026-03-15
1441,Statistics,Beginner,2026-03-15
1443,PowerBI,Advanced,2026-03-15
1443,SQL,Intermediate,2026-03-15
1443,Python,Intermediate,2026-03-15
1443,Docker,Beginner,2026-03-15
1443,AWS,Beginner,2026-03-15
1443,Excel,Intermediate,2026-03-15
1445,Negotiation,Intermediate,2026-03-15
1445,Python,Beginner,2026-03-15
1445,CRM,Beginner,2026-03-15
1445,B2B Sales,Advanced,2026-03-15
1445,Market Analysis,Intermediate,2026-03-15
1445,Communication,Advanced,2026-03-15
1446,Account Management,Beginner,2026-03-15
1446,Negotiation,Beginner,2026-03-15
1446,CRM,Intermediate,2026-03-15
1446,Docker,Intermediate,2026-03-15
1446,B2B Sales,Beginner,2026-03-15
1446,Market Analysis,Intermediate,2026-03-15
1446,Communication,Intermediate,2026-03-15
1447,SQL,Advanced,2026-03-15
1447,Python,Intermediate,2026-03-15
1447,PowerBI,Beginner,2026-03-15
1447,Excel,Intermediate,2026-03-15
1448,Deep Learning,Beginner,2026-03-15
1448,Machine Learning,Intermediate,2026-03-15
1448,Python,Intermediate,2026-03-15
1448,SQL,Intermediate,2026-03-15
1448,Statistics,Advanced,2026-03-15
1448,Git,Intermediate,2026-03-15
1449,PowerBI,Beginner,2026-03-15
1449,SQL,Advanced,2026-03-15
1449,Python,Intermediate,2026-03-15
1449,Statistics,Intermediate,2026-03-15
1449,Git,Intermediate,2026-03-15
1453,Account Management,Beginner,2026-03-15
1453,Negotiation,Intermediate,2026-03-15
1453,CRM,Advanced,2026-03-15
1453,Statistics,Intermediate,2026-03-15
1453,AWS,Beginner,2026-03-15
1453,B2B Sales,Intermediate,2026-03-15
1453,Market Analysis,Beginner,2026-03-15
1453,Communication,Intermediate,2026-03-15
1457,PowerBI,Intermediate,2026-03-15
1457,Account Management,Beginner,2026-03-15
1457,Negotiation,Advanced,2026-03-15
1457,CRM,Intermediate,2026-03-15
1457,Docker,Beginner,2026-03-15
1457,B2B Sales,Advanced,2026-03-15
1457,Market Analysis,Intermediate,2026-03-15
1457,Communication,Advanced,2026-03-15
1458,Git,Intermediate,2026-03-15
1458,PowerBI,Advanced,2026-03-15
1458,AWS,Intermediate,2026-03-15
1458,Excel,Intermediate,2026-03-15
1459,Plant Management,Beginner,2026-03-15
1459,Communication,Beginner,2026-03-15
1459,Supply Chain,Beginner,2026-03-15
1459,Six Sigma,Beginner,2026-03-15
1460,SQL,Intermediate,2026-03-15
1460,Python,Beginner,2026-03-15
1460,PowerBI,Intermediate,2026-03-15
1460,Git,Intermediate,2026-03-15
1461,PowerBI,Intermediate,2026-03-15
1461,Python,Intermediate,2026-03-15
1461,SQL,Beginner,2026-03-15
1461,Statistics,Intermediate,2026-03-15
1464,PowerBI,Advanced,2026-03-15
1464,MLOps,Intermediate,2026-03-15
1464,Data Analysis,Intermediate,2026-03-15
1464,SQL,Advanced,2026-03-15
1464,Python,Advanced,2026-03-15
1464,Excel,Intermediate,2026-03-15
1464,Git,Beginner,2026-03-15
1465,Supply Chain,Intermediate,2026-03-15
1465,Lean Manufacturing,Beginner,2026-03-15
1465,Six Sigma,Intermediate,2026-03-15
1465,Plant Management,Advanced,2026-03-15
1465,Communication,Intermediate,2026-03-15
1465,Budgeting,Intermediate,2026-03-15
1466,B2B Sales,Advanced,2026-03-15
1466,Data Analysis,Intermediate,2026-03-15
1466,Market Analysis,Beginner,2026-03-15
1466,Account Management,Advanced,2026-03-15
1467,PowerBI,Beginner,2026-03-15
1467,SQL,Beginner,2026-03-15
1467,Python,Beginner,2026-03-15
1467,Docker,Advanced,2026-03-15
1467,Excel,Intermediate,2026-03-15
1468,Data Analysis,Advanced,2026-03-15
1468,Python,Intermediate,2026-03-15
1468,Statistics,Intermediate,2026-03-15
1468,Excel,Intermediate,2026-03-15
1468,Git,Intermediate,2026-03-15
1469,B2B Sales,Intermediate,2026-03-15
1469,PowerBI,Beginner,2026-03-15
1469,Account Management,Intermediate,2026-03-15
1469,Negotiation,Advanced,2026-03-15
1471,MLOps,Intermediate,2026-03-15
1471,Python,Advanced,2026-03-15
1471,SQL,Advanced,2026-03-15
1471,Excel,Intermediate,2026-03-15
1471,Git,Intermediate,2026-03-15
1472,Git,Advanced,2026-03-15
1472,Python,Advanced,2026-03-15
1472,AWS,Advanced,2026-03-15
1472,Excel,Beginner,2026-03-15
1473,SQL,Intermediate,2026-03-15
1473,Git,Intermediate,2026-03-15
1473,PowerBI,Intermediate,2026-03-15
1473,Python,Intermediate,2026-03-15
1474,Deep Learning,Intermediate,2026-03-15
1474,Machine Learning,Intermediate,2026-03-15
1474,Data Analysis,Intermediate,2026-03-15
1474,SQL,Intermediate,2026-03-15
1474,Statistics,Advanced,2026-03-15
1474,Data Visualization,Intermediate,2026-03-15
1475,Machine Learning,Advanced,2026-03-15
1475,SQL,Intermediate,2026-03-15
1475,Statistics,Intermediate,2026-03-15
1475,Excel,Beginner,2026-03-15
1475,Data Visualization,Intermediate,2026-03-15
1477,B2B Sales,Intermediate,2026-03-15
1477,Market Analysis,Advanced,2026-03-15
1477,PowerBI,Advanced,2026-03-15
1477,Communication,Intermediate,2026-03-15
1478,CRM,Intermediate,2026-03-15
1478,Market Analysis,Beginner,2026-03-15
1478,SQL,Intermediate,2026-03-15
1478,Communication,Advanced,2026-03-15
1479,Account Management,Advanced,2026-03-15
1479,Negotiation,Intermediate,2026-03-15
1479,Python,Beginner,2026-03-15
1479,CRM,Intermediate,2026-03-15
1479,Excel,Intermediate,2026-03-15
1479,B2B Sales,Beginner,2026-03-15
1479,Market Analysis,Advanced,2026-03-15
1480,PowerBI,Intermediate,2026-03-15
1480,SQL,Intermediate,2026-03-15
1480,Python,Advanced,2026-03-15
1480,Excel,Intermediate,2026-03-15
1480,Git,Advanced,2026-03-15
1481,Account Management,Intermediate,2026-03-15
1481,Python,Intermediate,2026-03-15
1481,CRM,Beginner,2026-03-15
1481,B2B Sales,Intermediate,2026-03-15
1481,Git,Beginner,2026-03-15
1481,Market Analysis,Intermediate,2026-03-15
1481,Communication,Intermediate,2026-03-15
1482,Deep Learning,Intermediate,2026-03-15
1482,Machine Learning,Intermediate,2026-03-15
1482,PowerBI,Intermediate,2026-03-15
1482,SQL,Intermediate,2026-03-15
1482,Python,Advanced,2026-03-15
1482,Data Visualization,Advanced,2026-03-15
1483,Deep Learning,Advanced,2026-03-15
1483,PowerBI,Intermediate,2026-03-15
1483,SQL,Beginner,2026-03-15
1483,Python,Intermediate,2026-03-15
1483,Docker,Intermediate,2026-03-15
1483,Statistics,Intermediate,2026-03-15
1483,Data Visualization,Advanced,2026-03-15
1484,Git,Advanced,2026-03-15
1484,Python,Intermediate,2026-03-15
1484,SQL,Beginner,2026-03-15
1485,SQL,Beginner,2026-03-15
1485,PowerBI,Intermediate,2026-03-15
1485,Python,Intermediate,2026-03-15
1485,Communication,Intermediate,2026-03-15
1486,PowerBI,Intermediate,2026-03-15
1486,SQL,Advanced,2026-03-15
1486,Python,Beginner,2026-03-15
1486,Excel,Intermediate,2026-03-15
1486,Git,Intermediate,2026-03-15
1487,Account Management,Intermediate,2026-03-15
1487,Negotiation,Beginner,2026-03-15
1487,CRM,Intermediate,2026-03-15
1487,Market Analysis,Intermediate,2026-03-15
1487,Communication,Intermediate,2026-03-15
1489,MLOps,Beginner,2026-03-15
1489,Data Analysis,Advanced,2026-03-15
1489,CRM,Intermediate,2026-03-15
1489,B2B Sales,Intermediate,2026-03-15
1489,Market Analysis,Intermediate,2026-03-15
1489,Communication,Advanced,2026-03-15
1492,PowerBI,Intermediate,2026-03-15
1492,SQL,Intermediate,2026-03-15
1492,Python,Beginner,2026-03-15
1492,Docker,Intermediate,2026-03-15
1492,Excel,Intermediate,2026-03-15
1494,PowerBI,Intermediate,2026-03-15
1494,MLOps,Advanced,2026-03-15
1494,Python,Intermediate,2026-03-15
1494,Statistics,Advanced,2026-03-15
1494,Git,Intermediate,2026-03-15
1495,SQL,Intermediate,2026-03-15
1495,Git,Beginner,2026-03-15
1495,Python,Intermediate,2026-03-15
1495,PowerBI,Beginner,2026-03-15
1496,Lean Manufacturing,Intermediate,2026-03-15
1496,Six Sigma,Advanced,2026-03-15
1496,Docker,Beginner,2026-03-15
1496,Plant Management,Beginner,2026-03-15
1496,Budgeting,Advanced,2026-03-15
1497,Account Management,Intermediate,2026-03-15
1497,Negotiation,Beginner,2026-03-15
1497,Data Analysis,Intermediate,2026-03-15
1497,AWS,Beginner,2026-03-15
1497,B2B Sales,Beginner,2026-03-15
1497,Market Analysis,Beginner,2026-03-15
1497,Communication,Intermediate,2026-03-15
1499,Git,Beginner,2026-03-15
1499,Python,Advanced,2026-03-15
1499,PowerBI,Intermediate,2026-03-15
1499,Excel,Intermediate,2026-03-15
1501,PowerBI,Intermediate,2026-03-15
1501,SQL,Advanced,2026-03-15
1501,Python,Intermediate,2026-03-15
1501,Statistics,Intermediate,2026-03-15
1501,Excel,Intermediate,2026-03-15
1501,Git,Beginner,2026-03-15
1502,SQL,Advanced,2026-03-15
1502,Git,Intermediate,2026-03-15
1502,PowerBI,Intermediate,2026-03-15
1502,Excel,Intermediate,2026-03-15
1503,Account Management,Intermediate,2026-03-15
1503,MLOps,Beginner,2026-03-15
1503,Negotiation,Beginner,2026-03-15
1503,CRM,Beginner,2026-03-15
1503,Statistics,Intermediate,2026-03-15
1503,Market Analysis,Beginner,2026-03-15
1503,Communication,Intermediate,2026-03-15
1504,Python,Intermediate,2026-03-15
1504,PowerBI,Intermediate,2026-03-15
1504,Communication,Intermediate,2026-03-15
1504,Excel,Intermediate,2026-03-15
1506,Deep Learning,Advanced,2026-03-15
1506,Machine Learning,Beginner,2026-03-15
1506,Python,Intermediate,2026-03-15
1506,Statistics,Advanced,2026-03-15
1506,Excel,Beginner,2026-03-15
1506,Data Visualization,Intermediate,2026-03-15
1507,PowerBI,Beginner,2026-03-15
1507,CRM,Intermediate,2026-03-15
1507,Statistics,Beginner,2026-03-15
1507,Market Analysis,Beginner,2026-03-15
1507,Communication,Intermediate,2026-03-15
1509,Git,Intermediate,2026-03-15
1509,PowerBI,Advanced,2026-03-15
1509,Python,Intermediate,2026-03-15
1509,Statistics,Intermediate,2026-03-15
1513,Git,Beginner,2026-03-15
1513,Python,Beginner,2026-03-15
1513,Excel,Advanced,2026-03-15
1514,Supply Chain,Beginner,2026-03-15
1514,Lean Manufacturing,Intermediate,2026-03-15
1514,SQL,Beginner,2026-03-15
1514,Plant Management,Intermediate,2026-03-15
1514,Communication,Beginner,2026-03-15
1515,PowerBI,Intermediate,2026-03-15
1515,MLOps,Beginner,2026-03-15
1515,Python,Intermediate,2026-03-15
1515,SQL,Beginner,2026-03-15
1515,Excel,Beginner,2026-03-15
1515,Git,Intermediate,2026-03-15
1516,PowerBI,Beginner,2026-03-15
1516,Python,Intermediate,2026-03-15
1516,SQL,Intermediate,2026-03-15
1516,Statistics,Intermediate,2026-03-15
1516,Excel,Beginner,2026-03-15
1516,Git,Intermediate,2026-03-15
1516,Communication,Intermediate,2026-03-15
1520,PowerBI,Intermediate,2026-03-15
1520,SQL,Beginner,2026-03-15
1520,Python,Beginner,2026-03-15
1520,Docker,Intermediate,2026-03-15
1520,Excel,Intermediate,2026-03-15
1520,Git,Intermediate,2026-03-15
1522,PowerBI,Beginner,2026-03-15
1522,Python,Advanced,2026-03-15
1522,Machine Learning,Advanced,2026-03-15
1522,Data Visualization,Intermediate,2026-03-15
1523,SQL,Intermediate,2026-03-15
1523,Git,Intermediate,2026-03-15
1523,PowerBI,Beginner,2026-03-15
1523,AWS,Intermediate,2026-03-15
1525,Plant Management,Intermediate,2026-03-15
1525,Lean Manufacturing,Intermediate,2026-03-15
1525,Supply Chain,Intermediate,2026-03-15
1525,Data Analysis,Beginner,2026-03-15
1527,Git,Beginner,2026-03-15
1527,Python,Intermediate,2026-03-15
1527,Communication,Intermediate,2026-03-15
1527,Excel,Intermediate,2026-03-15
1529,PowerBI,Advanced,2026-03-15
1529,Python,Intermediate,2026-03-15
1529,Docker,Intermediate,2026-03-15
1529,Excel,Intermediate,2026-03-15
1529,Git,Intermediate,2026-03-15
1533,PowerBI,Intermediate,2026-03-15
1533,Python,Intermediate,2026-03-15
1533,Statistics,Beginner,2026-03-15
1533,Excel,Intermediate,2026-03-15
1533,AWS,Intermediate,2026-03-15
1533,Git,Beginner,2026-03-15
1534,Git,Intermediate,2026-03-15
1534,SQL,Intermediate,2026-03-15
1534,Statistics,Intermediate,2026-03-15
1534,Excel,Intermediate,2026-03-15
1535,Account Management,Beginner,2026-03-15
1535,Negotiation,Advanced,2026-03-15
1535,Docker,Beginner,2026-03-15
1535,B2B Sales,Intermediate,2026-03-15
1535,Git,Advanced,2026-03-15
1535,Market Analysis,Intermediate,2026-03-15
1535,Communication,Advanced,2026-03-15
1537,Deep Learning,Beginner,2026-03-15
1537,SQL,Beginner,2026-03-15
1537,Python,Intermediate,2026-03-15
1537,Docker,Beginner,2026-03-15
1537,Statistics,Intermediate,2026-03-15
1537,Excel,Beginner,2026-03-15
1537,Data Visualization,Intermediate,2026-03-15
1539,PowerBI,Beginner,2026-03-15
1539,SQL,Intermediate,2026-03-15
1539,Python,Beginner,2026-03-15
1539,Excel,Intermediate,2026-03-15
1539,Git,Beginner,2026-03-15
1541,PowerBI,Advanced,2026-03-15
1541,SQL,Intermediate,2026-03-15
1541,Statistics,Intermediate,2026-03-15
1541,Excel,Intermediate,2026-03-15
1541,Git,Intermediate,2026-03-15
1542,Git,Beginner,2026-03-15
1542,Python,Advanced,2026-03-15
1542,SQL,Intermediate,2026-03-15
1542,MLOps,Intermediate,2026-03-15
1543,Deep Learning,Intermediate,2026-03-15
1543,Machine Learning,Advanced,2026-03-15
1543,Python,Intermediate,2026-03-15
1543,SQL,Intermediate,2026-03-15
1543,Statistics,Advanced,2026-03-15
1543,Git,Intermediate,2026-03-15
1543,Data Visualization,Intermediate,2026-03-15
1544,PowerBI,Intermediate,2026-03-15
1544,MLOps,Beginner,2026-03-15
1544,Python,Intermediate,2026-03-15
1544,Statistics,Intermediate,2026-03-15
1544,Excel,Advanced,2026-03-15
1545,PowerBI,Advanced,2026-03-15
1545,Supply Chain,Intermediate,2026-03-15
1545,Data Analysis,Intermediate,2026-03-15
1545,Six Sigma,Intermediate,2026-03-15
1545,Budgeting,Intermediate,2026-03-15
1546,Deep Learning,Advanced,2026-03-15
1546,Machine Learning,Intermediate,2026-03-15
1546,Data Analysis,Beginner,2026-03-15
1546,Python,Advanced,2026-03-15
1546,SQL,Intermediate,2026-03-15
1546,Statistics,Intermediate,2026-03-15
1546,Data Visualization,Intermediate,2026-03-15
1547,PowerBI,Intermediate,2026-03-15
1547,SQL,Advanced,2026-03-15
1547,Python,Advanced,2026-03-15
1547,Docker,Advanced,2026-03-15
1547,Excel,Advanced,2026-03-15
1547,Git,Beginner,2026-03-15
1548,Account Management,Advanced,2026-03-15
1548,Negotiation,Intermediate,2026-03-15
1548,Python,Intermediate,2026-03-15
1548,Excel,Advanced,2026-03-15
1548,B2B Sales,Intermediate,2026-03-15
1549,PowerBI,Advanced,2026-03-15
1549,SQL,Intermediate,2026-03-15
1549,Python,Intermediate,2026-03-15
1549,AWS,Intermediate,2026-03-15
1549,Excel,Intermediate,2026-03-15
1550,PowerBI,Beginner,2026-03-15
1550,MLOps,Intermediate,2026-03-15
1550,SQL,Intermediate,2026-03-15
1550,Python,Beginner,2026-03-15
1550,Excel,Beginner,2026-03-15
1550,Git,Intermediate,2026-03-15
1551,SQL,Intermediate,2026-03-15
1551,Git,Intermediate,2026-03-15
1551,Python,Advanced,2026-03-15
1551,Data Analysis,Advanced,2026-03-15
1552,PowerBI,Beginner,2026-03-15
1552,SQL,Intermediate,2026-03-15
1552,Python,Intermediate,2026-03-15
1552,AWS,Beginner,2026-03-15
1552,Excel,Beginner,2026-03-15
1552,Git,Beginner,2026-03-15
1553,PowerBI,Intermediate,2026-03-15
1553,Python,Beginner,2026-03-15
1553,Docker,Beginner,2026-03-15
1553,AWS,Intermediate,2026-03-15
1553,Git,Intermediate,2026-03-15
1554,PowerBI,Beginner,2026-03-15
1554,Python,Intermediate,2026-03-15
1554,Statistics,Intermediate,2026-03-15
1554,Excel,Advanced,2026-03-15
1554,AWS,Intermediate,2026-03-15
1554,Git,Intermediate,2026-03-15
1555,Deep Learning,Beginner,2026-03-15
1555,Machine Learning,Advanced,2026-03-15
1555,Data Analysis,Advanced,2026-03-15
1555,SQL,Beginner,2026-03-15
1555,Statistics,Intermediate,2026-03-15
1555,Data Visualization,Intermediate,2026-03-15
1556,PowerBI,Beginner,2026-03-15
1556,Data Analysis,Advanced,2026-03-15
1556,SQL,Beginner,2026-03-15
1556,Python,Intermediate,2026-03-15
1556,Excel,Beginner,2026-03-15
1556,Git,Intermediate,2026-03-15
1557,Negotiation,Intermediate,2026-03-15
1557,CRM,Beginner,2026-03-15
1557,Docker,Advanced,2026-03-15
1557,Excel,Beginner,2026-03-15
1557,B2B Sales,Advanced,2026-03-15
1557,Market Analysis,Intermediate,2026-03-15
1557,Communication,Intermediate,2026-03-15
1558,Deep Learning,Intermediate,2026-03-15
1558,Machine Learning,Intermediate,2026-03-15
1558,Data Analysis,Beginner,2026-03-15
1558,SQL,Intermediate,2026-03-15
1558,Statistics,Intermediate,2026-03-15
1558,Data Visualization,Intermediate,2026-03-15
1560,B2B Sales,Intermediate,2026-03-15
1560,Market Analysis,Intermediate,2026-03-15
1560,Communication,Intermediate,2026-03-15
1562,Account Management,Intermediate,2026-03-15
1562,Negotiation,Beginner,2026-03-15
1562,SQL,Intermediate,2026-03-15
1562,AWS,Intermediate,2026-03-15
1562,Market Analysis,Intermediate,2026-03-15
1563,PowerBI,Intermediate,2026-03-15
1563,MLOps,Intermediate,2026-03-15
1563,SQL,Intermediate,2026-03-15
1563,Python,Advanced,2026-03-15
1563,Git,Intermediate,2026-03-15
1564,Python,Beginner,2026-03-15
1564,PowerBI,Beginner,2026-03-15
1564,Communication,Intermediate,2026-03-15
1564,Excel,Beginner,2026-03-15
1568,PowerBI,Intermediate,2026-03-15
1568,Account Management,Beginner,2026-03-15
1568,Negotiation,Beginner,2026-03-15
1568,Excel,Advanced,2026-03-15
1568,Market Analysis,Advanced,2026-03-15
1568,Communication,Intermediate,2026-03-15
1569,PowerBI,Beginner,2026-03-15
1569,SQL,Beginner,2026-03-15
1569,AWS,Intermediate,2026-03-15
1569,Excel,Advanced,2026-03-15
1569,Git,Intermediate,2026-03-15
1572,Supply Chain,Advanced,2026-03-15
1572,MLOps,Intermediate,2026-03-15
1572,Lean Manufacturing,Advanced,2026-03-15
1572,Six Sigma,Beginner,2026-03-15
1572,Statistics,Intermediate,2026-03-15
1572,Plant Management,Intermediate,2026-03-15
1572,Budgeting,Beginner,2026-03-15
1573,Supply Chain,Advanced,2026-03-15
1573,SQL,Intermediate,2026-03-15
1573,Six Sigma,Intermediate,2026-03-15
1573,AWS,Intermediate,2026-03-15
1573,Budgeting,Advanced,2026-03-15
1574,SQL,Intermediate,2026-03-15
1574,Machine Learning,Beginner,2026-03-15
1574,Data Visualization,Beginner,2026-03-15
1574,Excel,Intermediate,2026-03-15
1576,MLOps,Advanced,2026-03-15
1576,Python,Intermediate,2026-03-15
1576,SQL,Intermediate,2026-03-15
1576,Statistics,Intermediate,2026-03-15
1576,AWS,Intermediate,2026-03-15
1577,Deep Learning,Advanced,2026-03-15
1577,Machine Learning,Intermediate,2026-03-15
1577,SQL,Beginner,2026-03-15
1577,Python,Intermediate,2026-03-15
1577,Docker,Beginner,2026-03-15
1577,Statistics,Beginner,2026-03-15
1577,Communication,Intermediate,2026-03-15
1577,Data Visualization,Intermediate,2026-03-15
1578,PowerBI,Intermediate,2026-03-15
1578,SQL,Beginner,2026-03-15
1578,Python,Advanced,2026-03-15
1578,Excel,Intermediate,2026-03-15
1578,Git,Intermediate,2026-03-15
1580,Deep Learning,Intermediate,2026-03-15
1580,Machine Learning,Intermediate,2026-03-15
1580,Python,Intermediate,2026-03-15
1580,SQL,Intermediate,2026-03-15
1580,Statistics,Beginner,2026-03-15
1580,AWS,Beginner,2026-03-15
1580,Communication,Beginner,2026-03-15
1580,Data Visualization,Beginner,2026-03-15
1581,Deep Learning,Intermediate,2026-03-15
1581,Machine Learning,Intermediate,2026-03-15
1581,Python,Intermediate,2026-03-15
1581,SQL,Intermediate,2026-03-15
1581,Docker,Intermediate,2026-03-15
1581,Statistics,Advanced,2026-03-15
1581,Data Visualization,Intermediate,2026-03-15
1582,Account Management,Intermediate,2026-03-15
1582,Negotiation,Advanced,2026-03-15
1582,Python,Intermediate,2026-03-15
1582,AWS,Intermediate,2026-03-15
1582,Market Analysis,Intermediate,2026-03-15
1582,Communication,Intermediate,2026-03-15
1583,MLOps,Beginner,2026-03-15
1583,Negotiation,Advanced,2026-03-15
1583,Python,Intermediate,2026-03-15
1583,CRM,Intermediate,2026-03-15
1583,B2B Sales,Intermediate,2026-03-15
1583,Market Analysis,Intermediate,2026-03-15
1585,Account Management,Intermediate,2026-03-15
1585,Negotiation,Advanced,2026-03-15
1585,Data Analysis,Advanced,2026-03-15
1585,Docker,Intermediate,2026-03-15
1585,B2B Sales,Intermediate,2026-03-15
1585,Market Analysis,Intermediate,2026-03-15
1585,Communication,Intermediate,2026-03-15
1586,SQL,Intermediate,2026-03-15
1586,Git,Advanced,2026-03-15
1586,Python,Intermediate,2026-03-15
1586,Communication,Intermediate,2026-03-15
1587,SQL,Advanced,2026-03-15
1587,Python,Intermediate,2026-03-15
1587,PowerBI,Intermediate,2026-03-15
1587,Excel,Beginner,2026-03-15
1588,Account Management,Intermediate,2026-03-15
1588,CRM,Intermediate,2026-03-15
1588,B2B Sales,Beginner,2026-03-15
1588,Git,Intermediate,2026-03-15
1588,Market Analysis,Beginner,2026-03-15
1588,Communication,Intermediate,2026-03-15
1590,PowerBI,Intermediate,2026-03-15
1590,Python,Advanced,2026-03-15
1590,SQL,Beginner,2026-03-15
1590,Statistics,Beginner,2026-03-15
1590,Excel,Intermediate,2026-03-15
1590,Git,Intermediate,2026-03-15
1591,Python,Intermediate,2026-03-15
1591,SQL,Intermediate,2026-03-15
1591,Excel,Intermediate,2026-03-15
1591,Git,Intermediate,2026-03-15
1591,Communication,Beginner,2026-03-15
1592,Deep Learning,Intermediate,2026-03-15
1592,Machine Learning,Advanced,2026-03-15
1592,SQL,Intermediate,2026-03-15
1592,Python,Intermediate,2026-03-15
1592,Statistics,Advanced,2026-03-15
1594,Git,Intermediate,2026-03-15
1594,Python,Advanced,2026-03-15
1594,PowerBI,Intermediate,2026-03-15
1595,PowerBI,Advanced,2026-03-15
1595,Data Analysis,Intermediate,2026-03-15
1595,SQL,Beginner,2026-03-15
1595,Python,Intermediate,2026-03-15
1595,Excel,Advanced,2026-03-15
1595,Git,Intermediate,2026-03-15
1596,SQL,Intermediate,2026-03-15
1596,Python,Intermediate,2026-03-15
1596,Docker,Advanced,2026-03-15
1596,Excel,Advanced,2026-03-15
1596,Git,Advanced,2026-03-15
1597,PowerBI,Intermediate,2026-03-15
1597,SQL,Intermediate,2026-03-15
1597,Python,Intermediate,2026-03-15
1597,Excel,Advanced,2026-03-15
1597,Communication,Beginner,2026-03-15
1598,Communication,Intermediate,2026-03-15
1598,Market Analysis,Intermediate,2026-03-15
1598,Account Management,Intermediate,2026-03-15
1598,CRM,Intermediate,2026-03-15
1599,SQL,Beginner,2026-03-15
1599,Git,Advanced,2026-03-15
1599,Python,Beginner,2026-03-15
1599,AWS,Advanced,2026-03-15
1601,PowerBI,Intermediate,2026-03-15
1601,SQL,Beginner,2026-03-15
1601,Python,Intermediate,2026-03-15
1601,Excel,Advanced,2026-03-15
1601,Git,Intermediate,2026-03-15
1602,Git,Beginner,2026-03-15
1602,Python,Intermediate,2026-03-15
1602,Docker,Beginner,2026-03-15
1602,Excel,Advanced,2026-03-15
1604,Git,Beginner,2026-03-15
1604,SQL,Intermediate,2026-03-15
1604,Excel,Intermediate,2026-03-15
1605,Deep Learning,Intermediate,2026-03-15
1605,Machine Learning,Advanced,2026-03-15
1605,SQL,Intermediate,2026-03-15
1605,Python,Beginner,2026-03-15
1605,Statistics,Intermediate,2026-03-15
1605,Excel,Intermediate,2026-03-15
1605,Data Visualization,Advanced,2026-03-15
1606,PowerBI,Advanced,2026-03-15
1606,SQL,Beginner,2026-03-15
1606,Python,Intermediate,2026-03-15
1606,Docker,Advanced,2026-03-15
1606,Excel,Intermediate,2026-03-15
1607,Deep Learning,Beginner,2026-03-15
1607,Machine Learning,Advanced,2026-03-15
1607,Python,Beginner,2026-03-15
1607,SQL,Beginner,2026-03-15
1607,Statistics,Intermediate,2026-03-15
1607,Git,Intermediate,2026-03-15
1607,Data Visualization,Intermediate,2026-03-15
1608,PowerBI,Intermediate,2026-03-15
1608,SQL,Intermediate,2026-03-15
1608,Python,Intermediate,2026-03-15
1608,Excel,Intermediate,2026-03-15
1608,Git,Beginner,2026-03-15
1608,Communication,Beginner,2026-03-15
1609,Deep Learning,Beginner,2026-03-15
1609,Machine Learning,Intermediate,2026-03-15
1609,SQL,Beginner,2026-03-15
1609,Python,Intermediate,2026-03-15
1609,Git,Advanced,2026-03-15
1609,Communication,Beginner,2026-03-15
1611,SQL,Beginner,2026-03-15
1611,PowerBI,Intermediate,2026-03-15
1611,Docker,Intermediate,2026-03-15
1611,Excel,Beginner,2026-03-15
1612,B2B Sales,Intermediate,2026-03-15
1612,CRM,Intermediate,2026-03-15
1612,Communication,Intermediate,2026-03-15
1612,MLOps,Intermediate,2026-03-15
1613,PowerBI,Intermediate,2026-03-15
1613,Account Management,Intermediate,2026-03-15
1613,CRM,Beginner,2026-03-15
1613,Docker,Beginner,2026-03-15
1613,Market Analysis,Intermediate,2026-03-15
1614,Supply Chain,Intermediate,2026-03-15
1614,Lean Manufacturing,Beginner,2026-03-15
1614,Statistics,Advanced,2026-03-15
1614,AWS,Advanced,2026-03-15
1614,Plant Management,Beginner,2026-03-15
1614,Budgeting,Advanced,2026-03-15
1615,Supply Chain,Intermediate,2026-03-15
1615,Lean Manufacturing,Intermediate,2026-03-15
1615,Six Sigma,Beginner,2026-03-15
1615,Docker,Beginner,2026-03-15
1615,Plant Management,Intermediate,2026-03-15
1615,Budgeting,Advanced,2026-03-15
1617,Git,Intermediate,2026-03-15
1617,Python,Intermediate,2026-03-15
1617,Excel,Intermediate,2026-03-15
1618,Lean Manufacturing,Intermediate,2026-03-15
1618,Six Sigma,Intermediate,2026-03-15
1618,Docker,Intermediate,2026-03-15
1618,Excel,Intermediate,2026-03-15
1618,Budgeting,Intermediate,2026-03-15
1619,PowerBI,Advanced,2026-03-15
1619,MLOps,Intermediate,2026-03-15
1619,Python,Intermediate,2026-03-15
1619,SQL,Advanced,2026-03-15
1619,Git,Intermediate,2026-03-15
1621,Data Analysis,Intermediate,2026-03-15
1621,Python,Intermediate,2026-03-15
1621,SQL,Intermediate,2026-03-15
1621,Deep Learning,Intermediate,2026-03-15
1622,Supply Chain,Intermediate,2026-03-15
1622,Six Sigma,Intermediate,2026-03-15
1622,Budgeting,Advanced,2026-03-15
1622,AWS,Beginner,2026-03-15
1623,Deep Learning,Intermediate,2026-03-15
1623,Machine Learning,Beginner,2026-03-15
1623,SQL,Intermediate,2026-03-15
1623,Python,Intermediate,2026-03-15
1623,Statistics,Beginner,2026-03-15
1623,AWS,Advanced,2026-03-15
1623,Data Visualization,Beginner,2026-03-15
1624,PowerBI,Advanced,2026-03-15
1624,Data Analysis,Intermediate,2026-03-15
1624,SQL,Intermediate,2026-03-15
1624,Python,Intermediate,2026-03-15
1624,Excel,Intermediate,2026-03-15
1624,Git,Beginner,2026-03-15
1625,SQL,Intermediate,2026-03-15
1625,PowerBI,Beginner,2026-03-15
1625,Python,Intermediate,2026-03-15
1625,Excel,Intermediate,2026-03-15
1627,PowerBI,Intermediate,2026-03-15
1627,Data Analysis,Beginner,2026-03-15
1627,SQL,Intermediate,2026-03-15
1627,Python,Intermediate,2026-03-15
1627,Git,Intermediate,2026-03-15
1627,Communication,Intermediate,2026-03-15
1628,Supply Chain,Beginner,2026-03-15
1628,SQL,Intermediate,2026-03-15
1628,Six Sigma,Intermediate,2026-03-15
1628,Statistics,Beginner,2026-03-15
1628,Plant Management,Advanced,2026-03-15
1628,Budgeting,Beginner,2026-03-15
1630,Git,Intermediate,2026-03-15
1630,PowerBI,Beginner,2026-03-15
1630,SQL,Intermediate,2026-03-15
1630,Python,Beginner,2026-03-15
1631,Lean Manufacturing,Intermediate,2026-03-15
1631,Six Sigma,Intermediate,2026-03-15
1631,Statistics,Intermediate,2026-03-15
1631,Plant Management,Advanced,2026-03-15
1631,Communication,Intermediate,2026-03-15
1631,Budgeting,Intermediate,2026-03-15
1633,Lean Manufacturing,Intermediate,2026-03-15
1633,Python,Beginner,2026-03-15
1633,Six Sigma,Intermediate,2026-03-15
1633,Plant Management,Intermediate,2026-03-15
1633,Budgeting,Advanced,2026-03-15
1635,Supply Chain,Intermediate,2026-03-15
1635,Lean Manufacturing,Intermediate,2026-03-15
1635,SQL,Advanced,2026-03-15
1635,Six Sigma,Advanced,2026-03-15
1635,Excel,Advanced,2026-03-15
1635,Plant Management,Intermediate,2026-03-15
1635,Budgeting,Intermediate,2026-03-15
1638,Supply Chain,Beginner,2026-03-15
1638,Lean Manufacturing,Beginner,2026-03-15
1638,SQL,Intermediate,2026-03-15
1638,Six Sigma,Intermediate,2026-03-15
1638,Plant Management,Beginner,2026-03-15
1639,Python,Beginner,2026-03-15
1639,Account Management,Intermediate,2026-03-15
1639,Market Analysis,Intermediate,2026-03-15
1639,CRM,Intermediate,2026-03-15
1640,Deep Learning,Beginner,2026-03-15
1640,Machine Learning,Intermediate,2026-03-15
1640,SQL,Intermediate,2026-03-15
1640,Python,Advanced,2026-03-15
1640,Statistics,Intermediate,2026-03-15
1641,Supply Chain,Beginner,2026-03-15
1641,MLOps,Intermediate,2026-03-15
1641,Lean Manufacturing,Beginner,2026-03-15
1641,Six Sigma,Intermediate,2026-03-15
1641,Plant Management,Intermediate,2026-03-15
1641,Budgeting,Intermediate,2026-03-15
1642,PowerBI,Intermediate,2026-03-15
1642,MLOps,Beginner,2026-03-15
1642,Python,Beginner,2026-03-15
1642,SQL,Beginner,2026-03-15
1642,Excel,Intermediate,2026-03-15
1642,Git,Intermediate,2026-03-15
1644,PowerBI,Intermediate,2026-03-15
1644,Python,Advanced,2026-03-15
1644,SQL,Beginner,2026-03-15
1644,AWS,Advanced,2026-03-15
1644,Excel,Intermediate,2026-03-15
1644,Git,Advanced,2026-03-15
1644,Communication,Beginner,2026-03-15
1645,Account Management,Intermediate,2026-03-15
1645,Negotiation,Advanced,2026-03-15
1645,CRM,Intermediate,2026-03-15
1645,Excel,Beginner,2026-03-15
1645,B2B Sales,Beginner,2026-03-15
1645,Market Analysis,Advanced,2026-03-15
1645,Communication,Intermediate,2026-03-15
1646,Deep Learning,Beginner,2026-03-15
1646,Machine Learning,Intermediate,2026-03-15
1646,Python,Intermediate,2026-03-15
1646,SQL,Advanced,2026-03-15
1646,Docker,Beginner,2026-03-15
1646,Statistics,Intermediate,2026-03-15
1646,Data Visualization,Beginner,2026-03-15
1647,Deep Learning,Beginner,2026-03-15
1647,Machine Learning,Beginner,2026-03-15
1647,SQL,Intermediate,2026-03-15
1647,Python,Intermediate,2026-03-15
1647,Statistics,Intermediate,2026-03-15
1647,Data Visualization,Beginner,2026-03-15
1648,Deep Learning,Intermediate,2026-03-15
1648,Machine Learning,Intermediate,2026-03-15
1648,MLOps,Advanced,2026-03-15
1648,SQL,Intermediate,2026-03-15
1648,Python,Advanced,2026-03-15
1648,Statistics,Intermediate,2026-03-15
1648,Data Visualization,Advanced,2026-03-15
1649,PowerBI,Intermediate,2026-03-15
1649,SQL,Intermediate,2026-03-15
1649,Statistics,Intermediate,2026-03-15
1649,Excel,Intermediate,2026-03-15
1650,Account Management,Beginner,2026-03-15
1650,Negotiation,Intermediate,2026-03-15
1650,CRM,Advanced,2026-03-15
1650,B2B Sales,Advanced,2026-03-15
1650,Git,Beginner,2026-03-15
1650,Market Analysis,Beginner,2026-03-15
1651,Git,Beginner,2026-03-15
1651,PowerBI,Beginner,2026-03-15
1651,MLOps,Beginner,2026-03-15
1651,Excel,Intermediate,2026-03-15
1653,Supply Chain,Intermediate,2026-03-15
1653,Lean Manufacturing,Intermediate,2026-03-15
1653,Data Analysis,Advanced,2026-03-15
1653,Six Sigma,Beginner,2026-03-15
1653,Excel,Advanced,2026-03-15
1653,Plant Management,Beginner,2026-03-15
1654,Statistics,Beginner,2026-03-15
1654,Lean Manufacturing,Beginner,2026-03-15
1654,Six Sigma,Intermediate,2026-03-15
1654,Budgeting,Intermediate,2026-03-15
1655,MLOps,Intermediate,2026-03-15
1655,Python,Advanced,2026-03-15
1655,SQL,Intermediate,2026-03-15
1655,Excel,Intermediate,2026-03-15
1655,Git,Intermediate,2026-03-15
1656,SQL,Intermediate,2026-03-15
1656,Python,Beginner,2026-03-15
1656,PowerBI,Beginner,2026-03-15
1656,Docker,Intermediate,2026-03-15
1657,SQL,Intermediate,2026-03-15
1657,Python,Beginner,2026-03-15
1657,PowerBI,Beginner,2026-03-15
1657,Git,Beginner,2026-03-15
1658,SQL,Intermediate,2026-03-15
1658,Python,Intermediate,2026-03-15
1658,Docker,Advanced,2026-03-15
1658,Statistics,Advanced,2026-03-15
1658,Data Visualization,Intermediate,2026-03-15
1659,SQL,Intermediate,2026-03-15
1659,PowerBI,Intermediate,2026-03-15
1659,Python,Advanced,2026-03-15
1661,PowerBI,Advanced,2026-03-15
1661,Python,Beginner,2026-03-15
1661,AWS,Advanced,2026-03-15
1661,Excel,Advanced,2026-03-15
1661,Statistics,Advanced,2026-03-15
1661,Git,Intermediate,2026-03-15
1662,Supply Chain,Intermediate,2026-03-15
1662,Six Sigma,Beginner,2026-03-15
1662,Docker,Advanced,2026-03-15
1662,Plant Management,Intermediate,2026-03-15
1662,Budgeting,Intermediate,2026-03-15
1664,PowerBI,Beginner,2026-03-15
1664,Data Analysis,Intermediate,2026-03-15
1664,SQL,Intermediate,2026-03-15
1664,Statistics,Beginner,2026-03-15
1664,Excel,Advanced,2026-03-15
1665,PowerBI,Intermediate,2026-03-15
1665,SQL,Beginner,2026-03-15
1665,Python,Intermediate,2026-03-15
1665,Excel,Beginner,2026-03-15
1665,Git,Intermediate,2026-03-15
1666,PowerBI,Beginner,2026-03-15
1666,Python,Intermediate,2026-03-15
1666,AWS,Intermediate,2026-03-15
1666,Excel,Intermediate,2026-03-15
1666,Git,Advanced,2026-03-15
1667,Account Management,Intermediate,2026-03-15
1667,Negotiation,Intermediate,2026-03-15
1667,CRM,Intermediate,2026-03-15
1667,AWS,Beginner,2026-03-15
1667,B2B Sales,Intermediate,2026-03-15
1667,Market Analysis,Beginner,2026-03-15
1667,Communication,Intermediate,2026-03-15
1668,Deep Learning,Advanced,2026-03-15
1668,Machine Learning,Intermediate,2026-03-15
1668,SQL,Intermediate,2026-03-15
1668,Python,Beginner,2026-03-15
1668,Statistics,Intermediate,2026-03-15
1668,AWS,Intermediate,2026-03-15
1668,Data Visualization,Advanced,2026-03-15
1669,Account Management,Beginner,2026-03-15
1669,SQL,Intermediate,2026-03-15
1669,CRM,Intermediate,2026-03-15
1669,AWS,Intermediate,2026-03-15
1669,B2B Sales,Advanced,2026-03-15
1669,Communication,Beginner,2026-03-15
1670,Account Management,Intermediate,2026-03-15
1670,Negotiation,Beginner,2026-03-15
1670,CRM,Intermediate,2026-03-15
1670,Statistics,Beginner,2026-03-15
1670,B2B Sales,Beginner,2026-03-15
1670,Market Analysis,Beginner,2026-03-15
1670,Communication,Intermediate,2026-03-15
1671,Machine Learning,Beginner,2026-03-15
1671,Python,Advanced,2026-03-15
1671,SQL,Advanced,2026-03-15
1671,Statistics,Beginner,2026-03-15
1671,Data Visualization,Intermediate,2026-03-15
1673,PowerBI,Intermediate,2026-03-15
1673,Account Management,Advanced,2026-03-15
1673,Negotiation,Beginner,2026-03-15
1673,CRM,Beginner,2026-03-15
1673,B2B Sales,Intermediate,2026-03-15
1673,Market Analysis,Intermediate,2026-03-15
1673,Communication,Advanced,2026-03-15
1674,Git,Advanced,2026-03-15
1674,PowerBI,Beginner,2026-03-15
1674,Statistics,Intermediate,2026-03-15
1674,Excel,Intermediate,2026-03-15
1675,MLOps,Intermediate,2026-03-15
1675,Data Analysis,Beginner,2026-03-15
1675,Python,Intermediate,2026-03-15
1675,Excel,Beginner,2026-03-15
1675,Git,Beginner,2026-03-15
1676,Git,Advanced,2026-03-15
1676,PowerBI,Beginner,2026-03-15
1676,Python,Intermediate,2026-03-15
1676,Excel,Intermediate,2026-03-15
1677,PowerBI,Advanced,2026-03-15
1677,SQL,Beginner,2026-03-15
1677,Python,Intermediate,2026-03-15
1677,Statistics,Intermediate,2026-03-15
1677,Git,Intermediate,2026-03-15
1678,Account Management,Intermediate,2026-03-15
1678,CRM,Beginner,2026-03-15
1678,Docker,Beginner,2026-03-15
1678,B2B Sales,Intermediate,2026-03-15
1678,Market Analysis,Intermediate,2026-03-15
1678,Communication,Intermediate,2026-03-15
1680,PowerBI,Intermediate,2026-03-15
1680,Data Analysis,Beginner,2026-03-15
1680,SQL,Advanced,2026-03-15
1680,Statistics,Intermediate,2026-03-15
1680,Git,Intermediate,2026-03-15
1681,Account Management,Intermediate,2026-03-15
1681,Negotiation,Advanced,2026-03-15
1681,Python,Intermediate,2026-03-15
1681,CRM,Intermediate,2026-03-15
1681,B2B Sales,Advanced,2026-03-15
1681,Market Analysis,Intermediate,2026-03-15
1681,Communication,Beginner,2026-03-15
1682,PowerBI,Beginner,2026-03-15
1682,Python,Intermediate,2026-03-15
1682,SQL,Advanced,2026-03-15
1682,Docker,Beginner,2026-03-15
1682,Excel,Beginner,2026-03-15
1683,PowerBI,Advanced,2026-03-15
1683,MLOps,Intermediate,2026-03-15
1683,SQL,Advanced,2026-03-15
1683,Python,Intermediate,2026-03-15
1683,Statistics,Intermediate,2026-03-15
1683,Excel,Intermediate,2026-03-15
1683,Git,Intermediate,2026-03-15
1684,PowerBI,Advanced,2026-03-15
1684,SQL,Beginner,2026-03-15
1684,Python,Advanced,2026-03-15
1684,Excel,Intermediate,2026-03-15
1684,Git,Intermediate,2026-03-15
1687,PowerBI,Intermediate,2026-03-15
1687,MLOps,Beginner,2026-03-15
1687,SQL,Beginner,2026-03-15
1687,Excel,Advanced,2026-03-15
1687,Git,Intermediate,2026-03-15
1689,PowerBI,Intermediate,2026-03-15
1689,SQL,Intermediate,2026-03-15
1689,Python,Intermediate,2026-03-15
1689,Docker,Intermediate,2026-03-15
1689,Excel,Advanced,2026-03-15
1689,Git,Intermediate,2026-03-15
1691,PowerBI,Intermediate,2026-03-15
1691,MLOps,Intermediate,2026-03-15
1691,Python,Advanced,2026-03-15
1691,AWS,Intermediate,2026-03-15
1691,Excel,Intermediate,2026-03-15
1691,Git,Intermediate,2026-03-15
1692,Git,Intermediate,2026-03-15
1692,Python,Beginner,2026-03-15
1692,SQL,Intermediate,2026-03-15
1692,AWS,Intermediate,2026-03-15
1693,PowerBI,Advanced,2026-03-15
1693,MLOps,Intermediate,2026-03-15
1693,SQL,Advanced,2026-03-15
1693,Python,Intermediate,2026-03-15
1693,Excel,Beginner,2026-03-15
1693,Git,Intermediate,2026-03-15
1694,Machine Learning,Intermediate,2026-03-15
1694,SQL,Beginner,2026-03-15
1694,Python,Advanced,2026-03-15
1694,Docker,Advanced,2026-03-15
1694,Statistics,Intermediate,2026-03-15
1696,PowerBI,Intermediate,2026-03-15
1696,Python,Intermediate,2026-03-15
1696,SQL,Beginner,2026-03-15
1696,Excel,Intermediate,2026-03-15
1696,Git,Advanced,2026-03-15
1696,Communication,Beginner,2026-03-15
1697,PowerBI,Intermediate,2026-03-15
1697,SQL,Intermediate,2026-03-15
1697,Python,Intermediate,2026-03-15
1697,Excel,Advanced,2026-03-15
1697,Git,Beginner,2026-03-15
1698,SQL,Intermediate,2026-03-15
1698,Python,Intermediate,2026-03-15
1698,Docker,Intermediate,2026-03-15
1698,AWS,Intermediate,2026-03-15
1698,Excel,Intermediate,2026-03-15
1700,Account Management,Advanced,2026-03-15
1700,Negotiation,Intermediate,2026-03-15
1700,CRM,Intermediate,2026-03-15
1700,B2B Sales,Advanced,2026-03-15
1700,Git,Intermediate,2026-03-15
1700,Market Analysis,Intermediate,2026-03-15
1700,Communication,Intermediate,2026-03-15
1701,Deep Learning,Advanced,2026-03-15
1701,Machine Learning,Beginner,2026-03-15
1701,Python,Advanced,2026-03-15
1701,SQL,Advanced,2026-03-15
1701,Docker,Advanced,2026-03-15
1701,Statistics,Intermediate,2026-03-15
1701,Communication,Advanced,2026-03-15
1701,Data Visualization,Intermediate,2026-03-15
1702,PowerBI,Intermediate,2026-03-15
1702,SQL,Intermediate,2026-03-15
1702,Python,Beginner,2026-03-15
1702,Excel,Intermediate,2026-03-15
1702,Git,Advanced,2026-03-15
1703,PowerBI,Beginner,2026-03-15
1703,Data Analysis,Intermediate,2026-03-15
1703,SQL,Advanced,2026-03-15
1703,Python,Advanced,2026-03-15
1703,Statistics,Beginner,2026-03-15
1703,Excel,Intermediate,2026-03-15
1703,Git,Beginner,2026-03-15
1704,Deep Learning,Intermediate,2026-03-15
1704,Machine Learning,Advanced,2026-03-15
1704,Python,Beginner,2026-03-15
1704,SQL,Intermediate,2026-03-15
1704,Statistics,Intermediate,2026-03-15
1704,Communication,Beginner,2026-03-15
1704,Data Visualization,Intermediate,2026-03-15
1706,Account Management,Intermediate,2026-03-15
1706,Negotiation,Advanced,2026-03-15
1706,CRM,Beginner,2026-03-15
1706,Excel,Intermediate,2026-03-15
1706,B2B Sales,Beginner,2026-03-15
1706,Market Analysis,Advanced,2026-03-15
1706,Communication,Intermediate,2026-03-15
1707,PowerBI,Beginner,2026-03-15
1707,Machine Learning,Intermediate,2026-03-15
1707,Python,Intermediate,2026-03-15
1707,SQL,Intermediate,2026-03-15
1707,Statistics,Beginner,2026-03-15
1707,Excel,Intermediate,2026-03-15
1707,Data Visualization,Beginner,2026-03-15
1708,Account Management,Intermediate,2026-03-15
1708,Negotiation,Intermediate,2026-03-15
1708,Python,Intermediate,2026-03-15
1708,CRM,Intermediate,2026-03-15
1708,Market Analysis,Advanced,2026-03-15
1708,Communication,Beginner,2026-03-15
1709,PowerBI,Advanced,2026-03-15
1709,SQL,Beginner,2026-03-15
1709,Docker,Intermediate,2026-03-15
1709,Excel,Intermediate,2026-03-15
1709,Git,Intermediate,2026-03-15
1710,PowerBI,Intermediate,2026-03-15
1710,SQL,Advanced,2026-03-15
1710,Python,Intermediate,2026-03-15
1710,Excel,Beginner,2026-03-15
1710,Git,Intermediate,2026-03-15
1710,Communication,Intermediate,2026-03-15
1712,PowerBI,Intermediate,2026-03-15
1712,Python,Intermediate,2026-03-15
1712,SQL,Intermediate,2026-03-15
1712,AWS,Intermediate,2026-03-15
1712,Excel,Advanced,2026-03-15
1712,Git,Intermediate,2026-03-15
1714,PowerBI,Intermediate,2026-03-15
1714,SQL,Advanced,2026-03-15
1714,Statistics,Intermediate,2026-03-15
1714,Excel,Advanced,2026-03-15
1714,AWS,Intermediate,2026-03-15
1714,Git,Intermediate,2026-03-15
1716,Account Management,Advanced,2026-03-15
1716,Negotiation,Advanced,2026-03-15
1716,Python,Advanced,2026-03-15
1716,CRM,Intermediate,2026-03-15
1716,Docker,Intermediate,2026-03-15
1716,Market Analysis,Beginner,2026-03-15
1716,Communication,Advanced,2026-03-15
1718,PowerBI,Intermediate,2026-03-15
1718,Python,Beginner,2026-03-15
1718,Docker,Intermediate,2026-03-15
1718,Excel,Intermediate,2026-03-15
1718,Git,Intermediate,2026-03-15
1719,PowerBI,Beginner,2026-03-15
1719,Data Analysis,Intermediate,2026-03-15
1719,Python,Beginner,2026-03-15
1719,Git,Beginner,2026-03-15
1719,Communication,Intermediate,2026-03-15
1720,Deep Learning,Advanced,2026-03-15
1720,Machine Learning,Intermediate,2026-03-15
1720,Python,Beginner,2026-03-15
1720,Statistics,Beginner,2026-03-15
1720,Data Visualization,Advanced,2026-03-15
1721,SQL,Intermediate,2026-03-15
1721,Python,Intermediate,2026-03-15
1721,Docker,Advanced,2026-03-15
1721,AWS,Advanced,2026-03-15
1721,Excel,Intermediate,2026-03-15
1721,Git,Intermediate,2026-03-15
1722,Data Analysis,Intermediate,2026-03-15
1722,Python,Intermediate,2026-03-15
1722,PowerBI,Intermediate,2026-03-15
1722,Excel,Intermediate,2026-03-15
1724,Lean Manufacturing,Intermediate,2026-03-15
1724,Data Analysis,Advanced,2026-03-15
1724,SQL,Advanced,2026-03-15
1724,Plant Management,Intermediate,2026-03-15
1724,Budgeting,Intermediate,2026-03-15
1725,PowerBI,Advanced,2026-03-15
1725,Python,Intermediate,2026-03-15
1725,Statistics,Intermediate,2026-03-15
1725,Excel,Intermediate,2026-03-15
1727,Python,Intermediate,2026-03-15
1727,SQL,Beginner,2026-03-15
1727,Statistics,Intermediate,2026-03-15
1727,Excel,Intermediate,2026-03-15
1727,Git,Intermediate,2026-03-15
1728,Supply Chain,Intermediate,2026-03-15
1728,MLOps,Intermediate,2026-03-15
1728,Python,Intermediate,2026-03-15
1728,Six Sigma,Advanced,2026-03-15
1728,Plant Management,Intermediate,2026-03-15
1728,Budgeting,Intermediate,2026-03-15
1729,Deep Learning,Intermediate,2026-03-15
1729,Machine Learning,Intermediate,2026-03-15
1729,Data Analysis,Advanced,2026-03-15
1729,SQL,Beginner,2026-03-15
1729,Python,Advanced,2026-03-15
1729,Statistics,Intermediate,2026-03-15
1729,Excel,Beginner,2026-03-15
1729,Data Visualization,Intermediate,2026-03-15
1731,Account Management,Intermediate,2026-03-15
1731,MLOps,Intermediate,2026-03-15
1731,Statistics,Intermediate,2026-03-15
1731,B2B Sales,Advanced,2026-03-15
1731,Market Analysis,Intermediate,2026-03-15
1731,Communication,Beginner,2026-03-15
1732,Account Management,Intermediate,2026-03-15
1732,Negotiation,Beginner,2026-03-15
1732,CRM,Beginner,2026-03-15
1732,AWS,Beginner,2026-03-15
1732,Excel,Advanced,2026-03-15
1732,B2B Sales,Intermediate,2026-03-15
1732,Market Analysis,Intermediate,2026-03-15
1732,Communication,Advanced,2026-03-15
1733,Account Management,Intermediate,2026-03-15
1733,SQL,Advanced,2026-03-15
1733,CRM,Beginner,2026-03-15
1733,AWS,Intermediate,2026-03-15
1733,B2B Sales,Intermediate,2026-03-15
1734,Account Management,Intermediate,2026-03-15
1734,MLOps,Intermediate,2026-03-15
1734,Excel,Intermediate,2026-03-15
1734,B2B Sales,Advanced,2026-03-15
1734,Market Analysis,Intermediate,2026-03-15
1734,Communication,Intermediate,2026-03-15
1735,Git,Intermediate,2026-03-15
1735,Python,Beginner,2026-03-15
1735,SQL,Beginner,2026-03-15
1735,Communication,Intermediate,2026-03-15
1736,Supply Chain,Intermediate,2026-03-15
1736,Lean Manufacturing,Intermediate,2026-03-15
1736,Six Sigma,Beginner,2026-03-15
1736,Plant Management,Intermediate,2026-03-15
1736,Git,Beginner,2026-03-15
1736,Budgeting,Intermediate,2026-03-15
1737,PowerBI,Intermediate,2026-03-15
1737,SQL,Intermediate,2026-03-15
1737,Python,Intermediate,2026-03-15
1737,Excel,Intermediate,2026-03-15
1737,Git,Intermediate,2026-03-15
1737,Communication,Intermediate,2026-03-15
1739,Negotiation,Advanced,2026-03-15
1739,CRM,Intermediate,2026-03-15
1739,Excel,Intermediate,2026-03-15
1739,B2B Sales,Advanced,2026-03-15
1739,Market Analysis,Beginner,2026-03-15
1739,Communication,Advanced,2026-03-15
1740,Git,Intermediate,2026-03-15
1740,PowerBI,Intermediate,2026-03-15
1740,Python,Advanced,2026-03-15
1744,PowerBI,Beginner,2026-03-15
1744,Data Analysis,Advanced,2026-03-15
1744,SQL,Intermediate,2026-03-15
1744,Python,Advanced,2026-03-15
1744,Git,Beginner,2026-03-15
1745,MLOps,Beginner,2026-03-15
1745,SQL,Intermediate,2026-03-15
1745,Deep Learning,Intermediate,2026-03-15
1745,Machine Learning,Beginner,2026-03-15
1746,PowerBI,Intermediate,2026-03-15
1746,Python,Intermediate,2026-03-15
1746,SQL,Intermediate,2026-03-15
1746,Statistics,Advanced,2026-03-15
1746,Excel,Beginner,2026-03-15
1746,Git,Intermediate,2026-03-15
1747,PowerBI,Intermediate,2026-03-15
1747,SQL,Intermediate,2026-03-15
1747,Python,Intermediate,2026-03-15
1747,Excel,Intermediate,2026-03-15
1747,Git,Beginner,2026-03-15
1749,Negotiation,Beginner,2026-03-15
1749,Python,Intermediate,2026-03-15
1749,CRM,Intermediate,2026-03-15
1749,AWS,Intermediate,2026-03-15
1749,B2B Sales,Intermediate,2026-03-15
1749,Market Analysis,Beginner,2026-03-15
1749,Communication,Intermediate,2026-03-15
1751,Deep Learning,Intermediate,2026-03-15
1751,Machine Learning,Advanced,2026-03-15
1751,SQL,Intermediate,2026-03-15
1751,Python,Beginner,2026-03-15
1751,Docker,Beginner,2026-03-15
1751,Statistics,Beginner,2026-03-15
1751,Data Visualization,Intermediate,2026-03-15
1752,Git,Advanced,2026-03-15
1752,PowerBI,Intermediate,2026-03-15
1752,AWS,Intermediate,2026-03-15
1752,Excel,Advanced,2026-03-15
1753,SQL,Intermediate,2026-03-15
1753,Python,Beginner,2026-03-15
1753,Excel,Beginner,2026-03-15
1753,Git,Beginner,2026-03-15
1753,Communication,Beginner,2026-03-15
1754,B2B Sales,Beginner,2026-03-15
1754,Market Analysis,Advanced,2026-03-15
1754,SQL,Intermediate,2026-03-15
1754,Account Management,Beginner,2026-03-15
1755,Deep Learning,Advanced,2026-03-15
1755,Machine Learning,Intermediate,2026-03-15
1755,MLOps,Intermediate,2026-03-15
1755,Python,Beginner,2026-03-15
1755,SQL,Intermediate,2026-03-15
1755,Docker,Intermediate,2026-03-15
1755,Statistics,Beginner,2026-03-15
1755,Data Visualization,Intermediate,2026-03-15
1756,Account Management,Beginner,2026-03-15
1756,Negotiation,Intermediate,2026-03-15
1756,Data Analysis,Beginner,2026-03-15
1756,SQL,Intermediate,2026-03-15
1756,Market Analysis,Intermediate,2026-03-15
1756,Communication,Beginner,2026-03-15
1757,PowerBI,Intermediate,2026-03-15
1757,Account Management,Intermediate,2026-03-15
1757,Negotiation,Beginner,2026-03-15
1757,CRM,Advanced,2026-03-15
1757,Excel,Intermediate,2026-03-15
1757,B2B Sales,Intermediate,2026-03-15
1757,Market Analysis,Advanced,2026-03-15
1757,Communication,Intermediate,2026-03-15
1758,PowerBI,Intermediate,2026-03-15
1758,Data Analysis,Intermediate,2026-03-15
1758,CRM,Intermediate,2026-03-15
1758,Market Analysis,Advanced,2026-03-15
1758,Communication,Intermediate,2026-03-15
1760,Python,Intermediate,2026-03-15
1760,SQL,Beginner,2026-03-15
1760,Docker,Advanced,2026-03-15
1760,Excel,Intermediate,2026-03-15
1761,Negotiation,Beginner,2026-03-15
1761,CRM,Beginner,2026-03-15
1761,B2B Sales,Intermediate,2026-03-15
1761,Git,Intermediate,2026-03-15
1761,Market Analysis,Advanced,2026-03-15
1761,Communication,Intermediate,2026-03-15
1762,PowerBI,Beginner,2026-03-15
1762,Deep Learning,Intermediate,2026-03-15
1762,SQL,Intermediate,2026-03-15
1762,Statistics,Intermediate,2026-03-15
1762,Communication,Intermediate,2026-03-15
1763,PowerBI,Beginner,2026-03-15
1763,Data Analysis,Advanced,2026-03-15
1763,SQL,Intermediate,2026-03-15
1763,Statistics,Beginner,2026-03-15
1763,Excel,Intermediate,2026-03-15
1763,Git,Advanced,2026-03-15
1764,Machine Learning,Intermediate,2026-03-15
1764,Python,Intermediate,2026-03-15
1764,Statistics,Advanced,2026-03-15
1764,AWS,Intermediate,2026-03-15
1764,Data Visualization,Intermediate,2026-03-15
1766,PowerBI,Intermediate,2026-03-15
1766,Data Analysis,Intermediate,2026-03-15
1766,Python,Intermediate,2026-03-15
1766,SQL,Intermediate,2026-03-15
1766,Excel,Intermediate,2026-03-15
1766,Git,Beginner,2026-03-15
1767,Deep Learning,Intermediate,2026-03-15
1767,Machine Learning,Intermediate,2026-03-15
1767,SQL,Intermediate,2026-03-15
1767,Python,Advanced,2026-03-15
1767,Statistics,Beginner,2026-03-15
1768,Data Analysis,Intermediate,2026-03-15
1768,Git,Advanced,2026-03-15
1768,Python,Advanced,2026-03-15
1768,Excel,Intermediate,2026-03-15
1770,Git,Advanced,2026-03-15
1770,PowerBI,Intermediate,2026-03-15
1770,Python,Intermediate,2026-03-15
1770,Communication,Beginner,2026-03-15
1771,Deep Learning,Intermediate,2026-03-15
1771,MLOps,Beginner,2026-03-15
1771,Machine Learning,Intermediate,2026-03-15
1771,Python,Intermediate,2026-03-15
1771,Communication,Advanced,2026-03-15
1771,Data Visualization,Beginner,2026-03-15
1772,Git,Beginner,2026-03-15
1772,PowerBI,Intermediate,2026-03-15
1772,Python,Advanced,2026-03-15
1772,Excel,Advanced,2026-03-15
1774,Account Management,Intermediate,2026-03-15
1774,MLOps,Intermediate,2026-03-15
1774,Negotiation,Intermediate,2026-03-15
1774,CRM,Intermediate,2026-03-15
1774,B2B Sales,Beginner,2026-03-15
1774,Communication,Intermediate,2026-03-15
1775,Supply Chain,Advanced,2026-03-15
1775,MLOps,Intermediate,2026-03-15
1775,Lean Manufacturing,Advanced,2026-03-15
1775,Six Sigma,Intermediate,2026-03-15
1775,Git,Intermediate,2026-03-15
1775,Budgeting,Beginner,2026-03-15
1778,PowerBI,Advanced,2026-03-15
1778,Python,Beginner,2026-03-15
1778,SQL,Intermediate,2026-03-15
1778,Excel,Intermediate,2026-03-15
1778,Git,Beginner,2026-03-15
1779,Account Management,Intermediate,2026-03-15
1779,Negotiation,Intermediate,2026-03-15
1779,Python,Intermediate,2026-03-15
1779,CRM,Advanced,2026-03-15
1779,Docker,Beginner,2026-03-15
1779,B2B Sales,Advanced,2026-03-15
1779,Market Analysis,Intermediate,2026-03-15
1779,Communication,Advanced,2026-03-15
1780,MLOps,Beginner,2026-03-15
1780,Python,Advanced,2026-03-15
1780,SQL,Advanced,2026-03-15
1780,AWS,Intermediate,2026-03-15
1780,Excel,Intermediate,2026-03-15
1782,PowerBI,Intermediate,2026-03-15
1782,Python,Beginner,2026-03-15
1782,Statistics,Intermediate,2026-03-15
1782,Excel,Advanced,2026-03-15
1782,Git,Intermediate,2026-03-15
1782,Communication,Intermediate,2026-03-15
1783,Git,Intermediate,2026-03-15
1783,PowerBI,Intermediate,2026-03-15
1783,Python,Intermediate,2026-03-15
1783,SQL,Intermediate,2026-03-15
1784,Account Management,Advanced,2026-03-15
1784,Negotiation,Intermediate,2026-03-15
1784,Data Analysis,Intermediate,2026-03-15
1784,CRM,Intermediate,2026-03-15
1784,B2B Sales,Beginner,2026-03-15
1784,Git,Beginner,2026-03-15
1784,Market Analysis,Advanced,2026-03-15
1784,Communication,Advanced,2026-03-15
1786,MLOps,Intermediate,2026-03-15
1786,SQL,Beginner,2026-03-15
1786,Python,Intermediate,2026-03-15
1786,Excel,Advanced,2026-03-15
1786,Git,Advanced,2026-03-15
1787,PowerBI,Intermediate,2026-03-15
1787,Account Management,Beginner,2026-03-15
1787,CRM,Intermediate,2026-03-15
1787,B2B Sales,Advanced,2026-03-15
1787,Communication,Intermediate,2026-03-15
1789,PowerBI,Intermediate,2026-03-15
1789,SQL,Intermediate,2026-03-15
1789,Python,Beginner,2026-03-15
1789,AWS,Intermediate,2026-03-15
1789,Excel,Intermediate,2026-03-15
1789,Git,Intermediate,2026-03-15
1790,Git,Beginner,2026-03-15
1790,Python,Advanced,2026-03-15
1790,PowerBI,Intermediate,2026-03-15
1790,Statistics,Intermediate,2026-03-15
1792,Deep Learning,Advanced,2026-03-15
1792,Data Analysis,Intermediate,2026-03-15
1792,SQL,Intermediate,2026-03-15
1792,Statistics,Advanced,2026-03-15
1792,Excel,Intermediate,2026-03-15
1792,Data Visualization,Intermediate,2026-03-15
1794,Python,Intermediate,2026-03-15
1794,PowerBI,Intermediate,2026-03-15
1794,SQL,Intermediate,2026-03-15
1794,Docker,Intermediate,2026-03-15
1797,PowerBI,Beginner,2026-03-15
1797,Account Management,Intermediate,2026-03-15
1797,Negotiation,Beginner,2026-03-15
1797,CRM,Intermediate,2026-03-15
1797,B2B Sales,Advanced,2026-03-15
1797,Market Analysis,Beginner,2026-03-15
1797,Communication,Intermediate,2026-03-15
1798,Python,Intermediate,2026-03-15
1798,SQL,Intermediate,2026-03-15
1798,Machine Learning,Intermediate,2026-03-15
1798,Statistics,Intermediate,2026-03-15
1799,Deep Learning,Advanced,2026-03-15
1799,Machine Learning,Beginner,2026-03-15
1799,SQL,Intermediate,2026-03-15
1799,Python,Intermediate,2026-03-15
1799,Statistics,Intermediate,2026-03-15
1799,Excel,Intermediate,2026-03-15
1799,Data Visualization,Advanced,2026-03-15
1800,PowerBI,Advanced,2026-03-15
1800,Python,Beginner,2026-03-15
1800,Docker,Beginner,2026-03-15
1800,Excel,Beginner,2026-03-15
1800,Git,Intermediate,2026-03-15
1801,Account Management,Advanced,2026-03-15
1801,Docker,Advanced,2026-03-15
1801,B2B Sales,Intermediate,2026-03-15
1801,Market Analysis,Intermediate,2026-03-15
1801,Communication,Intermediate,2026-03-15
1802,PowerBI,Intermediate,2026-03-15
1802,MLOps,Intermediate,2026-03-15
1802,Data Analysis,Beginner,2026-03-15
1802,Python,Advanced,2026-03-15
1802,Excel,Advanced,2026-03-15
1803,Python,Advanced,2026-03-15
1803,PowerBI,Intermediate,2026-03-15
1803,Excel,Advanced,2026-03-15
1804,Supply Chain,Intermediate,2026-03-15
1804,Lean Manufacturing,Beginner,2026-03-15
1804,Six Sigma,Intermediate,2026-03-15
1804,AWS,Intermediate,2026-03-15
1804,Plant Management,Intermediate,2026-03-15
1804,Git,Intermediate,2026-03-15
1804,Budgeting,Beginner,2026-03-15
1805,SQL,Intermediate,2026-03-15
1805,Git,Intermediate,2026-03-15
1805,PowerBI,Intermediate,2026-03-15
1805,AWS,Advanced,2026-03-15
1807,Git,Intermediate,2026-03-15
1807,PowerBI,Beginner,2026-03-15
1807,SQL,Intermediate,2026-03-15
1807,AWS,Intermediate,2026-03-15
1809,Plant Management,Beginner,2026-03-15
1809,Lean Manufacturing,Intermediate,2026-03-15
1809,Git,Intermediate,2026-03-15
1809,Six Sigma,Intermediate,2026-03-15
1812,Account Management,Intermediate,2026-03-15
1812,Negotiation,Intermediate,2026-03-15
1812,CRM,Beginner,2026-03-15
1812,AWS,Beginner,2026-03-15
1812,B2B Sales,Beginner,2026-03-15
1812,Market Analysis,Beginner,2026-03-15
1812,Communication,Intermediate,2026-03-15
1813,Deep Learning,Intermediate,2026-03-15
1813,SQL,Beginner,2026-03-15
1813,Python,Intermediate,2026-03-15
1813,Statistics,Intermediate,2026-03-15
1813,Data Visualization,Intermediate,2026-03-15
1814,Data Analysis,Intermediate,2026-03-15
1814,Python,Intermediate,2026-03-15
1814,Statistics,Advanced,2026-03-15
1814,Excel,Intermediate,2026-03-15
1814,Git,Intermediate,2026-03-15
1815,Negotiation,Beginner,2026-03-15
1815,CRM,Beginner,2026-03-15
1815,Excel,Intermediate,2026-03-15
1815,B2B Sales,Intermediate,2026-03-15
1815,Market Analysis,Beginner,2026-03-15
1815,Communication,Intermediate,2026-03-15
1816,MLOps,Advanced,2026-03-15
1816,Lean Manufacturing,Beginner,2026-03-15
1816,Data Analysis,Intermediate,2026-03-15
1816,Six Sigma,Beginner,2026-03-15
1816,Plant Management,Intermediate,2026-03-15
1816,Budgeting,Advanced,2026-03-15
1818,Git,Intermediate,2026-03-15
1818,PowerBI,Advanced,2026-03-15
1818,SQL,Intermediate,2026-03-15
1818,Excel,Advanced,2026-03-15
1821,SQL,Beginner,2026-03-15
1821,PowerBI,Intermediate,2026-03-15
1821,MLOps,Intermediate,2026-03-15
1821,Excel,Intermediate,2026-03-15
1822,PowerBI,Intermediate,2026-03-15
1822,Python,Advanced,2026-03-15
1822,SQL,Advanced,2026-03-15
1822,Excel,Advanced,2026-03-15
1822,Git,Intermediate,2026-03-15
1823,PowerBI,Intermediate,2026-03-15
1823,Negotiation,Beginner,2026-03-15
1823,CRM,Intermediate,2026-03-15
1823,B2B Sales,Intermediate,2026-03-15
1823,Market Analysis,Intermediate,2026-03-15
1823,Communication,Intermediate,2026-03-15
1824,PowerBI,Advanced,2026-03-15
1824,SQL,Intermediate,2026-03-15
1824,Statistics,Intermediate,2026-03-15
1824,Excel,Intermediate,2026-03-15
1824,Git,Intermediate,2026-03-15
1826,Python,Beginner,2026-03-15
1826,SQL,Beginner,2026-03-15
1826,Docker,Intermediate,2026-03-15
1826,Excel,Intermediate,2026-03-15
1826,Git,Intermediate,2026-03-15
1827,Lean Manufacturing,Intermediate,2026-03-15
1827,Python,Advanced,2026-03-15
1827,Six Sigma,Beginner,2026-03-15
1827,Docker,Beginner,2026-03-15
1827,Budgeting,Advanced,2026-03-15
1829,Git,Beginner,2026-03-15
1829,PowerBI,Intermediate,2026-03-15
1829,AWS,Beginner,2026-03-15
1829,Excel,Advanced,2026-03-15
1830,Deep Learning,Advanced,2026-03-15
1830,Machine Learning,Intermediate,2026-03-15
1830,SQL,Intermediate,2026-03-15
1830,Python,Intermediate,2026-03-15
1830,Statistics,Intermediate,2026-03-15
1830,AWS,Beginner,2026-03-15
1830,Data Visualization,Intermediate,2026-03-15
1833,Communication,Advanced,2026-03-15
1833,Docker,Intermediate,2026-03-15
1833,CRM,Intermediate,2026-03-15
1833,Negotiation,Intermediate,2026-03-15
1834,Python,Intermediate,2026-03-15
1834,Excel,Beginner,2026-03-15
1834,Statistics,Intermediate,2026-03-15
1834,Deep Learning,Intermediate,2026-03-15
1835,PowerBI,Intermediate,2026-03-15
1835,SQL,Intermediate,2026-03-15
1835,Python,Advanced,2026-03-15
1835,Statistics,Intermediate,2026-03-15
1835,Excel,Intermediate,2026-03-15
1835,Git,Intermediate,2026-03-15
1836,PowerBI,Beginner,2026-03-15
1836,Account Management,Intermediate,2026-03-15
1836,Negotiation,Intermediate,2026-03-15
1836,CRM,Advanced,2026-03-15
1836,B2B Sales,Intermediate,2026-03-15
1836,Market Analysis,Beginner,2026-03-15
1836,Communication,Intermediate,2026-03-15
1837,PowerBI,Intermediate,2026-03-15
1837,MLOps,Intermediate,2026-03-15
1837,SQL,Advanced,2026-03-15
1837,Python,Advanced,2026-03-15
1837,Git,Intermediate,2026-03-15
1839,Deep Learning,Advanced,2026-03-15
1839,Machine Learning,Intermediate,2026-03-15
1839,Python,Advanced,2026-03-15
1839,SQL,Advanced,2026-03-15
1839,AWS,Advanced,2026-03-15
1839,Data Visualization,Advanced,2026-03-15
1842,Python,Intermediate,2026-03-15
1842,PowerBI,Advanced,2026-03-15
1842,AWS,Intermediate,2026-03-15
1842,Excel,Advanced,2026-03-15
1844,PowerBI,Intermediate,2026-03-15
1844,SQL,Intermediate,2026-03-15
1844,Python,Beginner,2026-03-15
1844,Statistics,Advanced,2026-03-15
1844,Excel,Intermediate,2026-03-15
1845,PowerBI,Advanced,2026-03-15
1845,Account Management,Beginner,2026-03-15
1845,MLOps,Advanced,2026-03-15
1845,Negotiation,Intermediate,2026-03-15
1845,CRM,Advanced,2026-03-15
1845,B2B Sales,Intermediate,2026-03-15
1845,Communication,Beginner,2026-03-15
1847,Machine Learning,Intermediate,2026-03-15
1847,SQL,Intermediate,2026-03-15
1847,Docker,Intermediate,2026-03-15
1847,Statistics,Beginner,2026-03-15
1847,Excel,Intermediate,2026-03-15
1847,Data Visualization,Intermediate,2026-03-15
1849,Account Management,Intermediate,2026-03-15
1849,MLOps,Beginner,2026-03-15
1849,Negotiation,Intermediate,2026-03-15
1849,CRM,Intermediate,2026-03-15
1849,Excel,Intermediate,2026-03-15
1849,B2B Sales,Intermediate,2026-03-15
1849,Market Analysis,Intermediate,2026-03-15
1849,Communication,Advanced,2026-03-15
1850,PowerBI,Advanced,2026-03-15
1850,SQL,Advanced,2026-03-15
1850,Python,Intermediate,2026-03-15
1850,Statistics,Advanced,2026-03-15
1850,Excel,Intermediate,2026-03-15
1850,Git,Intermediate,2026-03-15
1852,PowerBI,Intermediate,2026-03-15
1852,SQL,Advanced,2026-03-15
1852,Python,Intermediate,2026-03-15
1852,Statistics,Advanced,2026-03-15
1852,Excel,Intermediate,2026-03-15
1852,Git,Intermediate,2026-03-15
1853,Account Management,Beginner,2026-03-15
1853,Negotiation,Advanced,2026-03-15
1853,SQL,Intermediate,2026-03-15
1853,CRM,Intermediate,2026-03-15
1853,B2B Sales,Beginner,2026-03-15
1853,Market Analysis,Intermediate,2026-03-15
1853,Communication,Intermediate,2026-03-15
1854,Deep Learning,Beginner,2026-03-15
1854,Machine Learning,Intermediate,2026-03-15
1854,SQL,Intermediate,2026-03-15
1854,Python,Intermediate,2026-03-15
1854,Statistics,Intermediate,2026-03-15
1856,Python,Beginner,2026-03-15
1856,SQL,Intermediate,2026-03-15
1856,Statistics,Advanced,2026-03-15
1856,Excel,Beginner,2026-03-15
1856,Git,Beginner,2026-03-15
1857,Supply Chain,Beginner,2026-03-15
1857,Lean Manufacturing,Advanced,2026-03-15
1857,Data Analysis,Intermediate,2026-03-15
1857,Six Sigma,Intermediate,2026-03-15
1857,AWS,Intermediate,2026-03-15
1857,Plant Management,Beginner,2026-03-15
1857,Budgeting,Advanced,2026-03-15
1858,PowerBI,Intermediate,2026-03-15
1858,SQL,Intermediate,2026-03-15
1858,Python,Intermediate,2026-03-15
1858,Excel,Beginner,2026-03-15
1858,Git,Advanced,2026-03-15
1858,Communication,Intermediate,2026-03-15
1859,SQL,Intermediate,2026-03-15
1859,Git,Intermediate,2026-03-15
1859,PowerBI,Intermediate,2026-03-15
1859,Excel,Intermediate,2026-03-15
1860,PowerBI,Intermediate,2026-03-15
1860,SQL,Intermediate,2026-03-15
1860,Python,Advanced,2026-03-15
1860,Docker,Intermediate,2026-03-15
1860,Excel,Intermediate,2026-03-15
1862,Negotiation,Intermediate,2026-03-15
1862,SQL,Intermediate,2026-03-15
1862,CRM,Advanced,2026-03-15
1862,Excel,Intermediate,2026-03-15
1862,B2B Sales,Intermediate,2026-03-15
1862,Market Analysis,Advanced,2026-03-15
1863,MLOps,Intermediate,2026-03-15
1863,Communication,Intermediate,2026-03-15
1863,Market Analysis,Beginner,2026-03-15
1863,CRM,Intermediate,2026-03-15
1864,PowerBI,Beginner,2026-03-15
1864,Data Analysis,Intermediate,2026-03-15
1864,Python,Intermediate,2026-03-15
1864,Statistics,Beginner,2026-03-15
1864,Excel,Beginner,2026-03-15
1864,Git,Advanced,2026-03-15
1865,PowerBI,Beginner,2026-03-15
1865,MLOps,Intermediate,2026-03-15
1865,SQL,Intermediate,2026-03-15
1865,Excel,Intermediate,2026-03-15
1865,Git,Intermediate,2026-03-15
1866,Python,Advanced,2026-03-15
1866,PowerBI,Intermediate,2026-03-15
1866,SQL,Beginner,2026-03-15
1866,Excel,Beginner,2026-03-15
1867,Git,Intermediate,2026-03-15
1867,Python,Intermediate,2026-03-15
1867,PowerBI,Intermediate,2026-03-15
1867,Docker,Beginner,2026-03-15
1868,Deep Learning,Intermediate,2026-03-15
1868,Machine Learning,Beginner,2026-03-15
1868,PowerBI,Intermediate,2026-03-15
1868,SQL,Intermediate,2026-03-15
1868,Python,Intermediate,2026-03-15
1868,Statistics,Beginner,2026-03-15
1868,Git,Advanced,2026-03-15
1868,Data Visualization,Intermediate,2026-03-15
1869,Account Management,Beginner,2026-03-15
1869,MLOps,Intermediate,2026-03-15
1869,Negotiation,Intermediate,2026-03-15
1869,Data Analysis,Beginner,2026-03-15
1869,Market Analysis,Intermediate,2026-03-15
1869,Communication,Beginner,2026-03-15
1870,Deep Learning,Beginner,2026-03-15
1870,SQL,Intermediate,2026-03-15
1870,Python,Beginner,2026-03-15
1870,AWS,Beginner,2026-03-15
1870,Data Visualization,Intermediate,2026-03-15
1871,Deep Learning,Intermediate,2026-03-15
1871,Machine Learning,Intermediate,2026-03-15
1871,Python,Beginner,2026-03-15
1871,SQL,Advanced,2026-03-15
1871,Statistics,Intermediate,2026-03-15
1871,Data Visualization,Intermediate,2026-03-15
1873,Deep Learning,Intermediate,2026-03-15
1873,Machine Learning,Intermediate,2026-03-15
1873,MLOps,Intermediate,2026-03-15
1873,Data Analysis,Beginner,2026-03-15
1873,Python,Intermediate,2026-03-15
1873,SQL,Beginner,2026-03-15
1873,Statistics,Intermediate,2026-03-15
1873,Data Visualization,Intermediate,2026-03-15
1875,Python,Beginner,2026-03-15
1875,AWS,Beginner,2026-03-15
1875,Excel,Intermediate,2026-03-15
1875,Git,Beginner,2026-03-15
1875,Communication,Beginner,2026-03-15
1876,PowerBI,Intermediate,2026-03-15
1876,SQL,Advanced,2026-03-15
1876,Python,Advanced,2026-03-15
1876,AWS,Intermediate,2026-03-15
1876,Excel,Intermediate,2026-03-15
1876,Git,Beginner,2026-03-15
1878,Deep Learning,Intermediate,2026-03-15
1878,Machine Learning,Intermediate,2026-03-15
1878,SQL,Beginner,2026-03-15
1878,Python,Beginner,2026-03-15
1878,Statistics,Intermediate,2026-03-15
1880,Account Management,Intermediate,2026-03-15
1880,Negotiation,Intermediate,2026-03-15
1880,Data Analysis,Beginner,2026-03-15
1880,B2B Sales,Advanced,2026-03-15
1880,Market Analysis,Intermediate,2026-03-15
1880,Communication,Intermediate,2026-03-15
1881,PowerBI,Beginner,2026-03-15
1881,SQL,Advanced,2026-03-15
1881,Excel,Advanced,2026-03-15
1881,Git,Intermediate,2026-03-15
1881,Communication,Advanced,2026-03-15
1882,PowerBI,Advanced,2026-03-15
1882,Account Management,Intermediate,2026-03-15
1882,Negotiation,Intermediate,2026-03-15
1882,CRM,Intermediate,2026-03-15
1882,B2B Sales,Advanced,2026-03-15
1882,Market Analysis,Intermediate,2026-03-15
1882,Communication,Beginner,2026-03-15
1883,Git,Intermediate,2026-03-15
1883,SQL,Beginner,2026-03-15
1883,Statistics,Intermediate,2026-03-15
1883,Excel,Intermediate,2026-03-15
1885,PowerBI,Beginner,2026-03-15
1885,Machine Learning,Intermediate,2026-03-15
1885,SQL,Beginner,2026-03-15
1885,Statistics,Intermediate,2026-03-15
1885,Excel,Intermediate,2026-03-15
1886,Plant Management,Intermediate,2026-03-15
1886,Lean Manufacturing,Intermediate,2026-03-15
1886,Budgeting,Intermediate,2026-03-15
1886,Excel,Intermediate,2026-03-15
1888,Supply Chain,Advanced,2026-03-15
1888,Lean Manufacturing,Beginner,2026-03-15
1888,Six Sigma,Intermediate,2026-03-15
1888,AWS,Beginner,2026-03-15
1888,Plant Management,Intermediate,2026-03-15
1888,Budgeting,Intermediate,2026-03-15
1890,PowerBI,Advanced,2026-03-15
1890,SQL,Advanced,2026-03-15
1890,Python,Beginner,2026-03-15
1890,AWS,Intermediate,2026-03-15
1890,Excel,Beginner,2026-03-15
1890,Git,Advanced,2026-03-15
1892,SQL,Intermediate,2026-03-15
1892,Python,Advanced,2026-03-15
1892,PowerBI,Intermediate,2026-03-15
1892,Docker,Advanced,2026-03-15
1893,Deep Learning,Intermediate,2026-03-15
1893,Machine Learning,Beginner,2026-03-15
1893,SQL,Intermediate,2026-03-15
1893,Statistics,Intermediate,2026-03-15
1893,Excel,Beginner,2026-03-15
1893,AWS,Intermediate,2026-03-15
1893,Data Visualization,Intermediate,2026-03-15
1898,PowerBI,Beginner,2026-03-15
1898,Account Management,Intermediate,2026-03-15
1898,Negotiation,Beginner,2026-03-15
1898,Python,Intermediate,2026-03-15
1898,CRM,Intermediate,2026-03-15
1898,B2B Sales,Intermediate,2026-03-15
1898,Market Analysis,Intermediate,2026-03-15
1900,PowerBI,Beginner,2026-03-15
1900,Python,Intermediate,2026-03-15
1900,SQL,Intermediate,2026-03-15
1900,Excel,Intermediate,2026-03-15
1900,Git,Intermediate,2026-03-15
1903,Git,Beginner,2026-03-15
1903,Python,Beginner,2026-03-15
1903,AWS,Intermediate,2026-03-15
1903,Excel,Advanced,2026-03-15
1905,SQL,Intermediate,2026-03-15
1905,Python,Advanced,2026-03-15
1905,Deep Learning,Advanced,2026-03-15
1905,Excel,Intermediate,2026-03-15
1907,PowerBI,Advanced,2026-03-15
1907,MLOps,Beginner,2026-03-15
1907,Python,Advanced,2026-03-15
1907,SQL,Intermediate,2026-03-15
1907,AWS,Beginner,2026-03-15
1907,Excel,Advanced,2026-03-15
1907,Git,Beginner,2026-03-15
1908,Account Management,Intermediate,2026-03-15
1908,Negotiation,Intermediate,2026-03-15
1908,AWS,Intermediate,2026-03-15
1908,B2B Sales,Beginner,2026-03-15
1908,Market Analysis,Beginner,2026-03-15
1909,Negotiation,Advanced,2026-03-15
1909,Python,Beginner,2026-03-15
1909,CRM,Intermediate,2026-03-15
1909,B2B Sales,Intermediate,2026-03-15
1909,Communication,Beginner,2026-03-15
1911,PowerBI,Intermediate,2026-03-15
1911,Data Analysis,Intermediate,2026-03-15
1911,AWS,Advanced,2026-03-15
1911,Excel,Beginner,2026-03-15
1911,Git,Advanced,2026-03-15
1912,Account Management,Intermediate,2026-03-15
1912,MLOps,Intermediate,2026-03-15
1912,Negotiation,Beginner,2026-03-15
1912,CRM,Intermediate,2026-03-15
1912,Excel,Advanced,2026-03-15
1912,B2B Sales,Intermediate,2026-03-15
1912,Market Analysis,Intermediate,2026-03-15
1912,Communication,Beginner,2026-03-15
1915,Account Management,Intermediate,2026-03-15
1915,Negotiation,Beginner,2026-03-15
1915,CRM,Advanced,2026-03-15
1915,Docker,Intermediate,2026-03-15
1915,B2B Sales,Intermediate,2026-03-15
1915,Git,Intermediate,2026-03-15
1915,Market Analysis,Intermediate,2026-03-15
1915,Communication,Beginner,2026-03-15
1916,PowerBI,Advanced,2026-03-15
1916,Data Analysis,Intermediate,2026-03-15
1916,SQL,Beginner,2026-03-15
1916,Python,Advanced,2026-03-15
1916,Excel,Intermediate,2026-03-15
1916,Git,Intermediate,2026-03-15
1918,PowerBI,Intermediate,2026-03-15
1918,SQL,Intermediate,2026-03-15
1918,Python,Advanced,2026-03-15
1918,Statistics,Intermediate,2026-03-15
1918,Excel,Intermediate,2026-03-15
1918,Git,Intermediate,2026-03-15
1922,MLOps,Beginner,2026-03-15
1922,Python,Intermediate,2026-03-15
1922,SQL,Beginner,2026-03-15
1922,Excel,Beginner,2026-03-15
1922,Git,Advanced,2026-03-15
1924,Account Management,Intermediate,2026-03-15
1924,Negotiation,Intermediate,2026-03-15
1924,Python,Beginner,2026-03-15
1924,CRM,Intermediate,2026-03-15
1924,B2B Sales,Beginner,2026-03-15
1924,Communication,Beginner,2026-03-15
1927,Account Management,Intermediate,2026-03-15
1927,Negotiation,Intermediate,2026-03-15
1927,CRM,Intermediate,2026-03-15
1927,Excel,Intermediate,2026-03-15
1927,B2B Sales,Intermediate,2026-03-15
1927,Git,Intermediate,2026-03-15
1927,Market Analysis,Intermediate,2026-03-15
1927,Communication,Advanced,2026-03-15
1928,PowerBI,Advanced,2026-03-15
1928,Python,Advanced,2026-03-15
1928,Docker,Beginner,2026-03-15
1928,Statistics,Advanced,2026-03-15
1928,Git,Intermediate,2026-03-15
1929,Account Management,Intermediate,2026-03-15
1929,Negotiation,Intermediate,2026-03-15
1929,SQL,Intermediate,2026-03-15
1929,CRM,Intermediate,2026-03-15
1929,B2B Sales,Intermediate,2026-03-15
1929,Communication,Beginner,2026-03-15
1931,Data Visualization,Intermediate,2026-03-15
1931,SQL,Intermediate,2026-03-15
1931,Machine Learning,Intermediate,2026-03-15
1931,Statistics,Beginner,2026-03-15
1932,Deep Learning,Advanced,2026-03-15
1932,Machine Learning,Intermediate,2026-03-15
1932,SQL,Intermediate,2026-03-15
1932,Python,Advanced,2026-03-15
1932,Statistics,Beginner,2026-03-15
1932,Excel,Intermediate,2026-03-15
1932,Data Visualization,Beginner,2026-03-15
1933,Account Management,Intermediate,2026-03-15
1933,SQL,Intermediate,2026-03-15
1933,CRM,Advanced,2026-03-15
1933,B2B Sales,Intermediate,2026-03-15
1933,Market Analysis,Beginner,2026-03-15
1933,Communication,Advanced,2026-03-15
1934,Deep Learning,Intermediate,2026-03-15
1934,Machine Learning,Advanced,2026-03-15
1934,Python,Advanced,2026-03-15
1934,Excel,Intermediate,2026-03-15
1934,Data Visualization,Beginner,2026-03-15
1935,B2B Sales,Advanced,2026-03-15
1935,Data Analysis,Intermediate,2026-03-15
1935,Market Analysis,Beginner,2026-03-15
1935,Account Management,Intermediate,2026-03-15
1936,Plant Management,Intermediate,2026-03-15
1936,Lean Manufacturing,Intermediate,2026-03-15
1936,MLOps,Advanced,2026-03-15
1936,Budgeting,Intermediate,2026-03-15
1937,Machine Learning,Intermediate,2026-03-15
1937,Python,Intermediate,2026-03-15
1937,Statistics,Advanced,2026-03-15
1937,Excel,Intermediate,2026-03-15
1937,Data Visualization,Advanced,2026-03-15
1938,PowerBI,Advanced,2026-03-15
1938,SQL,Intermediate,2026-03-15
1938,Python,Intermediate,2026-03-15
1938,Excel,Intermediate,2026-03-15
1938,Git,Intermediate,2026-03-15
1939,Machine Learning,Intermediate,2026-03-15
1939,Python,Intermediate,2026-03-15
1939,SQL,Intermediate,2026-03-15
1939,Statistics,Intermediate,2026-03-15
1939,Data Visualization,Intermediate,2026-03-15
1940,Deep Learning,Intermediate,2026-03-15
1940,Machine Learning,Intermediate,2026-03-15
1940,Python,Advanced,2026-03-15
1940,SQL,Intermediate,2026-03-15
1940,Docker,Advanced,2026-03-15
1940,Statistics,Intermediate,2026-03-15
1940,Data Visualization,Intermediate,2026-03-15
1941,PowerBI,Intermediate,2026-03-15
1941,MLOps,Beginner,2026-03-15
1941,SQL,Beginner,2026-03-15
1941,Python,Intermediate,2026-03-15
1941,Excel,Intermediate,2026-03-15
1941,Git,Intermediate,2026-03-15
1943,Account Management,Advanced,2026-03-15
1943,Negotiation,Intermediate,2026-03-15
1943,Data Analysis,Intermediate,2026-03-15
1943,CRM,Intermediate,2026-03-15
1943,Docker,Intermediate,2026-03-15
1943,B2B Sales,Intermediate,2026-03-15
1943,Market Analysis,Intermediate,2026-03-15
1943,Communication,Intermediate,2026-03-15
1944,PowerBI,Beginner,2026-03-15
1944,SQL,Intermediate,2026-03-15
1944,Statistics,Intermediate,2026-03-15
1944,Excel,Beginner,2026-03-15
1945,Data Analysis,Beginner,2026-03-15
1945,Communication,Beginner,2026-03-15
1945,CRM,Beginner,2026-03-15
1945,Negotiation,Beginner,2026-03-15
1947,Deep Learning,Intermediate,2026-03-15
1947,Machine Learning,Intermediate,2026-03-15
1947,PowerBI,Intermediate,2026-03-15
1947,SQL,Advanced,2026-03-15
1947,Statistics,Beginner,2026-03-15
1947,Data Visualization,Intermediate,2026-03-15
1948,SQL,Advanced,2026-03-15
1948,Machine Learning,Intermediate,2026-03-15
1948,Data Visualization,Intermediate,2026-03-15
1949,SQL,Intermediate,2026-03-15
1949,Git,Intermediate,2026-03-15
1949,Python,Intermediate,2026-03-15
1949,Excel,Intermediate,2026-03-15
1950,Account Management,Intermediate,2026-03-15
1950,Negotiation,Intermediate,2026-03-15
1950,Data Analysis,Intermediate,2026-03-15
1950,CRM,Intermediate,2026-03-15
1950,B2B Sales,Intermediate,2026-03-15
1950,Market Analysis,Intermediate,2026-03-15
1950,Communication,Beginner,2026-03-15
1951,Negotiation,Intermediate,2026-03-15
1951,Python,Beginner,2026-03-15
1951,CRM,Beginner,2026-03-15
1951,B2B Sales,Intermediate,2026-03-15
1951,Market Analysis,Beginner,2026-03-15
1951,Communication,Beginner,2026-03-15
1952,PowerBI,Advanced,2026-03-15
1952,MLOps,Advanced,2026-03-15
1952,SQL,Intermediate,2026-03-15
1952,Excel,Intermediate,2026-03-15
1952,Git,Intermediate,2026-03-15
1954,Python,Intermediate,2026-03-15
1954,PowerBI,Advanced,2026-03-15
1954,AWS,Beginner,2026-03-15
1954,Excel,Intermediate,2026-03-15
1955,PowerBI,Intermediate,2026-03-15
1955,SQL,Beginner,2026-03-15
1955,Python,Intermediate,2026-03-15
1955,Excel,Intermediate,2026-03-15
1955,Git,Intermediate,2026-03-15
1955,Communication,Intermediate,2026-03-15
1956,PowerBI,Intermediate,2026-03-15
1956,SQL,Advanced,2026-03-15
1956,Machine Learning,Beginner,2026-03-15
1956,Data Visualization,Intermediate,2026-03-15
1960,PowerBI,Intermediate,2026-03-15
1960,Python,Beginner,2026-03-15
1960,SQL,Beginner,2026-03-15
1960,Docker,Beginner,2026-03-15
1960,Excel,Advanced,2026-03-15
1960,Git,Beginner,2026-03-15
1961,Python,Beginner,2026-03-15
1961,SQL,Advanced,2026-03-15
1961,Docker,Intermediate,2026-03-15
1961,Excel,Intermediate,2026-03-15
1962,PowerBI,Beginner,2026-03-15
1962,Account Management,Beginner,2026-03-15
1962,Negotiation,Advanced,2026-03-15
1962,CRM,Intermediate,2026-03-15
1962,B2B Sales,Intermediate,2026-03-15
1962,Market Analysis,Intermediate,2026-03-15
1962,Communication,Advanced,2026-03-15
1965,Account Management,Intermediate,2026-03-15
1965,Negotiation,Intermediate,2026-03-15
1965,SQL,Intermediate,2026-03-15
1965,CRM,Intermediate,2026-03-15
1965,B2B Sales,Intermediate,2026-03-15
1965,Market Analysis,Intermediate,2026-03-15
1965,Communication,Advanced,2026-03-15
1966,Supply Chain,Beginner,2026-03-15
1966,Lean Manufacturing,Intermediate,2026-03-15
1966,SQL,Beginner,2026-03-15
1966,Six Sigma,Intermediate,2026-03-15
1966,Plant Management,Intermediate,2026-03-15
1966,Budgeting,Beginner,2026-03-15
1967,Account Management,Intermediate,2026-03-15
1967,Negotiation,Intermediate,2026-03-15
1967,Data Analysis,Beginner,2026-03-15
1967,CRM,Beginner,2026-03-15
1967,Excel,Intermediate,2026-03-15
1967,B2B Sales,Beginner,2026-03-15
1967,Market Analysis,Beginner,2026-03-15
1967,Communication,Intermediate,2026-03-15
1968,Python,Intermediate,2026-03-15
1968,CRM,Advanced,2026-03-15
1968,Statistics,Intermediate,2026-03-15
1968,B2B Sales,Intermediate,2026-03-15
1968,Market Analysis,Beginner,2026-03-15
1969,Deep Learning,Advanced,2026-03-15
1969,Machine Learning,Intermediate,2026-03-15
1969,Data Analysis,Intermediate,2026-03-15
1969,SQL,Intermediate,2026-03-15
1969,Python,Intermediate,2026-03-15
1969,Data Visualization,Beginner,2026-03-15
1970,SQL,Beginner,2026-03-15
1970,Python,Intermediate,2026-03-15
1970,Excel,Beginner,2026-03-15
1970,Git,Intermediate,2026-03-15
1970,Communication,Intermediate,2026-03-15
1971,Git,Intermediate,2026-03-15
1971,Python,Intermediate,2026-03-15
1971,SQL,Intermediate,2026-03-15
1971,Excel,Advanced,2026-03-15
1972,SQL,Advanced,2026-03-15
1972,Python,Intermediate,2026-03-15
1972,Excel,Beginner,2026-03-15
1972,Git,Intermediate,2026-03-15
1972,Communication,Intermediate,2026-03-15
1973,PowerBI,Advanced,2026-03-15
1973,SQL,Advanced,2026-03-15
1973,Python,Beginner,2026-03-15
1973,Excel,Intermediate,2026-03-15
1973,Git,Intermediate,2026-03-15
1974,PowerBI,Advanced,2026-03-15
1974,SQL,Beginner,2026-03-15
1974,Python,Intermediate,2026-03-15
1974,AWS,Advanced,2026-03-15
1974,Excel,Advanced,2026-03-15
1974,Git,Intermediate,2026-03-15
1975,B2B Sales,Intermediate,2026-03-15
1975,Data Analysis,Intermediate,2026-03-15
1975,Market Analysis,Intermediate,2026-03-15
1975,Negotiation,Intermediate,2026-03-15
1976,Deep Learning,Intermediate,2026-03-15
1976,Machine Learning,Advanced,2026-03-15
1976,MLOps,Beginner,2026-03-15
1976,SQL,Intermediate,2026-03-15
1976,Statistics,Advanced,2026-03-15
1976,Data Visualization,Intermediate,2026-03-15
1979,Git,Intermediate,2026-03-15
1979,Python,Intermediate,2026-03-15
1979,PowerBI,Intermediate,2026-03-15
1979,Excel,Advanced,2026-03-15
1980,Supply Chain,Intermediate,2026-03-15
1980,Lean Manufacturing,Intermediate,2026-03-15
1980,Data Analysis,Intermediate,2026-03-15
1980,Statistics,Intermediate,2026-03-15
1980,Budgeting,Beginner,2026-03-15
1981,PowerBI,Intermediate,2026-03-15
1981,SQL,Beginner,2026-03-15
1981,Python,Intermediate,2026-03-15
1981,Excel,Intermediate,2026-03-15
1981,Git,Advanced,2026-03-15
1982,PowerBI,Advanced,2026-03-15
1982,SQL,Beginner,2026-03-15
1982,Python,Intermediate,2026-03-15
1982,Excel,Intermediate,2026-03-15
1982,Git,Advanced,2026-03-15
1985,MLOps,Intermediate,2026-03-15
1985,SQL,Intermediate,2026-03-15
1985,Python,Beginner,2026-03-15
1985,Excel,Advanced,2026-03-15
1985,Git,Beginner,2026-03-15
1986,MLOps,Intermediate,2026-03-15
1986,Negotiation,Intermediate,2026-03-15
1986,B2B Sales,Intermediate,2026-03-15
1986,Git,Advanced,2026-03-15
1986,Market Analysis,Intermediate,2026-03-15
1986,Communication,Intermediate,2026-03-15
1987,Git,Intermediate,2026-03-15
1987,Python,Intermediate,2026-03-15
1987,SQL,Intermediate,2026-03-15
1987,MLOps,Advanced,2026-03-15
1989,Git,Intermediate,2026-03-15
1989,SQL,Beginner,2026-03-15
1989,Statistics,Intermediate,2026-03-15
1989,Excel,Beginner,2026-03-15
1992,PowerBI,Intermediate,2026-03-15
1992,SQL,Advanced,2026-03-15
1992,Python,Advanced,2026-03-15
1992,Docker,Intermediate,2026-03-15
1992,Excel,Beginner,2026-03-15
1993,Python,Intermediate,2026-03-15
1993,SQL,Advanced,2026-03-15
1993,Excel,Beginner,2026-03-15
1993,Git,Advanced,2026-03-15
1993,Communication,Intermediate,2026-03-15
1994,PowerBI,Advanced,2026-03-15
1994,SQL,Advanced,2026-03-15
1994,Python,Intermediate,2026-03-15
1994,Statistics,Intermediate,2026-03-15
1994,Excel,Intermediate,2026-03-15
1995,PowerBI,Intermediate,2026-03-15
1995,Account Management,Intermediate,2026-03-15
1995,Negotiation,Intermediate,2026-03-15
1995,Excel,Intermediate,2026-03-15
1995,Market Analysis,Beginner,2026-03-15
1995,Communication,Intermediate,2026-03-15
1996,PowerBI,Intermediate,2026-03-15
1996,SQL,Intermediate,2026-03-15
1996,Python,Intermediate,2026-03-15
1996,Excel,Advanced,2026-03-15
1996,Git,Intermediate,2026-03-15
1996,Communication,Advanced,2026-03-15
1997,Supply Chain,Beginner,2026-03-15
1997,Lean Manufacturing,Intermediate,2026-03-15
1997,Python,Beginner,2026-03-15
1997,Six Sigma,Advanced,2026-03-15
1997,Plant Management,Intermediate,2026-03-15
1998,SQL,Advanced,2026-03-15
1998,Git,Intermediate,2026-03-15
1998,Deep Learning,Intermediate,2026-03-15
1998,Machine Learning,Advanced,2026-03-15
1999,Deep Learning,Beginner,2026-03-15
1999,Machine Learning,Beginner,2026-03-15
1999,SQL,Advanced,2026-03-15
1999,Python,Intermediate,2026-03-15
1999,Statistics,Intermediate,2026-03-15
1999,Data Visualization,Intermediate,2026-03-15
2000,SQL,Intermediate,2026-03-15
2000,PowerBI,Beginner,2026-03-15
2000,Docker,Intermediate,2026-03-15
2000,Excel,Intermediate,2026-03-15
2003,PowerBI,Intermediate,2026-03-15
2003,SQL,Advanced,2026-03-15
2003,AWS,Intermediate,2026-03-15
2003,Excel,Intermediate,2026-03-15
2003,Git,Intermediate,2026-03-15
2007,Machine Learning,Intermediate,2026-03-15
2007,Python,Intermediate,2026-03-15
2007,SQL,Intermediate,2026-03-15
2007,Statistics,Beginner,2026-03-15
2007,Data Visualization,Advanced,2026-03-15
2008,Deep Learning,Advanced,2026-03-15
2008,SQL,Intermediate,2026-03-15
2008,Python,Advanced,2026-03-15
2008,Statistics,Intermediate,2026-03-15
2008,Data Visualization,Intermediate,2026-03-15
2009,PowerBI,Intermediate,2026-03-15
2009,Data Analysis,Intermediate,2026-03-15
2009,Python,Intermediate,2026-03-15
2009,SQL,Intermediate,2026-03-15
2009,Excel,Intermediate,2026-03-15
2009,Git,Intermediate,2026-03-15
2010,Data Analysis,Intermediate,2026-03-15
2010,Python,Intermediate,2026-03-15
2010,SQL,Beginner,2026-03-15
2010,Excel,Intermediate,2026-03-15
2012,PowerBI,Intermediate,2026-03-15
2012,Data Analysis,Beginner,2026-03-15
2012,SQL,Beginner,2026-03-15
2012,Python,Intermediate,2026-03-15
2012,Excel,Intermediate,2026-03-15
2012,Git,Intermediate,2026-03-15
2013,Git,Beginner,2026-03-15
2013,Python,Beginner,2026-03-15
2013,SQL,Beginner,2026-03-15
2014,Deep Learning,Intermediate,2026-03-15
2014,Machine Learning,Intermediate,2026-03-15
2014,PowerBI,Intermediate,2026-03-15
2014,SQL,Beginner,2026-03-15
2014,Python,Intermediate,2026-03-15
2014,Statistics,Beginner,2026-03-15
2014,Data Visualization,Intermediate,2026-03-15
2015,PowerBI,Beginner,2026-03-15
2015,Data Analysis,Intermediate,2026-03-15
2015,Python,Intermediate,2026-03-15
2015,SQL,Advanced,2026-03-15
2015,Git,Intermediate,2026-03-15
2016,Account Management,Advanced,2026-03-15
2016,Negotiation,Beginner,2026-03-15
2016,CRM,Intermediate,2026-03-15
2016,Docker,Advanced,2026-03-15
2016,B2B Sales,Beginner,2026-03-15
2016,Market Analysis,Intermediate,2026-03-15
2016,Communication,Advanced,2026-03-15
2017,PowerBI,Intermediate,2026-03-15
2017,MLOps,Intermediate,2026-03-15
2017,Data Analysis,Intermediate,2026-03-15
2017,SQL,Intermediate,2026-03-15
2017,Python,Advanced,2026-03-15
2017,Excel,Intermediate,2026-03-15
2017,Git,Intermediate,2026-03-15
2018,Account Management,Intermediate,2026-03-15
2018,Negotiation,Beginner,2026-03-15
2018,B2B Sales,Intermediate,2026-03-15
2018,Git,Intermediate,2026-03-15
2018,Market Analysis,Beginner,2026-03-15
2018,Communication,Intermediate,2026-03-15
2019,PowerBI,Beginner,2026-03-15
2019,SQL,Intermediate,2026-03-15
2019,Python,Beginner,2026-03-15
2019,Docker,Advanced,2026-03-15
2019,Excel,Beginner,2026-03-15
2019,Git,Intermediate,2026-03-15
2019,Communication,Beginner,2026-03-15
2020,Deep Learning,Intermediate,2026-03-15
2020,Machine Learning,Beginner,2026-03-15
2020,Data Analysis,Intermediate,2026-03-15
2020,Python,Beginner,2026-03-15
2020,SQL,Intermediate,2026-03-15
2020,Statistics,Beginner,2026-03-15
2020,AWS,Beginner,2026-03-15
2020,Data Visualization,Advanced,2026-03-15
2021,Git,Advanced,2026-03-15
2021,Python,Advanced,2026-03-15
2021,SQL,Beginner,2026-03-15
2021,Excel,Advanced,2026-03-15
2022,PowerBI,Intermediate,2026-03-15
2022,Python,Intermediate,2026-03-15
2022,SQL,Intermediate,2026-03-15
2022,Docker,Intermediate,2026-03-15
2022,Excel,Intermediate,2026-03-15
2022,Git,Intermediate,2026-03-15
2023,SQL,Beginner,2026-03-15
2023,Git,Advanced,2026-03-15
2023,PowerBI,Intermediate,2026-03-15
2023,Docker,Intermediate,2026-03-15
2024,Account Management,Beginner,2026-03-15
2024,MLOps,Intermediate,2026-03-15
2024,Negotiation,Intermediate,2026-03-15
2024,CRM,Intermediate,2026-03-15
2024,B2B Sales,Beginner,2026-03-15
2024,Market Analysis,Beginner,2026-03-15
2024,Communication,Intermediate,2026-03-15
2025,Plant Management,Beginner,2026-03-15
2025,Supply Chain,Beginner,2026-03-15
2025,Six Sigma,Intermediate,2026-03-15
2025,Statistics,Intermediate,2026-03-15
2026,Data Analysis,Beginner,2026-03-15
2026,Python,Advanced,2026-03-15
2026,SQL,Intermediate,2026-03-15
2026,Statistics,Advanced,2026-03-15
2026,Excel,Beginner,2026-03-15
2026,Git,Intermediate,2026-03-15
2027,Deep Learning,Beginner,2026-03-15
2027,Machine Learning,Advanced,2026-03-15
2027,Python,Advanced,2026-03-15
2027,SQL,Intermediate,2026-03-15
2027,Statistics,Advanced,2026-03-15
2027,Excel,Advanced,2026-03-15
2027,Data Visualization,Intermediate,2026-03-15
2031,PowerBI,Intermediate,2026-03-15
2031,MLOps,Intermediate,2026-03-15
2031,Python,Beginner,2026-03-15
2031,AWS,Intermediate,2026-03-15
2031,Excel,Intermediate,2026-03-15
2031,Git,Beginner,2026-03-15
2032,PowerBI,Intermediate,2026-03-15
2032,SQL,Intermediate,2026-03-15
2032,Statistics,Intermediate,2026-03-15
2032,Excel,Intermediate,2026-03-15
2032,Git,Beginner,2026-03-15
2034,PowerBI,Intermediate,2026-03-15
2034,Supply Chain,Intermediate,2026-03-15
2034,Six Sigma,Beginner,2026-03-15
2034,Statistics,Intermediate,2026-03-15
2034,Budgeting,Intermediate,2026-03-15
2035,Account Management,Advanced,2026-03-15
2035,Negotiation,Intermediate,2026-03-15
2035,CRM,Beginner,2026-03-15
2035,B2B Sales,Beginner,2026-03-15
2035,Git,Intermediate,2026-03-15
2035,Market Analysis,Intermediate,2026-03-15
2036,Account Management,Intermediate,2026-03-15
2036,Negotiation,Intermediate,2026-03-15
2036,Python,Beginner,2026-03-15
2036,CRM,Intermediate,2026-03-15
2036,B2B Sales,Beginner,2026-03-15
2036,Market Analysis,Intermediate,2026-03-15
2036,Communication,Intermediate,2026-03-15
2037,Account Management,Advanced,2026-03-15
2037,B2B Sales,Beginner,2026-03-15
2037,Git,Intermediate,2026-03-15
2037,Market Analysis,Beginner,2026-03-15
2037,Communication,Intermediate,2026-03-15
2038,Machine Learning,Intermediate,2026-03-15
2038,SQL,Intermediate,2026-03-15
2038,Statistics,Intermediate,2026-03-15
2038,AWS,Intermediate,2026-03-15
2038,Git,Intermediate,2026-03-15
2040,PowerBI,Beginner,2026-03-15
2040,SQL,Intermediate,2026-03-15
2040,Python,Advanced,2026-03-15
2040,AWS,Intermediate,2026-03-15
2040,Excel,Advanced,2026-03-15
2040,Git,Beginner,2026-03-15
2040,Communication,Intermediate,2026-03-15
2041,Account Management,Advanced,2026-03-15
2041,Negotiation,Intermediate,2026-03-15
2041,Data Analysis,Beginner,2026-03-15
2041,CRM,Intermediate,2026-03-15
2041,B2B Sales,Advanced,2026-03-15
2041,Market Analysis,Beginner,2026-03-15
2041,Communication,Intermediate,2026-03-15
2044,Account Management,Beginner,2026-03-15
2044,Negotiation,Intermediate,2026-03-15
2044,Docker,Beginner,2026-03-15
2044,Statistics,Intermediate,2026-03-15
2044,B2B Sales,Intermediate,2026-03-15
2044,Market Analysis,Intermediate,2026-03-15
2044,Communication,Beginner,2026-03-15
2045,Account Management,Advanced,2026-03-15
2045,Negotiation,Beginner,2026-03-15
2045,CRM,Intermediate,2026-03-15
2045,B2B Sales,Beginner,2026-03-15
2045,Market Analysis,Beginner,2026-03-15
2045,Communication,Beginner,2026-03-15
2046,Account Management,Intermediate,2026-03-15
2046,CRM,Intermediate,2026-03-15
2046,Excel,Intermediate,2026-03-15
2046,B2B Sales,Beginner,2026-03-15
2046,Market Analysis,Intermediate,2026-03-15
2046,Communication,Intermediate,2026-03-15
2048,Machine Learning,Intermediate,2026-03-15
2048,MLOps,Advanced,2026-03-15
2048,SQL,Advanced,2026-03-15
2048,Python,Advanced,2026-03-15
2048,Statistics,Beginner,2026-03-15
2048,Data Visualization,Beginner,2026-03-15
2049,PowerBI,Intermediate,2026-03-15
2049,Data Analysis,Advanced,2026-03-15
2049,Python,Beginner,2026-03-15
2049,Excel,Advanced,2026-03-15
2049,Git,Beginner,2026-03-15
2051,Deep Learning,Beginner,2026-03-15
2051,Machine Learning,Intermediate,2026-03-15
2051,MLOps,Intermediate,2026-03-15
2051,SQL,Intermediate,2026-03-15
2051,Python,Beginner,2026-03-15
2051,Data Visualization,Intermediate,2026-03-15
2052,Deep Learning,Intermediate,2026-03-15
2052,Machine Learning,Beginner,2026-03-15
2052,Data Analysis,Intermediate,2026-03-15
2052,SQL,Intermediate,2026-03-15
2052,Python,Intermediate,2026-03-15
2052,Statistics,Beginner,2026-03-15
2052,Data Visualization,Advanced,2026-03-15
2053,PowerBI,Beginner,2026-03-15
2053,SQL,Intermediate,2026-03-15
2053,Excel,Intermediate,2026-03-15
2054,MLOps,Intermediate,2026-03-15
2054,Statistics,Intermediate,2026-03-15
2054,Machine Learning,Intermediate,2026-03-15
2054,Data Visualization,Beginner,2026-03-15
2055,B2B Sales,Advanced,2026-03-15
2055,CRM,Beginner,2026-03-15
2055,Statistics,Intermediate,2026-03-15
2055,Negotiation,Beginner,2026-03-15
2056,Account Management,Intermediate,2026-03-15
2056,Negotiation,Intermediate,2026-03-15
2056,CRM,Intermediate,2026-03-15
2056,B2B Sales,Advanced,2026-03-15
2056,Git,Intermediate,2026-03-15
2056,Market Analysis,Intermediate,2026-03-15
2056,Communication,Intermediate,2026-03-15
2057,Python,Advanced,2026-03-15
2057,Six Sigma,Beginner,2026-03-15
2057,AWS,Intermediate,2026-03-15
2057,Plant Management,Intermediate,2026-03-15
2057,Budgeting,Intermediate,2026-03-15
2060,PowerBI,Intermediate,2026-03-15
2060,Python,Advanced,2026-03-15
2060,SQL,Intermediate,2026-03-15
2060,Docker,Advanced,2026-03-15
2060,Git,Intermediate,2026-03-15
2061,PowerBI,Beginner,2026-03-15
2061,MLOps,Intermediate,2026-03-15
2061,SQL,Intermediate,2026-03-15
2061,Python,Beginner,2026-03-15
2061,AWS,Beginner,2026-03-15
2061,Excel,Intermediate,2026-03-15
2061,Git,Beginner,2026-03-15
2062,Git,Intermediate,2026-03-15
2062,Python,Intermediate,2026-03-15
2062,PowerBI,Intermediate,2026-03-15
2064,MLOps,Beginner,2026-03-15
2064,Lean Manufacturing,Advanced,2026-03-15
2064,Six Sigma,Intermediate,2026-03-15
2064,AWS,Beginner,2026-03-15
2064,Plant Management,Beginner,2026-03-15
2065,MLOps,Intermediate,2026-03-15
2065,Account Management,Intermediate,2026-03-15
2065,Negotiation,Intermediate,2026-03-15
2065,CRM,Intermediate,2026-03-15
2065,Communication,Intermediate,2026-03-15
2068,PowerBI,Beginner,2026-03-15
2068,SQL,Intermediate,2026-03-15
2068,Python,Intermediate,2026-03-15
2068,Statistics,Intermediate,2026-03-15
2068,Excel,Advanced,2026-03-15
