EmployeeID,Year,PerformanceRating,GoalsAchieved,ReviewerNotes
1,2024,2,99%,Needs improvement in deadlines and upskilling.
1,2025,2,82%,Needs improvement in deadlines and upskilling.
1,2026,3,89%,Consistent delivery with focus on key deliverables.
2,2024,4,83%,Consistent delivery with focus on key deliverables.
2,2025,3,79%,Consistent delivery with focus on key deliverables.
2,2026,4,97%,Consistent delivery with focus on key deliverables.
4,2024,3,95%,Consistent delivery with focus on key deliverables.
4,2025,3,80%,Consistent delivery with focus on key deliverables.
4,2026,3,72%,Consistent delivery with focus on key deliverables.
5,2024,3,93%,Consistent delivery with focus on key deliverables.
5,2025,3,70%,Consistent delivery with focus on key deliverables.
5,2026,4,98%,Consistent delivery with focus on key deliverables.
7,2024,3,83%,Consistent delivery with focus on key deliverables.
7,2025,3,89%,Consistent delivery with focus on key deliverables.
7,2026,2,87%,Needs improvement in deadlines and upskilling.
8,2024,4,85%,Consistent delivery with focus on key deliverables.
8,2025,3,79%,Consistent delivery with focus on key deliverables.
8,2026,4,86%,Consistent delivery with focus on key deliverables.
10,2024,3,77%,Consistent delivery with focus on key deliverables.
10,2025,5,84%,Consistent delivery with focus on key deliverables.
10,2026,3,76%,Consistent delivery with focus on key deliverables.
11,2024,3,79%,Consistent delivery with focus on key deliverables.
11,2025,4,70%,Consistent delivery with focus on key deliverables.
11,2026,3,81%,Consistent delivery with focus on key deliverables.
12,2024,3,84%,Consistent delivery with focus on key deliverables.
12,2025,5,85%,Consistent delivery with focus on key deliverables.
12,2026,4,83%,Consistent delivery with focus on key deliverables.
13,2024,3,88%,Consistent delivery with focus on key deliverables.
13,2025,4,88%,Consistent delivery with focus on key deliverables.
13,2026,3,99%,Consistent delivery with focus on key deliverables.
14,2024,3,89%,Consistent delivery with focus on key deliverables.
14,2025,3,78%,Consistent delivery with focus on key deliverables.
14,2026,3,95%,Consistent delivery with focus on key deliverables.
15,2024,3,81%,Consistent delivery with focus on key deliverables.
15,2025,3,89%,Consistent delivery with focus on key deliverables.
15,2026,2,74%,Needs improvement in deadlines and upskilling.
16,2024,4,88%,Consistent delivery with focus on key deliverables.
16,2025,3,73%,Consistent delivery with focus on key deliverables.
16,2026,3,88%,Consistent delivery with focus on key deliverables.
18,2024,3,95%,Consistent delivery with focus on key deliverables.
18,2025,3,99%,Consistent delivery with focus on key deliverables.
18,2026,4,93%,Consistent delivery with focus on key deliverables.
19,2024,3,93%,Consistent delivery with focus on key deliverables.
19,2025,3,89%,Consistent delivery with focus on key deliverables.
19,2026,3,71%,Consistent delivery with focus on key deliverables.
20,2024,4,88%,Consistent delivery with focus on key deliverables.
20,2025,3,73%,Consistent delivery with focus on key deliverables.
20,2026,3,82%,Consistent delivery with focus on key deliverables.
21,2024,3,87%,Consistent delivery with focus on key deliverables.
21,2025,3,81%,Consistent delivery with focus on key deliverables.
21,2026,2,93%,Needs improvement in deadlines and upskilling.
22,2024,3,72%,Consistent delivery with focus on key deliverables.
22,2025,2,72%,Needs improvement in deadlines and upskilling.
22,2026,2,72%,Needs improvement in deadlines and upskilling.
23,2024,4,75%,Consistent delivery with focus on key deliverables.
23,2025,3,92%,Consistent delivery with focus on key deliverables.
23,2026,2,77%,Needs improvement in deadlines and upskilling.
24,2024,2,73%,Needs improvement in deadlines and upskilling.
24,2025,3,80%,Consistent delivery with focus on key deliverables.
24,2026,2,77%,Needs improvement in deadlines and upskilling.
26,2024,3,71%,Consistent delivery with focus on key deliverables.
26,2025,4,89%,Consistent delivery with focus on key deliverables.
26,2026,2,73%,Needs improvement in deadlines and upskilling.
27,2024,3,76%,Consistent delivery with focus on key deliverables.
27,2025,4,74%,Consistent delivery with focus on key deliverables.
27,2026,4,96%,Consistent delivery with focus on key deliverables.
28,2024,4,90%,Consistent delivery with focus on key deliverables.
28,2025,4,75%,Consistent delivery with focus on key deliverables.
28,2026,2,72%,Needs improvement in deadlines and upskilling.
30,2024,3,97%,Consistent delivery with focus on key deliverables.
30,2025,3,80%,Consistent delivery with focus on key deliverables.
30,2026,4,81%,Consistent delivery with focus on key deliverables.
31,2024,2,70%,Needs improvement in deadlines and upskilling.
31,2025,4,71%,Consistent delivery with focus on key deliverables.
31,2026,3,86%,Consistent delivery with focus on key deliverables.
32,2024,2,71%,Needs improvement in deadlines and upskilling.
32,2025,4,94%,Consistent delivery with focus on key deliverables.
32,2026,3,88%,Consistent delivery with focus on key deliverables.
33,2024,4,93%,Consistent delivery with focus on key deliverables.
33,2025,4,82%,Consistent delivery with focus on key deliverables.
33,2026,4,95%,Consistent delivery with focus on key deliverables.
35,2024,2,87%,Needs improvement in deadlines and upskilling.
35,2025,3,98%,Consistent delivery with focus on key deliverables.
35,2026,3,93%,Consistent delivery with focus on key deliverables.
36,2024,3,97%,Consistent delivery with focus on key deliverables.
36,2025,4,94%,Consistent delivery with focus on key deliverables.
36,2026,3,96%,Consistent delivery with focus on key deliverables.
38,2024,3,70%,Consistent delivery with focus on key deliverables.
38,2025,4,97%,Consistent delivery with focus on key deliverables.
38,2026,4,82%,Consistent delivery with focus on key deliverables.
39,2024,2,75%,Needs improvement in deadlines and upskilling.
39,2025,3,97%,Consistent delivery with focus on key deliverables.
39,2026,3,79%,Consistent delivery with focus on key deliverables.
40,2024,3,98%,Consistent delivery with focus on key deliverables.
40,2025,3,98%,Consistent delivery with focus on key deliverables.
40,2026,2,72%,Needs improvement in deadlines and upskilling.
41,2024,3,85%,Consistent delivery with focus on key deliverables.
41,2025,3,93%,Consistent delivery with focus on key deliverables.
41,2026,2,73%,Needs improvement in deadlines and upskilling.
42,2024,3,75%,Consistent delivery with focus on key deliverables.
42,2025,2,78%,Needs improvement in deadlines and upskilling.
42,2026,4,94%,Consistent delivery with focus on key deliverables.
45,2024,3,80%,Consistent delivery with focus on key deliverables.
45,2025,2,70%,Needs improvement in deadlines and upskilling.
45,2026,3,97%,Consistent delivery with focus on key deliverables.
46,2024,2,73%,Needs improvement in deadlines and upskilling.
46,2025,2,92%,Needs improvement in deadlines and upskilling.
46,2026,2,86%,Needs improvement in deadlines and upskilling.
47,2024,2,88%,Needs improvement in deadlines and upskilling.
47,2025,3,80%,Consistent delivery with focus on key deliverables.
47,2026,3,91%,Consistent delivery with focus on key deliverables.
49,2024,3,75%,Consistent delivery with focus on key deliverables.
49,2025,3,70%,Consistent delivery with focus on key deliverables.
49,2026,3,71%,Consistent delivery with focus on key deliverables.
51,2024,4,88%,Consistent delivery with focus on key deliverables.
51,2025,2,95%,Needs improvement in deadlines and upskilling.
51,2026,2,90%,Needs improvement in deadlines and upskilling.
52,2024,2,79%,Needs improvement in deadlines and upskilling.
52,2025,3,75%,Consistent delivery with focus on key deliverables.
52,2026,3,72%,Consistent delivery with focus on key deliverables.
53,2024,3,89%,Consistent delivery with focus on key deliverables.
53,2025,4,84%,Consistent delivery with focus on key deliverables.
53,2026,2,97%,Needs improvement in deadlines and upskilling.
54,2024,3,95%,Consistent delivery with focus on key deliverables.
54,2025,4,75%,Consistent delivery with focus on key deliverables.
54,2026,3,79%,Consistent delivery with focus on key deliverables.
55,2024,4,70%,Consistent delivery with focus on key deliverables.
55,2025,3,99%,Consistent delivery with focus on key deliverables.
55,2026,2,85%,Needs improvement in deadlines and upskilling.
56,2024,2,79%,Needs improvement in deadlines and upskilling.
56,2025,4,88%,Consistent delivery with focus on key deliverables.
56,2026,4,77%,Consistent delivery with focus on key deliverables.
57,2024,4,77%,Consistent delivery with focus on key deliverables.
57,2025,4,79%,Consistent delivery with focus on key deliverables.
57,2026,4,79%,Consistent delivery with focus on key deliverables.
58,2024,3,99%,Consistent delivery with focus on key deliverables.
58,2025,4,70%,Consistent delivery with focus on key deliverables.
58,2026,3,88%,Consistent delivery with focus on key deliverables.
60,2024,3,99%,Consistent delivery with focus on key deliverables.
60,2025,4,77%,Consistent delivery with focus on key deliverables.
60,2026,4,71%,Consistent delivery with focus on key deliverables.
61,2024,5,83%,Consistent delivery with focus on key deliverables.
61,2025,3,79%,Consistent delivery with focus on key deliverables.
61,2026,3,98%,Consistent delivery with focus on key deliverables.
62,2024,3,83%,Consistent delivery with focus on key deliverables.
62,2025,4,73%,Consistent delivery with focus on key deliverables.
62,2026,5,88%,Consistent delivery with focus on key deliverables.
63,2024,2,73%,Needs improvement in deadlines and upskilling.
63,2025,3,82%,Consistent delivery with focus on key deliverables.
63,2026,3,87%,Consistent delivery with focus on key deliverables.
64,2024,3,74%,Consistent delivery with focus on key deliverables.
64,2025,2,83%,Needs improvement in deadlines and upskilling.
64,2026,4,93%,Consistent delivery with focus on key deliverables.
65,2024,3,87%,Consistent delivery with focus on key deliverables.
65,2025,3,72%,Consistent delivery with focus on key deliverables.
65,2026,3,73%,Consistent delivery with focus on key deliverables.
68,2024,4,82%,Consistent delivery with focus on key deliverables.
68,2025,3,72%,Consistent delivery with focus on key deliverables.
68,2026,3,84%,Consistent delivery with focus on key deliverables.
70,2024,3,79%,Consistent delivery with focus on key deliverables.
70,2025,3,70%,Consistent delivery with focus on key deliverables.
70,2026,4,96%,Consistent delivery with focus on key deliverables.
72,2024,3,90%,Consistent delivery with focus on key deliverables.
72,2025,3,76%,Consistent delivery with focus on key deliverables.
72,2026,3,72%,Consistent delivery with focus on key deliverables.
73,2024,3,78%,Consistent delivery with focus on key deliverables.
73,2025,4,72%,Consistent delivery with focus on key deliverables.
73,2026,3,74%,Consistent delivery with focus on key deliverables.
74,2024,3,82%,Consistent delivery with focus on key deliverables.
74,2025,4,77%,Consistent delivery with focus on key deliverables.
74,2026,4,99%,Consistent delivery with focus on key deliverables.
75,2024,3,76%,Consistent delivery with focus on key deliverables.
75,2025,3,79%,Consistent delivery with focus on key deliverables.
75,2026,3,92%,Consistent delivery with focus on key deliverables.
76,2024,4,81%,Consistent delivery with focus on key deliverables.
76,2025,4,82%,Consistent delivery with focus on key deliverables.
76,2026,5,86%,Consistent delivery with focus on key deliverables.
77,2024,4,83%,Consistent delivery with focus on key deliverables.
77,2025,2,88%,Needs improvement in deadlines and upskilling.
77,2026,4,78%,Consistent delivery with focus on key deliverables.
78,2024,5,79%,Consistent delivery with focus on key deliverables.
78,2025,3,78%,Consistent delivery with focus on key deliverables.
78,2026,3,93%,Consistent delivery with focus on key deliverables.
79,2024,3,80%,Consistent delivery with focus on key deliverables.
79,2025,3,87%,Consistent delivery with focus on key deliverables.
79,2026,2,92%,Needs improvement in deadlines and upskilling.
80,2024,3,94%,Consistent delivery with focus on key deliverables.
80,2025,3,85%,Consistent delivery with focus on key deliverables.
80,2026,4,85%,Consistent delivery with focus on key deliverables.
81,2024,2,79%,Needs improvement in deadlines and upskilling.
81,2025,2,77%,Needs improvement in deadlines and upskilling.
81,2026,3,72%,Consistent delivery with focus on key deliverables.
83,2024,3,97%,Consistent delivery with focus on key deliverables.
83,2025,3,93%,Consistent delivery with focus on key deliverables.
83,2026,2,71%,Needs improvement in deadlines and upskilling.
84,2024,3,99%,Consistent delivery with focus on key deliverables.
84,2025,3,77%,Consistent delivery with focus on key deliverables.
84,2026,3,77%,Consistent delivery with focus on key deliverables.
85,2024,2,75%,Needs improvement in deadlines and upskilling.
85,2025,3,79%,Consistent delivery with focus on key deliverables.
85,2026,3,97%,Consistent delivery with focus on key deliverables.
86,2024,4,72%,Consistent delivery with focus on key deliverables.
86,2025,4,78%,Consistent delivery with focus on key deliverables.
86,2026,3,85%,Consistent delivery with focus on key deliverables.
88,2024,2,85%,Needs improvement in deadlines and upskilling.
88,2025,3,93%,Consistent delivery with focus on key deliverables.
88,2026,2,86%,Needs improvement in deadlines and upskilling.
90,2024,2,81%,Needs improvement in deadlines and upskilling.
90,2025,3,77%,Consistent delivery with focus on key deliverables.
90,2026,3,96%,Consistent delivery with focus on key deliverables.
91,2024,3,81%,Consistent delivery with focus on key deliverables.
91,2025,3,83%,Consistent delivery with focus on key deliverables.
91,2026,4,92%,Consistent delivery with focus on key deliverables.
94,2024,3,70%,Consistent delivery with focus on key deliverables.
94,2025,3,83%,Consistent delivery with focus on key deliverables.
94,2026,4,85%,Consistent delivery with focus on key deliverables.
95,2024,2,91%,Needs improvement in deadlines and upskilling.
95,2025,2,81%,Needs improvement in deadlines and upskilling.
95,2026,3,91%,Consistent delivery with focus on key deliverables.
96,2024,3,92%,Consistent delivery with focus on key deliverables.
96,2025,3,81%,Consistent delivery with focus on key deliverables.
96,2026,3,99%,Consistent delivery with focus on key deliverables.
97,2024,3,85%,Consistent delivery with focus on key deliverables.
97,2025,2,82%,Needs improvement in deadlines and upskilling.
97,2026,3,97%,Consistent delivery with focus on key deliverables.
98,2024,4,72%,Consistent delivery with focus on key deliverables.
98,2025,3,73%,Consistent delivery with focus on key deliverables.
98,2026,5,84%,Consistent delivery with focus on key deliverables.
100,2024,2,81%,Needs improvement in deadlines and upskilling.
100,2025,3,83%,Consistent delivery with focus on key deliverables.
100,2026,2,73%,Needs improvement in deadlines and upskilling.
101,2024,4,86%,Consistent delivery with focus on key deliverables.
101,2025,3,75%,Consistent delivery with focus on key deliverables.
101,2026,4,82%,Consistent delivery with focus on key deliverables.
102,2024,4,84%,Consistent delivery with focus on key deliverables.
102,2025,3,86%,Consistent delivery with focus on key deliverables.
102,2026,3,79%,Consistent delivery with focus on key deliverables.
103,2024,3,81%,Consistent delivery with focus on key deliverables.
103,2025,3,99%,Consistent delivery with focus on key deliverables.
103,2026,4,92%,Consistent delivery with focus on key deliverables.
104,2024,4,77%,Consistent delivery with focus on key deliverables.
104,2025,4,89%,Consistent delivery with focus on key deliverables.
104,2026,3,97%,Consistent delivery with focus on key deliverables.
105,2024,2,99%,Needs improvement in deadlines and upskilling.
105,2025,3,85%,Consistent delivery with focus on key deliverables.
105,2026,3,74%,Consistent delivery with focus on key deliverables.
106,2024,3,71%,Consistent delivery with focus on key deliverables.
106,2025,2,98%,Needs improvement in deadlines and upskilling.
106,2026,3,80%,Consistent delivery with focus on key deliverables.
107,2024,3,94%,Consistent delivery with focus on key deliverables.
107,2025,2,70%,Needs improvement in deadlines and upskilling.
107,2026,3,74%,Consistent delivery with focus on key deliverables.
110,2024,4,73%,Consistent delivery with focus on key deliverables.
110,2025,3,74%,Consistent delivery with focus on key deliverables.
110,2026,2,93%,Needs improvement in deadlines and upskilling.
112,2024,4,91%,Consistent delivery with focus on key deliverables.
112,2025,3,87%,Consistent delivery with focus on key deliverables.
112,2026,3,86%,Consistent delivery with focus on key deliverables.
113,2024,2,72%,Needs improvement in deadlines and upskilling.
113,2025,3,73%,Consistent delivery with focus on key deliverables.
113,2026,3,78%,Consistent delivery with focus on key deliverables.
116,2024,4,74%,Consistent delivery with focus on key deliverables.
116,2025,5,85%,Consistent delivery with focus on key deliverables.
116,2026,4,78%,Consistent delivery with focus on key deliverables.
117,2024,4,89%,Consistent delivery with focus on key deliverables.
117,2025,3,99%,Consistent delivery with focus on key deliverables.
117,2026,3,86%,Consistent delivery with focus on key deliverables.
118,2024,3,98%,Consistent delivery with focus on key deliverables.
118,2025,3,84%,Consistent delivery with focus on key deliverables.
118,2026,4,78%,Consistent delivery with focus on key deliverables.
119,2024,4,75%,Consistent delivery with focus on key deliverables.
119,2025,4,94%,Consistent delivery with focus on key deliverables.
119,2026,5,89%,Consistent delivery with focus on key deliverables.
120,2024,4,92%,Consistent delivery with focus on key deliverables.
120,2025,5,84%,Consistent delivery with focus on key deliverables.
120,2026,4,94%,Consistent delivery with focus on key deliverables.
121,2024,3,91%,Consistent delivery with focus on key deliverables.
121,2025,3,91%,Consistent delivery with focus on key deliverables.
121,2026,3,77%,Consistent delivery with focus on key deliverables.
124,2024,3,78%,Consistent delivery with focus on key deliverables.
124,2025,3,85%,Consistent delivery with focus on key deliverables.
124,2026,4,72%,Consistent delivery with focus on key deliverables.
125,2024,3,74%,Consistent delivery with focus on key deliverables.
125,2025,3,96%,Consistent delivery with focus on key deliverables.
125,2026,4,71%,Consistent delivery with focus on key deliverables.
126,2024,3,73%,Consistent delivery with focus on key deliverables.
126,2025,3,78%,Consistent delivery with focus on key deliverables.
126,2026,3,92%,Consistent delivery with focus on key deliverables.
128,2024,4,95%,Consistent delivery with focus on key deliverables.
128,2025,5,81%,Consistent delivery with focus on key deliverables.
128,2026,5,78%,Consistent delivery with focus on key deliverables.
129,2024,3,81%,Consistent delivery with focus on key deliverables.
129,2025,4,95%,Consistent delivery with focus on key deliverables.
129,2026,3,94%,Consistent delivery with focus on key deliverables.
131,2024,2,79%,Needs improvement in deadlines and upskilling.
131,2025,2,99%,Needs improvement in deadlines and upskilling.
131,2026,3,79%,Consistent delivery with focus on key deliverables.
132,2024,3,73%,Consistent delivery with focus on key deliverables.
132,2025,2,80%,Needs improvement in deadlines and upskilling.
132,2026,4,91%,Consistent delivery with focus on key deliverables.
133,2024,4,80%,Consistent delivery with focus on key deliverables.
133,2025,4,75%,Consistent delivery with focus on key deliverables.
133,2026,4,71%,Consistent delivery with focus on key deliverables.
134,2024,2,92%,Needs improvement in deadlines and upskilling.
134,2025,3,72%,Consistent delivery with focus on key deliverables.
134,2026,3,97%,Consistent delivery with focus on key deliverables.
137,2024,2,98%,Needs improvement in deadlines and upskilling.
137,2025,4,93%,Consistent delivery with focus on key deliverables.
137,2026,3,90%,Consistent delivery with focus on key deliverables.
138,2024,4,95%,Consistent delivery with focus on key deliverables.
138,2025,3,78%,Consistent delivery with focus on key deliverables.
138,2026,3,72%,Consistent delivery with focus on key deliverables.
139,2024,3,75%,Consistent delivery with focus on key deliverables.
139,2025,4,75%,Consistent delivery with focus on key deliverables.
139,2026,2,77%,Needs improvement in deadlines and upskilling.
140,2024,3,94%,Consistent delivery with focus on key deliverables.
140,2025,5,91%,Consistent delivery with focus on key deliverables.
140,2026,4,87%,Consistent delivery with focus on key deliverables.
141,2024,2,94%,Needs improvement in deadlines and upskilling.
141,2025,4,98%,Consistent delivery with focus on key deliverables.
141,2026,4,87%,Consistent delivery with focus on key deliverables.
142,2024,2,83%,Needs improvement in deadlines and upskilling.
142,2025,3,75%,Consistent delivery with focus on key deliverables.
142,2026,2,76%,Needs improvement in deadlines and upskilling.
143,2024,2,84%,Needs improvement in deadlines and upskilling.
143,2025,2,75%,Needs improvement in deadlines and upskilling.
143,2026,2,81%,Needs improvement in deadlines and upskilling.
144,2024,4,95%,Consistent delivery with focus on key deliverables.
144,2025,3,72%,Consistent delivery with focus on key deliverables.
144,2026,3,89%,Consistent delivery with focus on key deliverables.
145,2024,4,97%,Consistent delivery with focus on key deliverables.
145,2025,4,73%,Consistent delivery with focus on key deliverables.
145,2026,4,86%,Consistent delivery with focus on key deliverables.
147,2024,3,93%,Consistent delivery with focus on key deliverables.
147,2025,4,79%,Consistent delivery with focus on key deliverables.
147,2026,3,73%,Consistent delivery with focus on key deliverables.
148,2024,3,78%,Consistent delivery with focus on key deliverables.
148,2025,4,72%,Consistent delivery with focus on key deliverables.
148,2026,3,91%,Consistent delivery with focus on key deliverables.
150,2024,4,70%,Consistent delivery with focus on key deliverables.
150,2025,4,94%,Consistent delivery with focus on key deliverables.
150,2026,4,96%,Consistent delivery with focus on key deliverables.
151,2024,3,74%,Consistent delivery with focus on key deliverables.
151,2025,3,73%,Consistent delivery with focus on key deliverables.
151,2026,2,94%,Needs improvement in deadlines and upskilling.
152,2024,3,92%,Consistent delivery with focus on key deliverables.
152,2025,4,88%,Consistent delivery with focus on key deliverables.
152,2026,3,88%,Consistent delivery with focus on key deliverables.
153,2024,3,85%,Consistent delivery with focus on key deliverables.
153,2025,3,92%,Consistent delivery with focus on key deliverables.
153,2026,4,83%,Consistent delivery with focus on key deliverables.
154,2024,2,70%,Needs improvement in deadlines and upskilling.
154,2025,3,74%,Consistent delivery with focus on key deliverables.
154,2026,3,99%,Consistent delivery with focus on key deliverables.
155,2024,3,76%,Consistent delivery with focus on key deliverables.
155,2025,3,95%,Consistent delivery with focus on key deliverables.
155,2026,3,91%,Consistent delivery with focus on key deliverables.
158,2024,3,83%,Consistent delivery with focus on key deliverables.
158,2025,3,81%,Consistent delivery with focus on key deliverables.
158,2026,3,70%,Consistent delivery with focus on key deliverables.
159,2024,4,72%,Consistent delivery with focus on key deliverables.
159,2025,5,78%,Consistent delivery with focus on key deliverables.
159,2026,4,83%,Consistent delivery with focus on key deliverables.
160,2024,2,72%,Needs improvement in deadlines and upskilling.
160,2025,4,81%,Consistent delivery with focus on key deliverables.
160,2026,2,90%,Needs improvement in deadlines and upskilling.
161,2024,3,70%,Consistent delivery with focus on key deliverables.
161,2025,3,80%,Consistent delivery with focus on key deliverables.
161,2026,2,91%,Needs improvement in deadlines and upskilling.
162,2024,3,79%,Consistent delivery with focus on key deliverables.
162,2025,3,73%,Consistent delivery with focus on key deliverables.
162,2026,3,74%,Consistent delivery with focus on key deliverables.
163,2024,3,78%,Consistent delivery with focus on key deliverables.
163,2025,2,97%,Needs improvement in deadlines and upskilling.
163,2026,2,84%,Needs improvement in deadlines and upskilling.
164,2024,2,90%,Needs improvement in deadlines and upskilling.
164,2025,3,70%,Consistent delivery with focus on key deliverables.
164,2026,4,92%,Consistent delivery with focus on key deliverables.
165,2024,4,74%,Consistent delivery with focus on key deliverables.
165,2025,3,85%,Consistent delivery with focus on key deliverables.
165,2026,4,94%,Consistent delivery with focus on key deliverables.
167,2024,3,88%,Consistent delivery with focus on key deliverables.
167,2025,3,92%,Consistent delivery with focus on key deliverables.
167,2026,2,71%,Needs improvement in deadlines and upskilling.
169,2024,2,85%,Needs improvement in deadlines and upskilling.
169,2025,3,96%,Consistent delivery with focus on key deliverables.
169,2026,4,88%,Consistent delivery with focus on key deliverables.
170,2024,4,72%,Consistent delivery with focus on key deliverables.
170,2025,3,86%,Consistent delivery with focus on key deliverables.
170,2026,4,78%,Consistent delivery with focus on key deliverables.
171,2024,2,94%,Needs improvement in deadlines and upskilling.
171,2025,2,92%,Needs improvement in deadlines and upskilling.
171,2026,2,94%,Needs improvement in deadlines and upskilling.
174,2024,2,73%,Needs improvement in deadlines and upskilling.
174,2025,3,96%,Consistent delivery with focus on key deliverables.
174,2026,3,81%,Consistent delivery with focus on key deliverables.
175,2024,2,86%,Needs improvement in deadlines and upskilling.
175,2025,4,85%,Consistent delivery with focus on key deliverables.
175,2026,3,82%,Consistent delivery with focus on key deliverables.
176,2024,3,84%,Consistent delivery with focus on key deliverables.
176,2025,2,85%,Needs improvement in deadlines and upskilling.
176,2026,3,96%,Consistent delivery with focus on key deliverables.
177,2024,4,80%,Consistent delivery with focus on key deliverables.
177,2025,4,74%,Consistent delivery with focus on key deliverables.
177,2026,4,95%,Consistent delivery with focus on key deliverables.
178,2024,4,70%,Consistent delivery with focus on key deliverables.
178,2025,4,71%,Consistent delivery with focus on key deliverables.
178,2026,5,98%,Consistent delivery with focus on key deliverables.
179,2024,4,75%,Consistent delivery with focus on key deliverables.
179,2025,4,90%,Consistent delivery with focus on key deliverables.
179,2026,4,83%,Consistent delivery with focus on key deliverables.
182,2024,4,77%,Consistent delivery with focus on key deliverables.
182,2025,4,92%,Consistent delivery with focus on key deliverables.
182,2026,3,89%,Consistent delivery with focus on key deliverables.
183,2024,3,82%,Consistent delivery with focus on key deliverables.
183,2025,2,74%,Needs improvement in deadlines and upskilling.
183,2026,4,79%,Consistent delivery with focus on key deliverables.
184,2024,2,88%,Needs improvement in deadlines and upskilling.
184,2025,2,78%,Needs improvement in deadlines and upskilling.
184,2026,3,74%,Consistent delivery with focus on key deliverables.
190,2024,5,82%,Consistent delivery with focus on key deliverables.
190,2025,4,87%,Consistent delivery with focus on key deliverables.
190,2026,3,84%,Consistent delivery with focus on key deliverables.
192,2024,4,81%,Consistent delivery with focus on key deliverables.
192,2025,4,74%,Consistent delivery with focus on key deliverables.
192,2026,4,74%,Consistent delivery with focus on key deliverables.
193,2024,3,87%,Consistent delivery with focus on key deliverables.
193,2025,4,88%,Consistent delivery with focus on key deliverables.
193,2026,4,79%,Consistent delivery with focus on key deliverables.
194,2024,3,78%,Consistent delivery with focus on key deliverables.
194,2025,3,70%,Consistent delivery with focus on key deliverables.
194,2026,3,94%,Consistent delivery with focus on key deliverables.
195,2024,4,95%,Consistent delivery with focus on key deliverables.
195,2025,3,82%,Consistent delivery with focus on key deliverables.
195,2026,3,75%,Consistent delivery with focus on key deliverables.
197,2024,2,87%,Needs improvement in deadlines and upskilling.
197,2025,3,74%,Consistent delivery with focus on key deliverables.
197,2026,2,98%,Needs improvement in deadlines and upskilling.
198,2024,2,94%,Needs improvement in deadlines and upskilling.
198,2025,3,74%,Consistent delivery with focus on key deliverables.
198,2026,3,72%,Consistent delivery with focus on key deliverables.
199,2024,3,82%,Consistent delivery with focus on key deliverables.
199,2025,3,86%,Consistent delivery with focus on key deliverables.
199,2026,3,74%,Consistent delivery with focus on key deliverables.
200,2024,4,83%,Consistent delivery with focus on key deliverables.
200,2025,4,97%,Consistent delivery with focus on key deliverables.
200,2026,4,76%,Consistent delivery with focus on key deliverables.
201,2024,3,92%,Consistent delivery with focus on key deliverables.
201,2025,4,79%,Consistent delivery with focus on key deliverables.
201,2026,3,99%,Consistent delivery with focus on key deliverables.
202,2024,3,74%,Consistent delivery with focus on key deliverables.
202,2025,4,91%,Consistent delivery with focus on key deliverables.
202,2026,2,81%,Needs improvement in deadlines and upskilling.
204,2024,3,88%,Consistent delivery with focus on key deliverables.
204,2025,2,96%,Needs improvement in deadlines and upskilling.
204,2026,2,94%,Needs improvement in deadlines and upskilling.
205,2024,4,89%,Consistent delivery with focus on key deliverables.
205,2025,3,97%,Consistent delivery with focus on key deliverables.
205,2026,5,78%,Consistent delivery with focus on key deliverables.
206,2024,4,98%,Consistent delivery with focus on key deliverables.
206,2025,3,72%,Consistent delivery with focus on key deliverables.
206,2026,3,76%,Consistent delivery with focus on key deliverables.
207,2024,4,89%,Consistent delivery with focus on key deliverables.
207,2025,4,83%,Consistent delivery with focus on key deliverables.
207,2026,3,78%,Consistent delivery with focus on key deliverables.
208,2024,3,92%,Consistent delivery with focus on key deliverables.
208,2025,3,98%,Consistent delivery with focus on key deliverables.
208,2026,2,98%,Needs improvement in deadlines and upskilling.
211,2024,2,73%,Needs improvement in deadlines and upskilling.
211,2025,2,94%,Needs improvement in deadlines and upskilling.
211,2026,3,85%,Consistent delivery with focus on key deliverables.
214,2024,4,87%,Consistent delivery with focus on key deliverables.
214,2025,3,76%,Consistent delivery with focus on key deliverables.
214,2026,4,75%,Consistent delivery with focus on key deliverables.
215,2024,4,72%,Consistent delivery with focus on key deliverables.
215,2025,2,97%,Needs improvement in deadlines and upskilling.
215,2026,4,74%,Consistent delivery with focus on key deliverables.
216,2024,3,91%,Consistent delivery with focus on key deliverables.
216,2025,2,79%,Needs improvement in deadlines and upskilling.
216,2026,3,73%,Consistent delivery with focus on key deliverables.
217,2024,4,96%,Consistent delivery with focus on key deliverables.
217,2025,4,76%,Consistent delivery with focus on key deliverables.
217,2026,4,80%,Consistent delivery with focus on key deliverables.
218,2024,2,77%,Needs improvement in deadlines and upskilling.
218,2025,4,74%,Consistent delivery with focus on key deliverables.
218,2026,2,76%,Needs improvement in deadlines and upskilling.
221,2024,3,73%,Consistent delivery with focus on key deliverables.
221,2025,3,93%,Consistent delivery with focus on key deliverables.
221,2026,3,71%,Consistent delivery with focus on key deliverables.
223,2024,4,81%,Consistent delivery with focus on key deliverables.
223,2025,3,79%,Consistent delivery with focus on key deliverables.
223,2026,3,95%,Consistent delivery with focus on key deliverables.
224,2024,3,93%,Consistent delivery with focus on key deliverables.
224,2025,2,99%,Needs improvement in deadlines and upskilling.
224,2026,3,92%,Consistent delivery with focus on key deliverables.
226,2024,3,95%,Consistent delivery with focus on key deliverables.
226,2025,3,87%,Consistent delivery with focus on key deliverables.
226,2026,3,94%,Consistent delivery with focus on key deliverables.
227,2024,4,99%,Consistent delivery with focus on key deliverables.
227,2025,3,96%,Consistent delivery with focus on key deliverables.
227,2026,3,83%,Consistent delivery with focus on key deliverables.
228,2024,3,82%,Consistent delivery with focus on key deliverables.
228,2025,4,74%,Consistent delivery with focus on key deliverables.
228,2026,2,75%,Needs improvement in deadlines and upskilling.
230,2024,5,91%,Consistent delivery with focus on key deliverables.
230,2025,4,97%,Consistent delivery with focus on key deliverables.
230,2026,4,96%,Consistent delivery with focus on key deliverables.
231,2024,3,88%,Consistent delivery with focus on key deliverables.
231,2025,4,96%,Consistent delivery with focus on key deliverables.
231,2026,5,74%,Consistent delivery with focus on key deliverables.
233,2024,4,86%,Consistent delivery with focus on key deliverables.
233,2025,3,79%,Consistent delivery with focus on key deliverables.
233,2026,3,88%,Consistent delivery with focus on key deliverables.
235,2024,5,98%,Consistent delivery with focus on key deliverables.
235,2025,3,86%,Consistent delivery with focus on key deliverables.
235,2026,4,88%,Consistent delivery with focus on key deliverables.
238,2024,2,82%,Needs improvement in deadlines and upskilling.
238,2025,4,91%,Consistent delivery with focus on key deliverables.
238,2026,2,72%,Needs improvement in deadlines and upskilling.
239,2024,4,96%,Consistent delivery with focus on key deliverables.
239,2025,3,72%,Consistent delivery with focus on key deliverables.
239,2026,2,77%,Needs improvement in deadlines and upskilling.
240,2024,2,87%,Needs improvement in deadlines and upskilling.
240,2025,2,83%,Needs improvement in deadlines and upskilling.
240,2026,4,97%,Consistent delivery with focus on key deliverables.
241,2024,2,74%,Needs improvement in deadlines and upskilling.
241,2025,3,79%,Consistent delivery with focus on key deliverables.
241,2026,3,80%,Consistent delivery with focus on key deliverables.
242,2024,4,86%,Consistent delivery with focus on key deliverables.
242,2025,4,78%,Consistent delivery with focus on key deliverables.
242,2026,4,89%,Consistent delivery with focus on key deliverables.
243,2024,5,71%,Consistent delivery with focus on key deliverables.
243,2025,5,99%,Consistent delivery with focus on key deliverables.
243,2026,5,78%,Consistent delivery with focus on key deliverables.
244,2024,4,78%,Consistent delivery with focus on key deliverables.
244,2025,3,74%,Consistent delivery with focus on key deliverables.
244,2026,4,72%,Consistent delivery with focus on key deliverables.
245,2024,3,84%,Consistent delivery with focus on key deliverables.
245,2025,3,85%,Consistent delivery with focus on key deliverables.
245,2026,3,97%,Consistent delivery with focus on key deliverables.
246,2024,4,79%,Consistent delivery with focus on key deliverables.
246,2025,4,81%,Consistent delivery with focus on key deliverables.
246,2026,3,92%,Consistent delivery with focus on key deliverables.
247,2024,3,81%,Consistent delivery with focus on key deliverables.
247,2025,2,92%,Needs improvement in deadlines and upskilling.
247,2026,2,86%,Needs improvement in deadlines and upskilling.
248,2024,4,89%,Consistent delivery with focus on key deliverables.
248,2025,4,78%,Consistent delivery with focus on key deliverables.
248,2026,4,90%,Consistent delivery with focus on key deliverables.
249,2024,3,77%,Consistent delivery with focus on key deliverables.
249,2025,3,74%,Consistent delivery with focus on key deliverables.
249,2026,2,88%,Needs improvement in deadlines and upskilling.
250,2024,3,82%,Consistent delivery with focus on key deliverables.
250,2025,3,95%,Consistent delivery with focus on key deliverables.
250,2026,3,73%,Consistent delivery with focus on key deliverables.
252,2024,3,73%,Consistent delivery with focus on key deliverables.
252,2025,3,82%,Consistent delivery with focus on key deliverables.
252,2026,3,81%,Consistent delivery with focus on key deliverables.
253,2024,4,84%,Consistent delivery with focus on key deliverables.
253,2025,3,95%,Consistent delivery with focus on key deliverables.
253,2026,3,80%,Consistent delivery with focus on key deliverables.
254,2024,2,81%,Needs improvement in deadlines and upskilling.
254,2025,3,98%,Consistent delivery with focus on key deliverables.
254,2026,3,89%,Consistent delivery with focus on key deliverables.
256,2024,3,88%,Consistent delivery with focus on key deliverables.
256,2025,3,72%,Consistent delivery with focus on key deliverables.
256,2026,4,78%,Consistent delivery with focus on key deliverables.
258,2024,3,96%,Consistent delivery with focus on key deliverables.
258,2025,3,99%,Consistent delivery with focus on key deliverables.
258,2026,4,72%,Consistent delivery with focus on key deliverables.
259,2024,3,93%,Consistent delivery with focus on key deliverables.
259,2025,4,76%,Consistent delivery with focus on key deliverables.
259,2026,3,93%,Consistent delivery with focus on key deliverables.
260,2024,3,90%,Consistent delivery with focus on key deliverables.
260,2025,2,81%,Needs improvement in deadlines and upskilling.
260,2026,2,75%,Needs improvement in deadlines and upskilling.
261,2024,3,71%,Consistent delivery with focus on key deliverables.
261,2025,3,99%,Consistent delivery with focus on key deliverables.
261,2026,2,84%,Needs improvement in deadlines and upskilling.
262,2024,3,79%,Consistent delivery with focus on key deliverables.
262,2025,2,87%,Needs improvement in deadlines and upskilling.
262,2026,3,98%,Consistent delivery with focus on key deliverables.
264,2024,4,95%,Consistent delivery with focus on key deliverables.
264,2025,4,75%,Consistent delivery with focus on key deliverables.
264,2026,3,80%,Consistent delivery with focus on key deliverables.
267,2024,3,92%,Consistent delivery with focus on key deliverables.
267,2025,3,88%,Consistent delivery with focus on key deliverables.
267,2026,2,93%,Needs improvement in deadlines and upskilling.
269,2024,2,80%,Needs improvement in deadlines and upskilling.
269,2025,3,87%,Consistent delivery with focus on key deliverables.
269,2026,3,97%,Consistent delivery with focus on key deliverables.
270,2024,3,70%,Consistent delivery with focus on key deliverables.
270,2025,4,73%,Consistent delivery with focus on key deliverables.
270,2026,2,77%,Needs improvement in deadlines and upskilling.
271,2024,3,80%,Consistent delivery with focus on key deliverables.
271,2025,3,98%,Consistent delivery with focus on key deliverables.
271,2026,4,81%,Consistent delivery with focus on key deliverables.
273,2024,3,90%,Consistent delivery with focus on key deliverables.
273,2025,3,73%,Consistent delivery with focus on key deliverables.
273,2026,3,81%,Consistent delivery with focus on key deliverables.
274,2024,4,96%,Consistent delivery with focus on key deliverables.
274,2025,4,92%,Consistent delivery with focus on key deliverables.
274,2026,3,92%,Consistent delivery with focus on key deliverables.
275,2024,3,95%,Consistent delivery with focus on key deliverables.
275,2025,3,70%,Consistent delivery with focus on key deliverables.
275,2026,2,76%,Needs improvement in deadlines and upskilling.
277,2024,4,97%,Consistent delivery with focus on key deliverables.
277,2025,3,98%,Consistent delivery with focus on key deliverables.
277,2026,4,81%,Consistent delivery with focus on key deliverables.
281,2024,2,74%,Needs improvement in deadlines and upskilling.
281,2025,3,77%,Consistent delivery with focus on key deliverables.
281,2026,4,97%,Consistent delivery with focus on key deliverables.
282,2024,2,90%,Needs improvement in deadlines and upskilling.
282,2025,3,85%,Consistent delivery with focus on key deliverables.
282,2026,3,92%,Consistent delivery with focus on key deliverables.
283,2024,3,79%,Consistent delivery with focus on key deliverables.
283,2025,4,94%,Consistent delivery with focus on key deliverables.
283,2026,4,96%,Consistent delivery with focus on key deliverables.
284,2024,3,78%,Consistent delivery with focus on key deliverables.
284,2025,3,86%,Consistent delivery with focus on key deliverables.
284,2026,4,97%,Consistent delivery with focus on key deliverables.
286,2024,3,98%,Consistent delivery with focus on key deliverables.
286,2025,3,84%,Consistent delivery with focus on key deliverables.
286,2026,2,92%,Needs improvement in deadlines and upskilling.
287,2024,3,88%,Consistent delivery with focus on key deliverables.
287,2025,2,73%,Needs improvement in deadlines and upskilling.
287,2026,2,77%,Needs improvement in deadlines and upskilling.
288,2024,3,97%,Consistent delivery with focus on key deliverables.
288,2025,3,83%,Consistent delivery with focus on key deliverables.
288,2026,3,93%,Consistent delivery with focus on key deliverables.
291,2024,3,99%,Consistent delivery with focus on key deliverables.
291,2025,3,86%,Consistent delivery with focus on key deliverables.
291,2026,4,83%,Consistent delivery with focus on key deliverables.
292,2024,3,84%,Consistent delivery with focus on key deliverables.
292,2025,4,96%,Consistent delivery with focus on key deliverables.
292,2026,4,81%,Consistent delivery with focus on key deliverables.
293,2024,3,93%,Consistent delivery with focus on key deliverables.
293,2025,3,90%,Consistent delivery with focus on key deliverables.
293,2026,2,91%,Needs improvement in deadlines and upskilling.
296,2024,3,70%,Consistent delivery with focus on key deliverables.
296,2025,4,75%,Consistent delivery with focus on key deliverables.
296,2026,2,91%,Needs improvement in deadlines and upskilling.
297,2024,3,91%,Consistent delivery with focus on key deliverables.
297,2025,2,75%,Needs improvement in deadlines and upskilling.
297,2026,2,82%,Needs improvement in deadlines and upskilling.
298,2024,2,77%,Needs improvement in deadlines and upskilling.
298,2025,3,84%,Consistent delivery with focus on key deliverables.
298,2026,3,71%,Consistent delivery with focus on key deliverables.
299,2024,2,95%,Needs improvement in deadlines and upskilling.
299,2025,3,80%,Consistent delivery with focus on key deliverables.
299,2026,2,87%,Needs improvement in deadlines and upskilling.
300,2024,2,96%,Needs improvement in deadlines and upskilling.
300,2025,3,95%,Consistent delivery with focus on key deliverables.
300,2026,3,76%,Consistent delivery with focus on key deliverables.
302,2024,2,86%,Needs improvement in deadlines and upskilling.
302,2025,4,76%,Consistent delivery with focus on key deliverables.
302,2026,3,76%,Consistent delivery with focus on key deliverables.
303,2024,3,74%,Consistent delivery with focus on key deliverables.
303,2025,3,77%,Consistent delivery with focus on key deliverables.
303,2026,2,81%,Needs improvement in deadlines and upskilling.
304,2024,3,75%,Consistent delivery with focus on key deliverables.
304,2025,2,91%,Needs improvement in deadlines and upskilling.
304,2026,4,86%,Consistent delivery with focus on key deliverables.
305,2024,5,70%,Consistent delivery with focus on key deliverables.
305,2025,4,72%,Consistent delivery with focus on key deliverables.
305,2026,4,97%,Consistent delivery with focus on key deliverables.
306,2024,4,90%,Consistent delivery with focus on key deliverables.
306,2025,3,91%,Consistent delivery with focus on key deliverables.
306,2026,3,77%,Consistent delivery with focus on key deliverables.
307,2024,3,92%,Consistent delivery with focus on key deliverables.
307,2025,2,74%,Needs improvement in deadlines and upskilling.
307,2026,4,84%,Consistent delivery with focus on key deliverables.
308,2024,2,96%,Needs improvement in deadlines and upskilling.
308,2025,3,96%,Consistent delivery with focus on key deliverables.
308,2026,4,87%,Consistent delivery with focus on key deliverables.
309,2024,3,86%,Consistent delivery with focus on key deliverables.
309,2025,3,73%,Consistent delivery with focus on key deliverables.
309,2026,2,84%,Needs improvement in deadlines and upskilling.
311,2024,3,92%,Consistent delivery with focus on key deliverables.
311,2025,2,91%,Needs improvement in deadlines and upskilling.
311,2026,2,94%,Needs improvement in deadlines and upskilling.
312,2024,3,91%,Consistent delivery with focus on key deliverables.
312,2025,2,97%,Needs improvement in deadlines and upskilling.
312,2026,3,74%,Consistent delivery with focus on key deliverables.
314,2024,3,91%,Consistent delivery with focus on key deliverables.
314,2025,3,92%,Consistent delivery with focus on key deliverables.
314,2026,2,90%,Needs improvement in deadlines and upskilling.
315,2024,2,73%,Needs improvement in deadlines and upskilling.
315,2025,3,89%,Consistent delivery with focus on key deliverables.
315,2026,4,97%,Consistent delivery with focus on key deliverables.
316,2024,4,98%,Consistent delivery with focus on key deliverables.
316,2025,3,95%,Consistent delivery with focus on key deliverables.
316,2026,4,71%,Consistent delivery with focus on key deliverables.
319,2024,3,86%,Consistent delivery with focus on key deliverables.
319,2025,3,82%,Consistent delivery with focus on key deliverables.
319,2026,3,78%,Consistent delivery with focus on key deliverables.
321,2024,3,77%,Consistent delivery with focus on key deliverables.
321,2025,3,73%,Consistent delivery with focus on key deliverables.
321,2026,3,93%,Consistent delivery with focus on key deliverables.
323,2024,3,95%,Consistent delivery with focus on key deliverables.
323,2025,4,90%,Consistent delivery with focus on key deliverables.
323,2026,2,89%,Needs improvement in deadlines and upskilling.
325,2024,3,77%,Consistent delivery with focus on key deliverables.
325,2025,2,83%,Needs improvement in deadlines and upskilling.
325,2026,3,85%,Consistent delivery with focus on key deliverables.
327,2024,4,70%,Consistent delivery with focus on key deliverables.
327,2025,4,97%,Consistent delivery with focus on key deliverables.
327,2026,5,70%,Consistent delivery with focus on key deliverables.
328,2024,4,75%,Consistent delivery with focus on key deliverables.
328,2025,5,84%,Consistent delivery with focus on key deliverables.
328,2026,5,74%,Consistent delivery with focus on key deliverables.
329,2024,2,92%,Needs improvement in deadlines and upskilling.
329,2025,4,91%,Consistent delivery with focus on key deliverables.
329,2026,3,83%,Consistent delivery with focus on key deliverables.
330,2024,3,74%,Consistent delivery with focus on key deliverables.
330,2025,3,94%,Consistent delivery with focus on key deliverables.
330,2026,3,75%,Consistent delivery with focus on key deliverables.
331,2024,2,95%,Needs improvement in deadlines and upskilling.
331,2025,3,90%,Consistent delivery with focus on key deliverables.
331,2026,3,71%,Consistent delivery with focus on key deliverables.
332,2024,4,79%,Consistent delivery with focus on key deliverables.
332,2025,4,71%,Consistent delivery with focus on key deliverables.
332,2026,4,82%,Consistent delivery with focus on key deliverables.
333,2024,2,77%,Needs improvement in deadlines and upskilling.
333,2025,3,92%,Consistent delivery with focus on key deliverables.
333,2026,3,72%,Consistent delivery with focus on key deliverables.
334,2024,3,77%,Consistent delivery with focus on key deliverables.
334,2025,2,70%,Needs improvement in deadlines and upskilling.
334,2026,3,70%,Consistent delivery with focus on key deliverables.
335,2024,4,80%,Consistent delivery with focus on key deliverables.
335,2025,4,99%,Consistent delivery with focus on key deliverables.
335,2026,4,71%,Consistent delivery with focus on key deliverables.
336,2024,3,98%,Consistent delivery with focus on key deliverables.
336,2025,3,97%,Consistent delivery with focus on key deliverables.
336,2026,4,94%,Consistent delivery with focus on key deliverables.
337,2024,3,81%,Consistent delivery with focus on key deliverables.
337,2025,4,70%,Consistent delivery with focus on key deliverables.
337,2026,3,73%,Consistent delivery with focus on key deliverables.
338,2024,3,75%,Consistent delivery with focus on key deliverables.
338,2025,2,99%,Needs improvement in deadlines and upskilling.
338,2026,4,87%,Consistent delivery with focus on key deliverables.
339,2024,4,90%,Consistent delivery with focus on key deliverables.
339,2025,3,93%,Consistent delivery with focus on key deliverables.
339,2026,3,97%,Consistent delivery with focus on key deliverables.
340,2024,4,94%,Consistent delivery with focus on key deliverables.
340,2025,4,90%,Consistent delivery with focus on key deliverables.
340,2026,4,73%,Consistent delivery with focus on key deliverables.
341,2024,4,78%,Consistent delivery with focus on key deliverables.
341,2025,4,90%,Consistent delivery with focus on key deliverables.
341,2026,3,70%,Consistent delivery with focus on key deliverables.
342,2024,3,90%,Consistent delivery with focus on key deliverables.
342,2025,2,73%,Needs improvement in deadlines and upskilling.
342,2026,3,95%,Consistent delivery with focus on key deliverables.
343,2024,5,72%,Consistent delivery with focus on key deliverables.
343,2025,5,95%,Consistent delivery with focus on key deliverables.
343,2026,3,72%,Consistent delivery with focus on key deliverables.
346,2024,4,75%,Consistent delivery with focus on key deliverables.
346,2025,2,95%,Needs improvement in deadlines and upskilling.
346,2026,3,71%,Consistent delivery with focus on key deliverables.
347,2024,3,90%,Consistent delivery with focus on key deliverables.
347,2025,3,72%,Consistent delivery with focus on key deliverables.
347,2026,3,87%,Consistent delivery with focus on key deliverables.
349,2024,3,75%,Consistent delivery with focus on key deliverables.
349,2025,2,94%,Needs improvement in deadlines and upskilling.
349,2026,3,80%,Consistent delivery with focus on key deliverables.
350,2024,3,73%,Consistent delivery with focus on key deliverables.
350,2025,3,71%,Consistent delivery with focus on key deliverables.
350,2026,2,85%,Needs improvement in deadlines and upskilling.
351,2024,4,91%,Consistent delivery with focus on key deliverables.
351,2025,2,88%,Needs improvement in deadlines and upskilling.
351,2026,2,72%,Needs improvement in deadlines and upskilling.
352,2024,2,89%,Needs improvement in deadlines and upskilling.
352,2025,2,71%,Needs improvement in deadlines and upskilling.
352,2026,3,86%,Consistent delivery with focus on key deliverables.
353,2024,2,80%,Needs improvement in deadlines and upskilling.
353,2025,2,88%,Needs improvement in deadlines and upskilling.
353,2026,4,80%,Consistent delivery with focus on key deliverables.
355,2024,4,94%,Consistent delivery with focus on key deliverables.
355,2025,2,89%,Needs improvement in deadlines and upskilling.
355,2026,3,76%,Consistent delivery with focus on key deliverables.
359,2024,3,82%,Consistent delivery with focus on key deliverables.
359,2025,4,80%,Consistent delivery with focus on key deliverables.
359,2026,4,79%,Consistent delivery with focus on key deliverables.
361,2024,4,79%,Consistent delivery with focus on key deliverables.
361,2025,3,80%,Consistent delivery with focus on key deliverables.
361,2026,4,86%,Consistent delivery with focus on key deliverables.
362,2024,3,85%,Consistent delivery with focus on key deliverables.
362,2025,2,79%,Needs improvement in deadlines and upskilling.
362,2026,4,95%,Consistent delivery with focus on key deliverables.
363,2024,3,89%,Consistent delivery with focus on key deliverables.
363,2025,2,89%,Needs improvement in deadlines and upskilling.
363,2026,2,72%,Needs improvement in deadlines and upskilling.
364,2024,3,79%,Consistent delivery with focus on key deliverables.
364,2025,3,71%,Consistent delivery with focus on key deliverables.
364,2026,2,77%,Needs improvement in deadlines and upskilling.
366,2024,4,99%,Consistent delivery with focus on key deliverables.
366,2025,3,99%,Consistent delivery with focus on key deliverables.
366,2026,2,78%,Needs improvement in deadlines and upskilling.
367,2024,4,88%,Consistent delivery with focus on key deliverables.
367,2025,5,92%,Consistent delivery with focus on key deliverables.
367,2026,3,82%,Consistent delivery with focus on key deliverables.
369,2024,2,70%,Needs improvement in deadlines and upskilling.
369,2025,4,77%,Consistent delivery with focus on key deliverables.
369,2026,2,75%,Needs improvement in deadlines and upskilling.
372,2024,3,85%,Consistent delivery with focus on key deliverables.
372,2025,3,76%,Consistent delivery with focus on key deliverables.
372,2026,3,90%,Consistent delivery with focus on key deliverables.
373,2024,3,83%,Consistent delivery with focus on key deliverables.
373,2025,4,85%,Consistent delivery with focus on key deliverables.
373,2026,4,98%,Consistent delivery with focus on key deliverables.
374,2024,2,96%,Needs improvement in deadlines and upskilling.
374,2025,3,70%,Consistent delivery with focus on key deliverables.
374,2026,4,94%,Consistent delivery with focus on key deliverables.
376,2024,2,87%,Needs improvement in deadlines and upskilling.
376,2025,4,80%,Consistent delivery with focus on key deliverables.
376,2026,2,97%,Needs improvement in deadlines and upskilling.
377,2024,4,83%,Consistent delivery with focus on key deliverables.
377,2025,4,93%,Consistent delivery with focus on key deliverables.
377,2026,3,72%,Consistent delivery with focus on key deliverables.
378,2024,4,99%,Consistent delivery with focus on key deliverables.
378,2025,3,96%,Consistent delivery with focus on key deliverables.
378,2026,2,75%,Needs improvement in deadlines and upskilling.
379,2024,3,75%,Consistent delivery with focus on key deliverables.
379,2025,3,79%,Consistent delivery with focus on key deliverables.
379,2026,4,91%,Consistent delivery with focus on key deliverables.
380,2024,3,75%,Consistent delivery with focus on key deliverables.
380,2025,3,72%,Consistent delivery with focus on key deliverables.
380,2026,3,78%,Consistent delivery with focus on key deliverables.
381,2024,3,99%,Consistent delivery with focus on key deliverables.
381,2025,2,89%,Needs improvement in deadlines and upskilling.
381,2026,3,91%,Consistent delivery with focus on key deliverables.
382,2024,4,78%,Consistent delivery with focus on key deliverables.
382,2025,4,77%,Consistent delivery with focus on key deliverables.
382,2026,4,73%,Consistent delivery with focus on key deliverables.
384,2024,3,88%,Consistent delivery with focus on key deliverables.
384,2025,4,87%,Consistent delivery with focus on key deliverables.
384,2026,3,98%,Consistent delivery with focus on key deliverables.
385,2024,3,75%,Consistent delivery with focus on key deliverables.
385,2025,2,95%,Needs improvement in deadlines and upskilling.
385,2026,3,93%,Consistent delivery with focus on key deliverables.
386,2024,2,96%,Needs improvement in deadlines and upskilling.
386,2025,4,96%,Consistent delivery with focus on key deliverables.
386,2026,2,80%,Needs improvement in deadlines and upskilling.
387,2024,4,82%,Consistent delivery with focus on key deliverables.
387,2025,4,74%,Consistent delivery with focus on key deliverables.
387,2026,4,95%,Consistent delivery with focus on key deliverables.
388,2024,3,85%,Consistent delivery with focus on key deliverables.
388,2025,3,83%,Consistent delivery with focus on key deliverables.
388,2026,3,84%,Consistent delivery with focus on key deliverables.
389,2024,3,72%,Consistent delivery with focus on key deliverables.
389,2025,4,92%,Consistent delivery with focus on key deliverables.
389,2026,3,80%,Consistent delivery with focus on key deliverables.
390,2024,3,89%,Consistent delivery with focus on key deliverables.
390,2025,3,87%,Consistent delivery with focus on key deliverables.
390,2026,2,83%,Needs improvement in deadlines and upskilling.
391,2024,2,94%,Needs improvement in deadlines and upskilling.
391,2025,3,83%,Consistent delivery with focus on key deliverables.
391,2026,4,71%,Consistent delivery with focus on key deliverables.
392,2024,4,74%,Consistent delivery with focus on key deliverables.
392,2025,4,80%,Consistent delivery with focus on key deliverables.
392,2026,4,90%,Consistent delivery with focus on key deliverables.
393,2024,2,94%,Needs improvement in deadlines and upskilling.
393,2025,3,88%,Consistent delivery with focus on key deliverables.
393,2026,4,87%,Consistent delivery with focus on key deliverables.
394,2024,3,77%,Consistent delivery with focus on key deliverables.
394,2025,3,81%,Consistent delivery with focus on key deliverables.
394,2026,2,72%,Needs improvement in deadlines and upskilling.
395,2024,4,90%,Consistent delivery with focus on key deliverables.
395,2025,3,95%,Consistent delivery with focus on key deliverables.
395,2026,5,70%,Consistent delivery with focus on key deliverables.
396,2024,2,72%,Needs improvement in deadlines and upskilling.
396,2025,3,87%,Consistent delivery with focus on key deliverables.
396,2026,3,71%,Consistent delivery with focus on key deliverables.
397,2024,4,70%,Consistent delivery with focus on key deliverables.
397,2025,3,94%,Consistent delivery with focus on key deliverables.
397,2026,3,74%,Consistent delivery with focus on key deliverables.
399,2024,2,78%,Needs improvement in deadlines and upskilling.
399,2025,3,90%,Consistent delivery with focus on key deliverables.
399,2026,2,82%,Needs improvement in deadlines and upskilling.
401,2024,3,99%,Consistent delivery with focus on key deliverables.
401,2025,4,96%,Consistent delivery with focus on key deliverables.
401,2026,2,86%,Needs improvement in deadlines and upskilling.
403,2024,4,77%,Consistent delivery with focus on key deliverables.
403,2025,3,86%,Consistent delivery with focus on key deliverables.
403,2026,4,96%,Consistent delivery with focus on key deliverables.
404,2024,4,94%,Consistent delivery with focus on key deliverables.
404,2025,2,94%,Needs improvement in deadlines and upskilling.
404,2026,2,87%,Needs improvement in deadlines and upskilling.
405,2024,3,99%,Consistent delivery with focus on key deliverables.
405,2025,3,96%,Consistent delivery with focus on key deliverables.
405,2026,4,96%,Consistent delivery with focus on key deliverables.
406,2024,4,87%,Consistent delivery with focus on key deliverables.
406,2025,3,80%,Consistent delivery with focus on key deliverables.
406,2026,4,85%,Consistent delivery with focus on key deliverables.
407,2024,3,94%,Consistent delivery with focus on key deliverables.
407,2025,4,92%,Consistent delivery with focus on key deliverables.
407,2026,4,78%,Consistent delivery with focus on key deliverables.
408,2024,4,76%,Consistent delivery with focus on key deliverables.
408,2025,3,94%,Consistent delivery with focus on key deliverables.
408,2026,3,86%,Consistent delivery with focus on key deliverables.
410,2024,3,73%,Consistent delivery with focus on key deliverables.
410,2025,4,74%,Consistent delivery with focus on key deliverables.
410,2026,4,79%,Consistent delivery with focus on key deliverables.
411,2024,2,75%,Needs improvement in deadlines and upskilling.
411,2025,2,79%,Needs improvement in deadlines and upskilling.
411,2026,4,84%,Consistent delivery with focus on key deliverables.
412,2024,3,92%,Consistent delivery with focus on key deliverables.
412,2025,2,87%,Needs improvement in deadlines and upskilling.
412,2026,3,70%,Consistent delivery with focus on key deliverables.
416,2024,3,96%,Consistent delivery with focus on key deliverables.
416,2025,3,75%,Consistent delivery with focus on key deliverables.
416,2026,3,97%,Consistent delivery with focus on key deliverables.
417,2024,4,88%,Consistent delivery with focus on key deliverables.
417,2025,2,80%,Needs improvement in deadlines and upskilling.
417,2026,3,97%,Consistent delivery with focus on key deliverables.
419,2024,4,77%,Consistent delivery with focus on key deliverables.
419,2025,4,80%,Consistent delivery with focus on key deliverables.
419,2026,3,85%,Consistent delivery with focus on key deliverables.
420,2024,4,91%,Consistent delivery with focus on key deliverables.
420,2025,3,80%,Consistent delivery with focus on key deliverables.
420,2026,3,93%,Consistent delivery with focus on key deliverables.
421,2024,4,93%,Consistent delivery with focus on key deliverables.
421,2025,3,97%,Consistent delivery with focus on key deliverables.
421,2026,2,79%,Needs improvement in deadlines and upskilling.
422,2024,2,90%,Needs improvement in deadlines and upskilling.
422,2025,4,95%,Consistent delivery with focus on key deliverables.
422,2026,2,76%,Needs improvement in deadlines and upskilling.
423,2024,3,84%,Consistent delivery with focus on key deliverables.
423,2025,3,79%,Consistent delivery with focus on key deliverables.
423,2026,3,75%,Consistent delivery with focus on key deliverables.
424,2024,3,87%,Consistent delivery with focus on key deliverables.
424,2025,3,97%,Consistent delivery with focus on key deliverables.
424,2026,2,85%,Needs improvement in deadlines and upskilling.
425,2024,2,72%,Needs improvement in deadlines and upskilling.
425,2025,3,84%,Consistent delivery with focus on key deliverables.
425,2026,3,96%,Consistent delivery with focus on key deliverables.
426,2024,4,96%,Consistent delivery with focus on key deliverables.
426,2025,3,75%,Consistent delivery with focus on key deliverables.
426,2026,2,97%,Needs improvement in deadlines and upskilling.
428,2024,3,91%,Consistent delivery with focus on key deliverables.
428,2025,4,84%,Consistent delivery with focus on key deliverables.
428,2026,3,87%,Consistent delivery with focus on key deliverables.
429,2024,2,99%,Needs improvement in deadlines and upskilling.
429,2025,4,73%,Consistent delivery with focus on key deliverables.
429,2026,4,87%,Consistent delivery with focus on key deliverables.
430,2024,3,74%,Consistent delivery with focus on key deliverables.
430,2025,2,75%,Needs improvement in deadlines and upskilling.
430,2026,3,91%,Consistent delivery with focus on key deliverables.
431,2024,3,81%,Consistent delivery with focus on key deliverables.
431,2025,3,84%,Consistent delivery with focus on key deliverables.
431,2026,3,78%,Consistent delivery with focus on key deliverables.
433,2024,3,98%,Consistent delivery with focus on key deliverables.
433,2025,3,88%,Consistent delivery with focus on key deliverables.
433,2026,4,85%,Consistent delivery with focus on key deliverables.
434,2024,3,96%,Consistent delivery with focus on key deliverables.
434,2025,4,91%,Consistent delivery with focus on key deliverables.
434,2026,4,81%,Consistent delivery with focus on key deliverables.
436,2024,3,95%,Consistent delivery with focus on key deliverables.
436,2025,4,86%,Consistent delivery with focus on key deliverables.
436,2026,2,93%,Needs improvement in deadlines and upskilling.
437,2024,3,95%,Consistent delivery with focus on key deliverables.
437,2025,4,79%,Consistent delivery with focus on key deliverables.
437,2026,4,89%,Consistent delivery with focus on key deliverables.
438,2024,3,81%,Consistent delivery with focus on key deliverables.
438,2025,4,96%,Consistent delivery with focus on key deliverables.
438,2026,3,74%,Consistent delivery with focus on key deliverables.
439,2024,2,81%,Needs improvement in deadlines and upskilling.
439,2025,3,81%,Consistent delivery with focus on key deliverables.
439,2026,3,70%,Consistent delivery with focus on key deliverables.
440,2024,3,80%,Consistent delivery with focus on key deliverables.
440,2025,4,81%,Consistent delivery with focus on key deliverables.
440,2026,3,70%,Consistent delivery with focus on key deliverables.
441,2024,3,97%,Consistent delivery with focus on key deliverables.
441,2025,2,82%,Needs improvement in deadlines and upskilling.
441,2026,3,99%,Consistent delivery with focus on key deliverables.
442,2024,4,92%,Consistent delivery with focus on key deliverables.
442,2025,3,76%,Consistent delivery with focus on key deliverables.
442,2026,3,93%,Consistent delivery with focus on key deliverables.
444,2024,3,98%,Consistent delivery with focus on key deliverables.
444,2025,3,71%,Consistent delivery with focus on key deliverables.
444,2026,4,76%,Consistent delivery with focus on key deliverables.
445,2024,2,91%,Needs improvement in deadlines and upskilling.
445,2025,2,80%,Needs improvement in deadlines and upskilling.
445,2026,3,93%,Consistent delivery with focus on key deliverables.
446,2024,3,80%,Consistent delivery with focus on key deliverables.
446,2025,2,88%,Needs improvement in deadlines and upskilling.
446,2026,3,98%,Consistent delivery with focus on key deliverables.
447,2024,2,97%,Needs improvement in deadlines and upskilling.
447,2025,4,89%,Consistent delivery with focus on key deliverables.
447,2026,3,83%,Consistent delivery with focus on key deliverables.
448,2024,4,79%,Consistent delivery with focus on key deliverables.
448,2025,2,76%,Needs improvement in deadlines and upskilling.
448,2026,3,86%,Consistent delivery with focus on key deliverables.
449,2024,2,82%,Needs improvement in deadlines and upskilling.
449,2025,4,88%,Consistent delivery with focus on key deliverables.
449,2026,2,83%,Needs improvement in deadlines and upskilling.
450,2024,3,95%,Consistent delivery with focus on key deliverables.
450,2025,3,89%,Consistent delivery with focus on key deliverables.
450,2026,3,84%,Consistent delivery with focus on key deliverables.
451,2024,3,93%,Consistent delivery with focus on key deliverables.
451,2025,2,85%,Needs improvement in deadlines and upskilling.
451,2026,2,91%,Needs improvement in deadlines and upskilling.
452,2024,2,97%,Needs improvement in deadlines and upskilling.
452,2025,4,84%,Consistent delivery with focus on key deliverables.
452,2026,3,74%,Consistent delivery with focus on key deliverables.
453,2024,3,99%,Consistent delivery with focus on key deliverables.
453,2025,4,75%,Consistent delivery with focus on key deliverables.
453,2026,3,82%,Consistent delivery with focus on key deliverables.
454,2024,4,85%,Consistent delivery with focus on key deliverables.
454,2025,3,79%,Consistent delivery with focus on key deliverables.
454,2026,3,71%,Consistent delivery with focus on key deliverables.
455,2024,2,86%,Needs improvement in deadlines and upskilling.
455,2025,2,73%,Needs improvement in deadlines and upskilling.
455,2026,3,75%,Consistent delivery with focus on key deliverables.
456,2024,4,97%,Consistent delivery with focus on key deliverables.
456,2025,4,94%,Consistent delivery with focus on key deliverables.
456,2026,3,96%,Consistent delivery with focus on key deliverables.
458,2024,3,99%,Consistent delivery with focus on key deliverables.
458,2025,3,93%,Consistent delivery with focus on key deliverables.
458,2026,4,82%,Consistent delivery with focus on key deliverables.
460,2024,4,71%,Consistent delivery with focus on key deliverables.
460,2025,2,92%,Needs improvement in deadlines and upskilling.
460,2026,3,88%,Consistent delivery with focus on key deliverables.
461,2024,3,91%,Consistent delivery with focus on key deliverables.
461,2025,2,90%,Needs improvement in deadlines and upskilling.
461,2026,4,87%,Consistent delivery with focus on key deliverables.
462,2024,3,78%,Consistent delivery with focus on key deliverables.
462,2025,3,73%,Consistent delivery with focus on key deliverables.
462,2026,3,70%,Consistent delivery with focus on key deliverables.
463,2024,3,78%,Consistent delivery with focus on key deliverables.
463,2025,4,92%,Consistent delivery with focus on key deliverables.
463,2026,3,87%,Consistent delivery with focus on key deliverables.
464,2024,4,92%,Consistent delivery with focus on key deliverables.
464,2025,3,73%,Consistent delivery with focus on key deliverables.
464,2026,3,71%,Consistent delivery with focus on key deliverables.
465,2024,4,89%,Consistent delivery with focus on key deliverables.
465,2025,2,98%,Needs improvement in deadlines and upskilling.
465,2026,3,73%,Consistent delivery with focus on key deliverables.
466,2024,3,72%,Consistent delivery with focus on key deliverables.
466,2025,3,86%,Consistent delivery with focus on key deliverables.
466,2026,4,81%,Consistent delivery with focus on key deliverables.
467,2024,2,77%,Needs improvement in deadlines and upskilling.
467,2025,3,89%,Consistent delivery with focus on key deliverables.
467,2026,4,74%,Consistent delivery with focus on key deliverables.
468,2024,2,96%,Needs improvement in deadlines and upskilling.
468,2025,3,74%,Consistent delivery with focus on key deliverables.
468,2026,2,98%,Needs improvement in deadlines and upskilling.
469,2024,4,91%,Consistent delivery with focus on key deliverables.
469,2025,3,73%,Consistent delivery with focus on key deliverables.
469,2026,4,74%,Consistent delivery with focus on key deliverables.
470,2024,3,84%,Consistent delivery with focus on key deliverables.
470,2025,3,96%,Consistent delivery with focus on key deliverables.
470,2026,2,85%,Needs improvement in deadlines and upskilling.
471,2024,3,83%,Consistent delivery with focus on key deliverables.
471,2025,4,96%,Consistent delivery with focus on key deliverables.
471,2026,3,93%,Consistent delivery with focus on key deliverables.
473,2024,5,80%,Consistent delivery with focus on key deliverables.
473,2025,4,94%,Consistent delivery with focus on key deliverables.
473,2026,4,96%,Consistent delivery with focus on key deliverables.
474,2024,4,79%,Consistent delivery with focus on key deliverables.
474,2025,4,74%,Consistent delivery with focus on key deliverables.
474,2026,4,94%,Consistent delivery with focus on key deliverables.
475,2024,3,95%,Consistent delivery with focus on key deliverables.
475,2025,3,93%,Consistent delivery with focus on key deliverables.
475,2026,3,98%,Consistent delivery with focus on key deliverables.
476,2024,2,76%,Needs improvement in deadlines and upskilling.
476,2025,4,92%,Consistent delivery with focus on key deliverables.
476,2026,3,96%,Consistent delivery with focus on key deliverables.
477,2024,4,78%,Consistent delivery with focus on key deliverables.
477,2025,5,93%,Consistent delivery with focus on key deliverables.
477,2026,4,99%,Consistent delivery with focus on key deliverables.
478,2024,2,75%,Needs improvement in deadlines and upskilling.
478,2025,3,75%,Consistent delivery with focus on key deliverables.
478,2026,2,88%,Needs improvement in deadlines and upskilling.
479,2024,2,76%,Needs improvement in deadlines and upskilling.
479,2025,4,91%,Consistent delivery with focus on key deliverables.
479,2026,2,70%,Needs improvement in deadlines and upskilling.
481,2024,3,86%,Consistent delivery with focus on key deliverables.
481,2025,2,78%,Needs improvement in deadlines and upskilling.
481,2026,4,90%,Consistent delivery with focus on key deliverables.
482,2024,4,79%,Consistent delivery with focus on key deliverables.
482,2025,4,86%,Consistent delivery with focus on key deliverables.
482,2026,2,98%,Needs improvement in deadlines and upskilling.
483,2024,4,92%,Consistent delivery with focus on key deliverables.
483,2025,3,87%,Consistent delivery with focus on key deliverables.
483,2026,3,91%,Consistent delivery with focus on key deliverables.
484,2024,3,72%,Consistent delivery with focus on key deliverables.
484,2025,4,95%,Consistent delivery with focus on key deliverables.
484,2026,4,99%,Consistent delivery with focus on key deliverables.
485,2024,2,96%,Needs improvement in deadlines and upskilling.
485,2025,2,78%,Needs improvement in deadlines and upskilling.
485,2026,3,73%,Consistent delivery with focus on key deliverables.
486,2024,4,86%,Consistent delivery with focus on key deliverables.
486,2025,4,90%,Consistent delivery with focus on key deliverables.
486,2026,4,76%,Consistent delivery with focus on key deliverables.
487,2024,2,79%,Needs improvement in deadlines and upskilling.
487,2025,3,96%,Consistent delivery with focus on key deliverables.
487,2026,3,75%,Consistent delivery with focus on key deliverables.
488,2024,2,88%,Needs improvement in deadlines and upskilling.
488,2025,2,77%,Needs improvement in deadlines and upskilling.
488,2026,2,70%,Needs improvement in deadlines and upskilling.
491,2024,4,75%,Consistent delivery with focus on key deliverables.
491,2025,3,96%,Consistent delivery with focus on key deliverables.
491,2026,4,84%,Consistent delivery with focus on key deliverables.
492,2024,4,79%,Consistent delivery with focus on key deliverables.
492,2025,4,84%,Consistent delivery with focus on key deliverables.
492,2026,3,93%,Consistent delivery with focus on key deliverables.
493,2024,3,77%,Consistent delivery with focus on key deliverables.
493,2025,3,78%,Consistent delivery with focus on key deliverables.
493,2026,3,76%,Consistent delivery with focus on key deliverables.
494,2024,3,84%,Consistent delivery with focus on key deliverables.
494,2025,4,72%,Consistent delivery with focus on key deliverables.
494,2026,4,84%,Consistent delivery with focus on key deliverables.
495,2024,2,70%,Needs improvement in deadlines and upskilling.
495,2025,3,93%,Consistent delivery with focus on key deliverables.
495,2026,3,80%,Consistent delivery with focus on key deliverables.
496,2024,3,78%,Consistent delivery with focus on key deliverables.
496,2025,3,92%,Consistent delivery with focus on key deliverables.
496,2026,4,80%,Consistent delivery with focus on key deliverables.
497,2024,3,86%,Consistent delivery with focus on key deliverables.
497,2025,2,72%,Needs improvement in deadlines and upskilling.
497,2026,3,88%,Consistent delivery with focus on key deliverables.
498,2024,4,92%,Consistent delivery with focus on key deliverables.
498,2025,3,79%,Consistent delivery with focus on key deliverables.
498,2026,4,86%,Consistent delivery with focus on key deliverables.
499,2024,5,77%,Consistent delivery with focus on key deliverables.
499,2025,4,71%,Consistent delivery with focus on key deliverables.
499,2026,4,77%,Consistent delivery with focus on key deliverables.
500,2024,3,94%,Consistent delivery with focus on key deliverables.
500,2025,3,97%,Consistent delivery with focus on key deliverables.
500,2026,2,87%,Needs improvement in deadlines and upskilling.
501,2024,3,86%,Consistent delivery with focus on key deliverables.
501,2025,4,70%,Consistent delivery with focus on key deliverables.
501,2026,3,81%,Consistent delivery with focus on key deliverables.
502,2024,4,86%,Consistent delivery with focus on key deliverables.
502,2025,3,93%,Consistent delivery with focus on key deliverables.
502,2026,3,99%,Consistent delivery with focus on key deliverables.
505,2024,2,88%,Needs improvement in deadlines and upskilling.
505,2025,3,75%,Consistent delivery with focus on key deliverables.
505,2026,3,92%,Consistent delivery with focus on key deliverables.
507,2024,2,90%,Needs improvement in deadlines and upskilling.
507,2025,4,70%,Consistent delivery with focus on key deliverables.
507,2026,3,85%,Consistent delivery with focus on key deliverables.
508,2024,3,75%,Consistent delivery with focus on key deliverables.
508,2025,3,77%,Consistent delivery with focus on key deliverables.
508,2026,4,70%,Consistent delivery with focus on key deliverables.
510,2024,4,99%,Consistent delivery with focus on key deliverables.
510,2025,3,95%,Consistent delivery with focus on key deliverables.
510,2026,3,71%,Consistent delivery with focus on key deliverables.
511,2024,3,95%,Consistent delivery with focus on key deliverables.
511,2025,2,83%,Needs improvement in deadlines and upskilling.
511,2026,3,77%,Consistent delivery with focus on key deliverables.
513,2024,3,72%,Consistent delivery with focus on key deliverables.
513,2025,3,87%,Consistent delivery with focus on key deliverables.
513,2026,4,97%,Consistent delivery with focus on key deliverables.
514,2024,3,78%,Consistent delivery with focus on key deliverables.
514,2025,4,97%,Consistent delivery with focus on key deliverables.
514,2026,3,70%,Consistent delivery with focus on key deliverables.
515,2024,2,73%,Needs improvement in deadlines and upskilling.
515,2025,4,96%,Consistent delivery with focus on key deliverables.
515,2026,4,97%,Consistent delivery with focus on key deliverables.
516,2024,4,84%,Consistent delivery with focus on key deliverables.
516,2025,3,75%,Consistent delivery with focus on key deliverables.
516,2026,2,91%,Needs improvement in deadlines and upskilling.
517,2024,3,76%,Consistent delivery with focus on key deliverables.
517,2025,3,79%,Consistent delivery with focus on key deliverables.
517,2026,3,79%,Consistent delivery with focus on key deliverables.
518,2024,2,84%,Needs improvement in deadlines and upskilling.
518,2025,3,93%,Consistent delivery with focus on key deliverables.
518,2026,3,77%,Consistent delivery with focus on key deliverables.
520,2024,2,89%,Needs improvement in deadlines and upskilling.
520,2025,3,90%,Consistent delivery with focus on key deliverables.
520,2026,2,87%,Needs improvement in deadlines and upskilling.
521,2024,3,94%,Consistent delivery with focus on key deliverables.
521,2025,5,79%,Consistent delivery with focus on key deliverables.
521,2026,4,83%,Consistent delivery with focus on key deliverables.
522,2024,3,93%,Consistent delivery with focus on key deliverables.
522,2025,2,98%,Needs improvement in deadlines and upskilling.
522,2026,3,91%,Consistent delivery with focus on key deliverables.
523,2024,3,82%,Consistent delivery with focus on key deliverables.
523,2025,2,80%,Needs improvement in deadlines and upskilling.
523,2026,3,94%,Consistent delivery with focus on key deliverables.
524,2024,3,71%,Consistent delivery with focus on key deliverables.
524,2025,3,96%,Consistent delivery with focus on key deliverables.
524,2026,3,88%,Consistent delivery with focus on key deliverables.
525,2024,3,89%,Consistent delivery with focus on key deliverables.
525,2025,4,75%,Consistent delivery with focus on key deliverables.
525,2026,4,98%,Consistent delivery with focus on key deliverables.
526,2024,3,86%,Consistent delivery with focus on key deliverables.
526,2025,4,95%,Consistent delivery with focus on key deliverables.
526,2026,3,78%,Consistent delivery with focus on key deliverables.
527,2024,4,81%,Consistent delivery with focus on key deliverables.
527,2025,3,95%,Consistent delivery with focus on key deliverables.
527,2026,3,74%,Consistent delivery with focus on key deliverables.
529,2024,3,93%,Consistent delivery with focus on key deliverables.
529,2025,4,95%,Consistent delivery with focus on key deliverables.
529,2026,4,94%,Consistent delivery with focus on key deliverables.
530,2024,4,91%,Consistent delivery with focus on key deliverables.
530,2025,2,78%,Needs improvement in deadlines and upskilling.
530,2026,3,94%,Consistent delivery with focus on key deliverables.
531,2024,3,99%,Consistent delivery with focus on key deliverables.
531,2025,4,98%,Consistent delivery with focus on key deliverables.
531,2026,3,78%,Consistent delivery with focus on key deliverables.
532,2024,3,92%,Consistent delivery with focus on key deliverables.
532,2025,3,92%,Consistent delivery with focus on key deliverables.
532,2026,3,80%,Consistent delivery with focus on key deliverables.
533,2024,4,95%,Consistent delivery with focus on key deliverables.
533,2025,4,97%,Consistent delivery with focus on key deliverables.
533,2026,3,82%,Consistent delivery with focus on key deliverables.
534,2024,4,79%,Consistent delivery with focus on key deliverables.
534,2025,4,81%,Consistent delivery with focus on key deliverables.
534,2026,4,88%,Consistent delivery with focus on key deliverables.
536,2024,4,91%,Consistent delivery with focus on key deliverables.
536,2025,4,71%,Consistent delivery with focus on key deliverables.
536,2026,4,77%,Consistent delivery with focus on key deliverables.
538,2024,4,82%,Consistent delivery with focus on key deliverables.
538,2025,2,72%,Needs improvement in deadlines and upskilling.
538,2026,3,71%,Consistent delivery with focus on key deliverables.
543,2024,3,92%,Consistent delivery with focus on key deliverables.
543,2025,4,89%,Consistent delivery with focus on key deliverables.
543,2026,4,97%,Consistent delivery with focus on key deliverables.
544,2024,5,72%,Consistent delivery with focus on key deliverables.
544,2025,4,94%,Consistent delivery with focus on key deliverables.
544,2026,3,99%,Consistent delivery with focus on key deliverables.
546,2024,2,84%,Needs improvement in deadlines and upskilling.
546,2025,3,71%,Consistent delivery with focus on key deliverables.
546,2026,2,86%,Needs improvement in deadlines and upskilling.
547,2024,3,93%,Consistent delivery with focus on key deliverables.
547,2025,3,97%,Consistent delivery with focus on key deliverables.
547,2026,2,99%,Needs improvement in deadlines and upskilling.
548,2024,5,88%,Consistent delivery with focus on key deliverables.
548,2025,4,92%,Consistent delivery with focus on key deliverables.
548,2026,4,83%,Consistent delivery with focus on key deliverables.
549,2024,3,83%,Consistent delivery with focus on key deliverables.
549,2025,3,97%,Consistent delivery with focus on key deliverables.
549,2026,4,76%,Consistent delivery with focus on key deliverables.
550,2024,4,73%,Consistent delivery with focus on key deliverables.
550,2025,3,84%,Consistent delivery with focus on key deliverables.
550,2026,2,72%,Needs improvement in deadlines and upskilling.
551,2024,4,71%,Consistent delivery with focus on key deliverables.
551,2025,3,94%,Consistent delivery with focus on key deliverables.
551,2026,4,90%,Consistent delivery with focus on key deliverables.
554,2024,2,81%,Needs improvement in deadlines and upskilling.
554,2025,2,93%,Needs improvement in deadlines and upskilling.
554,2026,2,83%,Needs improvement in deadlines and upskilling.
555,2024,3,87%,Consistent delivery with focus on key deliverables.
555,2025,3,74%,Consistent delivery with focus on key deliverables.
555,2026,3,96%,Consistent delivery with focus on key deliverables.
556,2024,4,94%,Consistent delivery with focus on key deliverables.
556,2025,4,89%,Consistent delivery with focus on key deliverables.
556,2026,5,73%,Consistent delivery with focus on key deliverables.
558,2024,3,81%,Consistent delivery with focus on key deliverables.
558,2025,3,93%,Consistent delivery with focus on key deliverables.
558,2026,3,80%,Consistent delivery with focus on key deliverables.
560,2024,5,80%,Consistent delivery with focus on key deliverables.
560,2025,5,88%,Consistent delivery with focus on key deliverables.
560,2026,3,98%,Consistent delivery with focus on key deliverables.
562,2024,3,90%,Consistent delivery with focus on key deliverables.
562,2025,4,84%,Consistent delivery with focus on key deliverables.
562,2026,3,89%,Consistent delivery with focus on key deliverables.
564,2024,4,95%,Consistent delivery with focus on key deliverables.
564,2025,3,97%,Consistent delivery with focus on key deliverables.
564,2026,3,81%,Consistent delivery with focus on key deliverables.
565,2024,3,87%,Consistent delivery with focus on key deliverables.
565,2025,4,74%,Consistent delivery with focus on key deliverables.
565,2026,4,93%,Consistent delivery with focus on key deliverables.
566,2024,3,74%,Consistent delivery with focus on key deliverables.
566,2025,3,98%,Consistent delivery with focus on key deliverables.
566,2026,3,79%,Consistent delivery with focus on key deliverables.
567,2024,3,85%,Consistent delivery with focus on key deliverables.
567,2025,2,80%,Needs improvement in deadlines and upskilling.
567,2026,3,95%,Consistent delivery with focus on key deliverables.
568,2024,4,88%,Consistent delivery with focus on key deliverables.
568,2025,4,91%,Consistent delivery with focus on key deliverables.
568,2026,3,99%,Consistent delivery with focus on key deliverables.
569,2024,4,92%,Consistent delivery with focus on key deliverables.
569,2025,2,81%,Needs improvement in deadlines and upskilling.
569,2026,3,82%,Consistent delivery with focus on key deliverables.
571,2024,2,90%,Needs improvement in deadlines and upskilling.
571,2025,2,98%,Needs improvement in deadlines and upskilling.
571,2026,3,96%,Consistent delivery with focus on key deliverables.
573,2024,2,84%,Needs improvement in deadlines and upskilling.
573,2025,3,81%,Consistent delivery with focus on key deliverables.
573,2026,3,78%,Consistent delivery with focus on key deliverables.
574,2024,3,81%,Consistent delivery with focus on key deliverables.
574,2025,3,74%,Consistent delivery with focus on key deliverables.
574,2026,3,95%,Consistent delivery with focus on key deliverables.
575,2024,2,89%,Needs improvement in deadlines and upskilling.
575,2025,3,91%,Consistent delivery with focus on key deliverables.
575,2026,3,92%,Consistent delivery with focus on key deliverables.
577,2024,3,97%,Consistent delivery with focus on key deliverables.
577,2025,3,77%,Consistent delivery with focus on key deliverables.
577,2026,2,76%,Needs improvement in deadlines and upskilling.
578,2024,4,97%,Consistent delivery with focus on key deliverables.
578,2025,4,83%,Consistent delivery with focus on key deliverables.
578,2026,3,89%,Consistent delivery with focus on key deliverables.
579,2024,3,78%,Consistent delivery with focus on key deliverables.
579,2025,4,85%,Consistent delivery with focus on key deliverables.
579,2026,2,72%,Needs improvement in deadlines and upskilling.
580,2024,2,94%,Needs improvement in deadlines and upskilling.
580,2025,2,98%,Needs improvement in deadlines and upskilling.
580,2026,3,77%,Consistent delivery with focus on key deliverables.
581,2024,3,74%,Consistent delivery with focus on key deliverables.
581,2025,4,98%,Consistent delivery with focus on key deliverables.
581,2026,4,98%,Consistent delivery with focus on key deliverables.
582,2024,3,71%,Consistent delivery with focus on key deliverables.
582,2025,3,91%,Consistent delivery with focus on key deliverables.
582,2026,3,94%,Consistent delivery with focus on key deliverables.
584,2024,3,73%,Consistent delivery with focus on key deliverables.
584,2025,3,78%,Consistent delivery with focus on key deliverables.
584,2026,3,81%,Consistent delivery with focus on key deliverables.
585,2024,2,96%,Needs improvement in deadlines and upskilling.
585,2025,3,96%,Consistent delivery with focus on key deliverables.
585,2026,3,87%,Consistent delivery with focus on key deliverables.
586,2024,3,82%,Consistent delivery with focus on key deliverables.
586,2025,3,83%,Consistent delivery with focus on key deliverables.
586,2026,3,79%,Consistent delivery with focus on key deliverables.
587,2024,3,98%,Consistent delivery with focus on key deliverables.
587,2025,3,87%,Consistent delivery with focus on key deliverables.
587,2026,4,86%,Consistent delivery with focus on key deliverables.
590,2024,2,75%,Needs improvement in deadlines and upskilling.
590,2025,2,81%,Needs improvement in deadlines and upskilling.
590,2026,4,88%,Consistent delivery with focus on key deliverables.
591,2024,3,95%,Consistent delivery with focus on key deliverables.
591,2025,4,72%,Consistent delivery with focus on key deliverables.
591,2026,3,98%,Consistent delivery with focus on key deliverables.
592,2024,3,75%,Consistent delivery with focus on key deliverables.
592,2025,3,74%,Consistent delivery with focus on key deliverables.
592,2026,2,96%,Needs improvement in deadlines and upskilling.
593,2024,2,95%,Needs improvement in deadlines and upskilling.
593,2025,3,88%,Consistent delivery with focus on key deliverables.
593,2026,2,91%,Needs improvement in deadlines and upskilling.
595,2024,3,84%,Consistent delivery with focus on key deliverables.
595,2025,2,82%,Needs improvement in deadlines and upskilling.
595,2026,3,99%,Consistent delivery with focus on key deliverables.
597,2024,3,95%,Consistent delivery with focus on key deliverables.
597,2025,5,85%,Consistent delivery with focus on key deliverables.
597,2026,3,80%,Consistent delivery with focus on key deliverables.
599,2024,2,74%,Needs improvement in deadlines and upskilling.
599,2025,2,84%,Needs improvement in deadlines and upskilling.
599,2026,4,87%,Consistent delivery with focus on key deliverables.
600,2024,4,83%,Consistent delivery with focus on key deliverables.
600,2025,3,82%,Consistent delivery with focus on key deliverables.
600,2026,2,75%,Needs improvement in deadlines and upskilling.
601,2024,3,92%,Consistent delivery with focus on key deliverables.
601,2025,3,80%,Consistent delivery with focus on key deliverables.
601,2026,2,85%,Needs improvement in deadlines and upskilling.
602,2024,4,95%,Consistent delivery with focus on key deliverables.
602,2025,3,94%,Consistent delivery with focus on key deliverables.
602,2026,2,98%,Needs improvement in deadlines and upskilling.
604,2024,3,98%,Consistent delivery with focus on key deliverables.
604,2025,3,95%,Consistent delivery with focus on key deliverables.
604,2026,3,95%,Consistent delivery with focus on key deliverables.
605,2024,3,78%,Consistent delivery with focus on key deliverables.
605,2025,5,98%,Consistent delivery with focus on key deliverables.
605,2026,4,76%,Consistent delivery with focus on key deliverables.
606,2024,3,91%,Consistent delivery with focus on key deliverables.
606,2025,3,99%,Consistent delivery with focus on key deliverables.
606,2026,4,95%,Consistent delivery with focus on key deliverables.
608,2024,3,83%,Consistent delivery with focus on key deliverables.
608,2025,2,91%,Needs improvement in deadlines and upskilling.
608,2026,2,82%,Needs improvement in deadlines and upskilling.
611,2024,2,74%,Needs improvement in deadlines and upskilling.
611,2025,4,81%,Consistent delivery with focus on key deliverables.
611,2026,3,95%,Consistent delivery with focus on key deliverables.
612,2024,4,91%,Consistent delivery with focus on key deliverables.
612,2025,3,77%,Consistent delivery with focus on key deliverables.
612,2026,4,91%,Consistent delivery with focus on key deliverables.
613,2024,5,76%,Consistent delivery with focus on key deliverables.
613,2025,3,90%,Consistent delivery with focus on key deliverables.
613,2026,4,95%,Consistent delivery with focus on key deliverables.
614,2024,3,82%,Consistent delivery with focus on key deliverables.
614,2025,3,90%,Consistent delivery with focus on key deliverables.
614,2026,3,83%,Consistent delivery with focus on key deliverables.
615,2024,2,76%,Needs improvement in deadlines and upskilling.
615,2025,3,95%,Consistent delivery with focus on key deliverables.
615,2026,3,87%,Consistent delivery with focus on key deliverables.
616,2024,4,77%,Consistent delivery with focus on key deliverables.
616,2025,4,88%,Consistent delivery with focus on key deliverables.
616,2026,3,94%,Consistent delivery with focus on key deliverables.
618,2024,3,75%,Consistent delivery with focus on key deliverables.
618,2025,2,84%,Needs improvement in deadlines and upskilling.
618,2026,2,76%,Needs improvement in deadlines and upskilling.
620,2024,3,97%,Consistent delivery with focus on key deliverables.
620,2025,4,87%,Consistent delivery with focus on key deliverables.
620,2026,2,85%,Needs improvement in deadlines and upskilling.
621,2024,3,72%,Consistent delivery with focus on key deliverables.
621,2025,2,82%,Needs improvement in deadlines and upskilling.
621,2026,3,98%,Consistent delivery with focus on key deliverables.
622,2024,4,81%,Consistent delivery with focus on key deliverables.
622,2025,3,78%,Consistent delivery with focus on key deliverables.
622,2026,3,78%,Consistent delivery with focus on key deliverables.
623,2024,4,96%,Consistent delivery with focus on key deliverables.
623,2025,2,74%,Needs improvement in deadlines and upskilling.
623,2026,2,71%,Needs improvement in deadlines and upskilling.
624,2024,3,95%,Consistent delivery with focus on key deliverables.
624,2025,3,76%,Consistent delivery with focus on key deliverables.
624,2026,3,83%,Consistent delivery with focus on key deliverables.
625,2024,4,75%,Consistent delivery with focus on key deliverables.
625,2025,3,77%,Consistent delivery with focus on key deliverables.
625,2026,2,89%,Needs improvement in deadlines and upskilling.
626,2024,4,84%,Consistent delivery with focus on key deliverables.
626,2025,2,93%,Needs improvement in deadlines and upskilling.
626,2026,3,93%,Consistent delivery with focus on key deliverables.
630,2024,3,93%,Consistent delivery with focus on key deliverables.
630,2025,3,86%,Consistent delivery with focus on key deliverables.
630,2026,3,82%,Consistent delivery with focus on key deliverables.
631,2024,3,91%,Consistent delivery with focus on key deliverables.
631,2025,3,86%,Consistent delivery with focus on key deliverables.
631,2026,2,85%,Needs improvement in deadlines and upskilling.
632,2024,2,70%,Needs improvement in deadlines and upskilling.
632,2025,4,75%,Consistent delivery with focus on key deliverables.
632,2026,4,70%,Consistent delivery with focus on key deliverables.
634,2024,3,84%,Consistent delivery with focus on key deliverables.
634,2025,2,93%,Needs improvement in deadlines and upskilling.
634,2026,3,89%,Consistent delivery with focus on key deliverables.
635,2024,3,99%,Consistent delivery with focus on key deliverables.
635,2025,2,79%,Needs improvement in deadlines and upskilling.
635,2026,2,72%,Needs improvement in deadlines and upskilling.
638,2024,3,90%,Consistent delivery with focus on key deliverables.
638,2025,3,87%,Consistent delivery with focus on key deliverables.
638,2026,3,79%,Consistent delivery with focus on key deliverables.
639,2024,3,73%,Consistent delivery with focus on key deliverables.
639,2025,3,89%,Consistent delivery with focus on key deliverables.
639,2026,3,84%,Consistent delivery with focus on key deliverables.
641,2024,4,78%,Consistent delivery with focus on key deliverables.
641,2025,4,95%,Consistent delivery with focus on key deliverables.
641,2026,5,87%,Consistent delivery with focus on key deliverables.
643,2024,4,87%,Consistent delivery with focus on key deliverables.
643,2025,3,87%,Consistent delivery with focus on key deliverables.
643,2026,4,93%,Consistent delivery with focus on key deliverables.
644,2024,3,97%,Consistent delivery with focus on key deliverables.
644,2025,3,88%,Consistent delivery with focus on key deliverables.
644,2026,2,73%,Needs improvement in deadlines and upskilling.
645,2024,4,86%,Consistent delivery with focus on key deliverables.
645,2025,2,79%,Needs improvement in deadlines and upskilling.
645,2026,4,74%,Consistent delivery with focus on key deliverables.
647,2024,3,81%,Consistent delivery with focus on key deliverables.
647,2025,3,71%,Consistent delivery with focus on key deliverables.
647,2026,3,89%,Consistent delivery with focus on key deliverables.
648,2024,2,82%,Needs improvement in deadlines and upskilling.
648,2025,2,74%,Needs improvement in deadlines and upskilling.
648,2026,4,95%,Consistent delivery with focus on key deliverables.
649,2024,4,81%,Consistent delivery with focus on key deliverables.
649,2025,3,75%,Consistent delivery with focus on key deliverables.
649,2026,2,79%,Needs improvement in deadlines and upskilling.
650,2024,3,85%,Consistent delivery with focus on key deliverables.
650,2025,3,73%,Consistent delivery with focus on key deliverables.
650,2026,2,95%,Needs improvement in deadlines and upskilling.
652,2024,2,70%,Needs improvement in deadlines and upskilling.
652,2025,3,88%,Consistent delivery with focus on key deliverables.
652,2026,4,94%,Consistent delivery with focus on key deliverables.
653,2024,4,72%,Consistent delivery with focus on key deliverables.
653,2025,3,73%,Consistent delivery with focus on key deliverables.
653,2026,3,97%,Consistent delivery with focus on key deliverables.
655,2024,4,76%,Consistent delivery with focus on key deliverables.
655,2025,2,82%,Needs improvement in deadlines and upskilling.
655,2026,3,83%,Consistent delivery with focus on key deliverables.
656,2024,3,86%,Consistent delivery with focus on key deliverables.
656,2025,3,81%,Consistent delivery with focus on key deliverables.
656,2026,2,92%,Needs improvement in deadlines and upskilling.
657,2024,2,90%,Needs improvement in deadlines and upskilling.
657,2025,3,74%,Consistent delivery with focus on key deliverables.
657,2026,4,99%,Consistent delivery with focus on key deliverables.
659,2024,4,71%,Consistent delivery with focus on key deliverables.
659,2025,3,86%,Consistent delivery with focus on key deliverables.
659,2026,3,96%,Consistent delivery with focus on key deliverables.
661,2024,3,72%,Consistent delivery with focus on key deliverables.
661,2025,4,89%,Consistent delivery with focus on key deliverables.
661,2026,3,95%,Consistent delivery with focus on key deliverables.
662,2024,4,99%,Consistent delivery with focus on key deliverables.
662,2025,3,98%,Consistent delivery with focus on key deliverables.
662,2026,3,84%,Consistent delivery with focus on key deliverables.
663,2024,2,91%,Needs improvement in deadlines and upskilling.
663,2025,2,83%,Needs improvement in deadlines and upskilling.
663,2026,2,83%,Needs improvement in deadlines and upskilling.
664,2024,2,74%,Needs improvement in deadlines and upskilling.
664,2025,3,99%,Consistent delivery with focus on key deliverables.
664,2026,4,99%,Consistent delivery with focus on key deliverables.
665,2024,2,72%,Needs improvement in deadlines and upskilling.
665,2025,2,89%,Needs improvement in deadlines and upskilling.
665,2026,3,85%,Consistent delivery with focus on key deliverables.
666,2024,3,90%,Consistent delivery with focus on key deliverables.
666,2025,3,79%,Consistent delivery with focus on key deliverables.
666,2026,4,99%,Consistent delivery with focus on key deliverables.
667,2024,2,79%,Needs improvement in deadlines and upskilling.
667,2025,4,82%,Consistent delivery with focus on key deliverables.
667,2026,2,88%,Needs improvement in deadlines and upskilling.
669,2024,3,99%,Consistent delivery with focus on key deliverables.
669,2025,4,98%,Consistent delivery with focus on key deliverables.
669,2026,3,79%,Consistent delivery with focus on key deliverables.
671,2024,3,79%,Consistent delivery with focus on key deliverables.
671,2025,3,80%,Consistent delivery with focus on key deliverables.
671,2026,3,79%,Consistent delivery with focus on key deliverables.
675,2024,3,83%,Consistent delivery with focus on key deliverables.
675,2025,4,76%,Consistent delivery with focus on key deliverables.
675,2026,3,80%,Consistent delivery with focus on key deliverables.
677,2024,3,80%,Consistent delivery with focus on key deliverables.
677,2025,3,86%,Consistent delivery with focus on key deliverables.
677,2026,4,70%,Consistent delivery with focus on key deliverables.
679,2024,2,78%,Needs improvement in deadlines and upskilling.
679,2025,4,96%,Consistent delivery with focus on key deliverables.
679,2026,3,88%,Consistent delivery with focus on key deliverables.
680,2024,4,85%,Consistent delivery with focus on key deliverables.
680,2025,4,96%,Consistent delivery with focus on key deliverables.
680,2026,5,94%,Consistent delivery with focus on key deliverables.
682,2024,3,97%,Consistent delivery with focus on key deliverables.
682,2025,4,88%,Consistent delivery with focus on key deliverables.
682,2026,3,75%,Consistent delivery with focus on key deliverables.
683,2024,3,85%,Consistent delivery with focus on key deliverables.
683,2025,4,77%,Consistent delivery with focus on key deliverables.
683,2026,3,94%,Consistent delivery with focus on key deliverables.
684,2024,3,96%,Consistent delivery with focus on key deliverables.
684,2025,2,85%,Needs improvement in deadlines and upskilling.
684,2026,3,71%,Consistent delivery with focus on key deliverables.
686,2024,2,94%,Needs improvement in deadlines and upskilling.
686,2025,4,95%,Consistent delivery with focus on key deliverables.
686,2026,3,77%,Consistent delivery with focus on key deliverables.
689,2024,2,74%,Needs improvement in deadlines and upskilling.
689,2025,4,74%,Consistent delivery with focus on key deliverables.
689,2026,3,74%,Consistent delivery with focus on key deliverables.
690,2024,3,75%,Consistent delivery with focus on key deliverables.
690,2025,3,70%,Consistent delivery with focus on key deliverables.
690,2026,4,82%,Consistent delivery with focus on key deliverables.
691,2024,4,75%,Consistent delivery with focus on key deliverables.
691,2025,3,87%,Consistent delivery with focus on key deliverables.
691,2026,4,77%,Consistent delivery with focus on key deliverables.
692,2024,4,86%,Consistent delivery with focus on key deliverables.
692,2025,5,84%,Consistent delivery with focus on key deliverables.
692,2026,4,79%,Consistent delivery with focus on key deliverables.
698,2024,3,70%,Consistent delivery with focus on key deliverables.
698,2025,3,78%,Consistent delivery with focus on key deliverables.
698,2026,2,89%,Needs improvement in deadlines and upskilling.
699,2024,2,70%,Needs improvement in deadlines and upskilling.
699,2025,2,83%,Needs improvement in deadlines and upskilling.
699,2026,4,74%,Consistent delivery with focus on key deliverables.
700,2024,3,74%,Consistent delivery with focus on key deliverables.
700,2025,4,97%,Consistent delivery with focus on key deliverables.
700,2026,4,85%,Consistent delivery with focus on key deliverables.
701,2024,3,83%,Consistent delivery with focus on key deliverables.
701,2025,2,97%,Needs improvement in deadlines and upskilling.
701,2026,4,83%,Consistent delivery with focus on key deliverables.
702,2024,3,93%,Consistent delivery with focus on key deliverables.
702,2025,4,78%,Consistent delivery with focus on key deliverables.
702,2026,3,79%,Consistent delivery with focus on key deliverables.
704,2024,3,93%,Consistent delivery with focus on key deliverables.
704,2025,3,88%,Consistent delivery with focus on key deliverables.
704,2026,3,71%,Consistent delivery with focus on key deliverables.
705,2024,2,73%,Needs improvement in deadlines and upskilling.
705,2025,2,71%,Needs improvement in deadlines and upskilling.
705,2026,2,76%,Needs improvement in deadlines and upskilling.
707,2024,4,75%,Consistent delivery with focus on key deliverables.
707,2025,4,85%,Consistent delivery with focus on key deliverables.
707,2026,4,81%,Consistent delivery with focus on key deliverables.
709,2024,4,95%,Consistent delivery with focus on key deliverables.
709,2025,4,95%,Consistent delivery with focus on key deliverables.
709,2026,4,82%,Consistent delivery with focus on key deliverables.
710,2024,3,93%,Consistent delivery with focus on key deliverables.
710,2025,3,77%,Consistent delivery with focus on key deliverables.
710,2026,2,99%,Needs improvement in deadlines and upskilling.
712,2024,4,80%,Consistent delivery with focus on key deliverables.
712,2025,2,78%,Needs improvement in deadlines and upskilling.
712,2026,4,95%,Consistent delivery with focus on key deliverables.
714,2024,4,88%,Consistent delivery with focus on key deliverables.
714,2025,4,99%,Consistent delivery with focus on key deliverables.
714,2026,3,84%,Consistent delivery with focus on key deliverables.
715,2024,3,74%,Consistent delivery with focus on key deliverables.
715,2025,3,93%,Consistent delivery with focus on key deliverables.
715,2026,3,94%,Consistent delivery with focus on key deliverables.
716,2024,3,70%,Consistent delivery with focus on key deliverables.
716,2025,3,79%,Consistent delivery with focus on key deliverables.
716,2026,2,89%,Needs improvement in deadlines and upskilling.
717,2024,4,80%,Consistent delivery with focus on key deliverables.
717,2025,4,76%,Consistent delivery with focus on key deliverables.
717,2026,2,86%,Needs improvement in deadlines and upskilling.
720,2024,4,81%,Consistent delivery with focus on key deliverables.
720,2025,3,94%,Consistent delivery with focus on key deliverables.
720,2026,4,81%,Consistent delivery with focus on key deliverables.
721,2024,4,72%,Consistent delivery with focus on key deliverables.
721,2025,3,98%,Consistent delivery with focus on key deliverables.
721,2026,4,93%,Consistent delivery with focus on key deliverables.
722,2024,4,88%,Consistent delivery with focus on key deliverables.
722,2025,2,85%,Needs improvement in deadlines and upskilling.
722,2026,4,96%,Consistent delivery with focus on key deliverables.
723,2024,3,75%,Consistent delivery with focus on key deliverables.
723,2025,3,94%,Consistent delivery with focus on key deliverables.
723,2026,3,98%,Consistent delivery with focus on key deliverables.
724,2024,3,77%,Consistent delivery with focus on key deliverables.
724,2025,3,86%,Consistent delivery with focus on key deliverables.
724,2026,3,79%,Consistent delivery with focus on key deliverables.
725,2024,3,81%,Consistent delivery with focus on key deliverables.
725,2025,4,79%,Consistent delivery with focus on key deliverables.
725,2026,2,85%,Needs improvement in deadlines and upskilling.
727,2024,3,78%,Consistent delivery with focus on key deliverables.
727,2025,2,94%,Needs improvement in deadlines and upskilling.
727,2026,4,75%,Consistent delivery with focus on key deliverables.
728,2024,3,96%,Consistent delivery with focus on key deliverables.
728,2025,3,76%,Consistent delivery with focus on key deliverables.
728,2026,3,87%,Consistent delivery with focus on key deliverables.
729,2024,4,70%,Consistent delivery with focus on key deliverables.
729,2025,3,90%,Consistent delivery with focus on key deliverables.
729,2026,5,88%,Consistent delivery with focus on key deliverables.
730,2024,3,74%,Consistent delivery with focus on key deliverables.
730,2025,4,95%,Consistent delivery with focus on key deliverables.
730,2026,2,93%,Needs improvement in deadlines and upskilling.
731,2024,3,91%,Consistent delivery with focus on key deliverables.
731,2025,3,92%,Consistent delivery with focus on key deliverables.
731,2026,4,95%,Consistent delivery with focus on key deliverables.
732,2024,4,97%,Consistent delivery with focus on key deliverables.
732,2025,3,95%,Consistent delivery with focus on key deliverables.
732,2026,3,82%,Consistent delivery with focus on key deliverables.
733,2024,5,91%,Consistent delivery with focus on key deliverables.
733,2025,4,82%,Consistent delivery with focus on key deliverables.
733,2026,5,76%,Consistent delivery with focus on key deliverables.
734,2024,2,73%,Needs improvement in deadlines and upskilling.
734,2025,3,85%,Consistent delivery with focus on key deliverables.
734,2026,2,71%,Needs improvement in deadlines and upskilling.
738,2024,3,90%,Consistent delivery with focus on key deliverables.
738,2025,4,94%,Consistent delivery with focus on key deliverables.
738,2026,2,91%,Needs improvement in deadlines and upskilling.
741,2024,3,94%,Consistent delivery with focus on key deliverables.
741,2025,3,83%,Consistent delivery with focus on key deliverables.
741,2026,3,77%,Consistent delivery with focus on key deliverables.
742,2024,3,95%,Consistent delivery with focus on key deliverables.
742,2025,3,91%,Consistent delivery with focus on key deliverables.
742,2026,3,76%,Consistent delivery with focus on key deliverables.
743,2024,3,94%,Consistent delivery with focus on key deliverables.
743,2025,4,82%,Consistent delivery with focus on key deliverables.
743,2026,2,79%,Needs improvement in deadlines and upskilling.
744,2024,2,84%,Needs improvement in deadlines and upskilling.
744,2025,3,81%,Consistent delivery with focus on key deliverables.
744,2026,3,79%,Consistent delivery with focus on key deliverables.
746,2024,3,90%,Consistent delivery with focus on key deliverables.
746,2025,2,76%,Needs improvement in deadlines and upskilling.
746,2026,4,89%,Consistent delivery with focus on key deliverables.
747,2024,4,85%,Consistent delivery with focus on key deliverables.
747,2025,4,82%,Consistent delivery with focus on key deliverables.
747,2026,5,73%,Consistent delivery with focus on key deliverables.
749,2024,4,82%,Consistent delivery with focus on key deliverables.
749,2025,3,98%,Consistent delivery with focus on key deliverables.
749,2026,2,91%,Needs improvement in deadlines and upskilling.
752,2024,4,96%,Consistent delivery with focus on key deliverables.
752,2025,3,95%,Consistent delivery with focus on key deliverables.
752,2026,3,90%,Consistent delivery with focus on key deliverables.
754,2024,3,96%,Consistent delivery with focus on key deliverables.
754,2025,2,85%,Needs improvement in deadlines and upskilling.
754,2026,4,86%,Consistent delivery with focus on key deliverables.
757,2024,3,80%,Consistent delivery with focus on key deliverables.
757,2025,2,74%,Needs improvement in deadlines and upskilling.
757,2026,3,82%,Consistent delivery with focus on key deliverables.
758,2024,4,98%,Consistent delivery with focus on key deliverables.
758,2025,3,92%,Consistent delivery with focus on key deliverables.
758,2026,3,73%,Consistent delivery with focus on key deliverables.
760,2024,4,79%,Consistent delivery with focus on key deliverables.
760,2025,2,79%,Needs improvement in deadlines and upskilling.
760,2026,2,70%,Needs improvement in deadlines and upskilling.
762,2024,4,80%,Consistent delivery with focus on key deliverables.
762,2025,2,77%,Needs improvement in deadlines and upskilling.
762,2026,3,92%,Consistent delivery with focus on key deliverables.
763,2024,4,83%,Consistent delivery with focus on key deliverables.
763,2025,5,92%,Consistent delivery with focus on key deliverables.
763,2026,3,91%,Consistent delivery with focus on key deliverables.
764,2024,2,88%,Needs improvement in deadlines and upskilling.
764,2025,4,93%,Consistent delivery with focus on key deliverables.
764,2026,4,90%,Consistent delivery with focus on key deliverables.
766,2024,2,86%,Needs improvement in deadlines and upskilling.
766,2025,4,75%,Consistent delivery with focus on key deliverables.
766,2026,3,87%,Consistent delivery with focus on key deliverables.
769,2024,4,86%,Consistent delivery with focus on key deliverables.
769,2025,3,74%,Consistent delivery with focus on key deliverables.
769,2026,2,85%,Needs improvement in deadlines and upskilling.
771,2024,2,78%,Needs improvement in deadlines and upskilling.
771,2025,4,79%,Consistent delivery with focus on key deliverables.
771,2026,3,82%,Consistent delivery with focus on key deliverables.
772,2024,3,85%,Consistent delivery with focus on key deliverables.
772,2025,2,85%,Needs improvement in deadlines and upskilling.
772,2026,3,83%,Consistent delivery with focus on key deliverables.
773,2024,4,93%,Consistent delivery with focus on key deliverables.
773,2025,3,81%,Consistent delivery with focus on key deliverables.
773,2026,2,80%,Needs improvement in deadlines and upskilling.
775,2024,2,93%,Needs improvement in deadlines and upskilling.
775,2025,4,80%,Consistent delivery with focus on key deliverables.
775,2026,3,88%,Consistent delivery with focus on key deliverables.
776,2024,3,95%,Consistent delivery with focus on key deliverables.
776,2025,4,86%,Consistent delivery with focus on key deliverables.
776,2026,3,88%,Consistent delivery with focus on key deliverables.
780,2024,4,89%,Consistent delivery with focus on key deliverables.
780,2025,3,92%,Consistent delivery with focus on key deliverables.
780,2026,2,97%,Needs improvement in deadlines and upskilling.
781,2024,3,81%,Consistent delivery with focus on key deliverables.
781,2025,5,70%,Consistent delivery with focus on key deliverables.
781,2026,4,79%,Consistent delivery with focus on key deliverables.
783,2024,3,94%,Consistent delivery with focus on key deliverables.
783,2025,3,92%,Consistent delivery with focus on key deliverables.
783,2026,3,70%,Consistent delivery with focus on key deliverables.
784,2024,4,74%,Consistent delivery with focus on key deliverables.
784,2025,4,86%,Consistent delivery with focus on key deliverables.
784,2026,2,88%,Needs improvement in deadlines and upskilling.
785,2024,3,99%,Consistent delivery with focus on key deliverables.
785,2025,2,91%,Needs improvement in deadlines and upskilling.
785,2026,3,90%,Consistent delivery with focus on key deliverables.
786,2024,4,83%,Consistent delivery with focus on key deliverables.
786,2025,5,79%,Consistent delivery with focus on key deliverables.
786,2026,4,97%,Consistent delivery with focus on key deliverables.
787,2024,2,74%,Needs improvement in deadlines and upskilling.
787,2025,3,93%,Consistent delivery with focus on key deliverables.
787,2026,2,95%,Needs improvement in deadlines and upskilling.
789,2024,3,99%,Consistent delivery with focus on key deliverables.
789,2025,3,98%,Consistent delivery with focus on key deliverables.
789,2026,4,82%,Consistent delivery with focus on key deliverables.
791,2024,4,73%,Consistent delivery with focus on key deliverables.
791,2025,2,99%,Needs improvement in deadlines and upskilling.
791,2026,3,81%,Consistent delivery with focus on key deliverables.
792,2024,3,96%,Consistent delivery with focus on key deliverables.
792,2025,3,97%,Consistent delivery with focus on key deliverables.
792,2026,3,97%,Consistent delivery with focus on key deliverables.
793,2024,3,80%,Consistent delivery with focus on key deliverables.
793,2025,2,76%,Needs improvement in deadlines and upskilling.
793,2026,3,98%,Consistent delivery with focus on key deliverables.
796,2024,3,83%,Consistent delivery with focus on key deliverables.
796,2025,3,91%,Consistent delivery with focus on key deliverables.
796,2026,3,76%,Consistent delivery with focus on key deliverables.
797,2024,3,78%,Consistent delivery with focus on key deliverables.
797,2025,3,99%,Consistent delivery with focus on key deliverables.
797,2026,4,98%,Consistent delivery with focus on key deliverables.
799,2024,3,95%,Consistent delivery with focus on key deliverables.
799,2025,4,76%,Consistent delivery with focus on key deliverables.
799,2026,3,73%,Consistent delivery with focus on key deliverables.
800,2024,4,76%,Consistent delivery with focus on key deliverables.
800,2025,4,77%,Consistent delivery with focus on key deliverables.
800,2026,4,97%,Consistent delivery with focus on key deliverables.
802,2024,4,89%,Consistent delivery with focus on key deliverables.
802,2025,3,94%,Consistent delivery with focus on key deliverables.
802,2026,3,78%,Consistent delivery with focus on key deliverables.
803,2024,3,82%,Consistent delivery with focus on key deliverables.
803,2025,3,89%,Consistent delivery with focus on key deliverables.
803,2026,2,98%,Needs improvement in deadlines and upskilling.
804,2024,3,88%,Consistent delivery with focus on key deliverables.
804,2025,3,81%,Consistent delivery with focus on key deliverables.
804,2026,4,99%,Consistent delivery with focus on key deliverables.
805,2024,3,92%,Consistent delivery with focus on key deliverables.
805,2025,4,82%,Consistent delivery with focus on key deliverables.
805,2026,2,97%,Needs improvement in deadlines and upskilling.
806,2024,5,79%,Consistent delivery with focus on key deliverables.
806,2025,5,99%,Consistent delivery with focus on key deliverables.
806,2026,4,90%,Consistent delivery with focus on key deliverables.
807,2024,5,78%,Consistent delivery with focus on key deliverables.
807,2025,3,71%,Consistent delivery with focus on key deliverables.
807,2026,4,91%,Consistent delivery with focus on key deliverables.
808,2024,2,83%,Needs improvement in deadlines and upskilling.
808,2025,3,79%,Consistent delivery with focus on key deliverables.
808,2026,4,83%,Consistent delivery with focus on key deliverables.
809,2024,2,75%,Needs improvement in deadlines and upskilling.
809,2025,4,90%,Consistent delivery with focus on key deliverables.
809,2026,3,82%,Consistent delivery with focus on key deliverables.
811,2024,5,72%,Consistent delivery with focus on key deliverables.
811,2025,5,89%,Consistent delivery with focus on key deliverables.
811,2026,3,82%,Consistent delivery with focus on key deliverables.
812,2024,3,92%,Consistent delivery with focus on key deliverables.
812,2025,3,85%,Consistent delivery with focus on key deliverables.
812,2026,4,72%,Consistent delivery with focus on key deliverables.
813,2024,4,84%,Consistent delivery with focus on key deliverables.
813,2025,4,91%,Consistent delivery with focus on key deliverables.
813,2026,4,89%,Consistent delivery with focus on key deliverables.
815,2024,2,77%,Needs improvement in deadlines and upskilling.
815,2025,2,92%,Needs improvement in deadlines and upskilling.
815,2026,3,99%,Consistent delivery with focus on key deliverables.
816,2024,2,80%,Needs improvement in deadlines and upskilling.
816,2025,3,72%,Consistent delivery with focus on key deliverables.
816,2026,3,90%,Consistent delivery with focus on key deliverables.
817,2024,3,84%,Consistent delivery with focus on key deliverables.
817,2025,2,87%,Needs improvement in deadlines and upskilling.
817,2026,4,92%,Consistent delivery with focus on key deliverables.
819,2024,2,79%,Needs improvement in deadlines and upskilling.
819,2025,3,89%,Consistent delivery with focus on key deliverables.
819,2026,3,82%,Consistent delivery with focus on key deliverables.
820,2024,3,82%,Consistent delivery with focus on key deliverables.
820,2025,4,93%,Consistent delivery with focus on key deliverables.
820,2026,2,92%,Needs improvement in deadlines and upskilling.
823,2024,2,99%,Needs improvement in deadlines and upskilling.
823,2025,2,85%,Needs improvement in deadlines and upskilling.
823,2026,3,92%,Consistent delivery with focus on key deliverables.
824,2024,5,81%,Consistent delivery with focus on key deliverables.
824,2025,4,97%,Consistent delivery with focus on key deliverables.
824,2026,5,88%,Consistent delivery with focus on key deliverables.
825,2024,4,86%,Consistent delivery with focus on key deliverables.
825,2025,2,84%,Needs improvement in deadlines and upskilling.
825,2026,3,87%,Consistent delivery with focus on key deliverables.
826,2024,3,82%,Consistent delivery with focus on key deliverables.
826,2025,3,85%,Consistent delivery with focus on key deliverables.
826,2026,3,95%,Consistent delivery with focus on key deliverables.
827,2024,2,95%,Needs improvement in deadlines and upskilling.
827,2025,3,70%,Consistent delivery with focus on key deliverables.
827,2026,4,74%,Consistent delivery with focus on key deliverables.
828,2024,2,94%,Needs improvement in deadlines and upskilling.
828,2025,3,99%,Consistent delivery with focus on key deliverables.
828,2026,2,73%,Needs improvement in deadlines and upskilling.
829,2024,3,96%,Consistent delivery with focus on key deliverables.
829,2025,4,84%,Consistent delivery with focus on key deliverables.
829,2026,3,93%,Consistent delivery with focus on key deliverables.
830,2024,3,74%,Consistent delivery with focus on key deliverables.
830,2025,2,98%,Needs improvement in deadlines and upskilling.
830,2026,2,98%,Needs improvement in deadlines and upskilling.
832,2024,2,82%,Needs improvement in deadlines and upskilling.
832,2025,3,97%,Consistent delivery with focus on key deliverables.
832,2026,3,95%,Consistent delivery with focus on key deliverables.
833,2024,5,90%,Consistent delivery with focus on key deliverables.
833,2025,4,87%,Consistent delivery with focus on key deliverables.
833,2026,5,97%,Consistent delivery with focus on key deliverables.
834,2024,4,92%,Consistent delivery with focus on key deliverables.
834,2025,3,97%,Consistent delivery with focus on key deliverables.
834,2026,3,70%,Consistent delivery with focus on key deliverables.
836,2024,4,80%,Consistent delivery with focus on key deliverables.
836,2025,4,91%,Consistent delivery with focus on key deliverables.
836,2026,3,98%,Consistent delivery with focus on key deliverables.
837,2024,2,87%,Needs improvement in deadlines and upskilling.
837,2025,4,74%,Consistent delivery with focus on key deliverables.
837,2026,3,84%,Consistent delivery with focus on key deliverables.
838,2024,3,79%,Consistent delivery with focus on key deliverables.
838,2025,4,73%,Consistent delivery with focus on key deliverables.
838,2026,4,77%,Consistent delivery with focus on key deliverables.
840,2024,3,75%,Consistent delivery with focus on key deliverables.
840,2025,3,80%,Consistent delivery with focus on key deliverables.
840,2026,4,94%,Consistent delivery with focus on key deliverables.
842,2024,2,88%,Needs improvement in deadlines and upskilling.
842,2025,3,71%,Consistent delivery with focus on key deliverables.
842,2026,3,84%,Consistent delivery with focus on key deliverables.
843,2024,5,82%,Consistent delivery with focus on key deliverables.
843,2025,3,79%,Consistent delivery with focus on key deliverables.
843,2026,3,93%,Consistent delivery with focus on key deliverables.
844,2024,3,80%,Consistent delivery with focus on key deliverables.
844,2025,3,97%,Consistent delivery with focus on key deliverables.
844,2026,3,97%,Consistent delivery with focus on key deliverables.
845,2024,3,94%,Consistent delivery with focus on key deliverables.
845,2025,5,84%,Consistent delivery with focus on key deliverables.
845,2026,3,95%,Consistent delivery with focus on key deliverables.
846,2024,4,78%,Consistent delivery with focus on key deliverables.
846,2025,5,84%,Consistent delivery with focus on key deliverables.
846,2026,4,70%,Consistent delivery with focus on key deliverables.
847,2024,3,78%,Consistent delivery with focus on key deliverables.
847,2025,2,86%,Needs improvement in deadlines and upskilling.
847,2026,2,70%,Needs improvement in deadlines and upskilling.
848,2024,4,74%,Consistent delivery with focus on key deliverables.
848,2025,3,80%,Consistent delivery with focus on key deliverables.
848,2026,4,75%,Consistent delivery with focus on key deliverables.
850,2024,2,87%,Needs improvement in deadlines and upskilling.
850,2025,3,87%,Consistent delivery with focus on key deliverables.
850,2026,2,96%,Needs improvement in deadlines and upskilling.
851,2024,2,74%,Needs improvement in deadlines and upskilling.
851,2025,4,88%,Consistent delivery with focus on key deliverables.
851,2026,3,82%,Consistent delivery with focus on key deliverables.
852,2024,3,76%,Consistent delivery with focus on key deliverables.
852,2025,3,83%,Consistent delivery with focus on key deliverables.
852,2026,3,95%,Consistent delivery with focus on key deliverables.
854,2024,3,77%,Consistent delivery with focus on key deliverables.
854,2025,3,72%,Consistent delivery with focus on key deliverables.
854,2026,3,73%,Consistent delivery with focus on key deliverables.
855,2024,4,73%,Consistent delivery with focus on key deliverables.
855,2025,4,92%,Consistent delivery with focus on key deliverables.
855,2026,5,81%,Consistent delivery with focus on key deliverables.
856,2024,4,89%,Consistent delivery with focus on key deliverables.
856,2025,3,82%,Consistent delivery with focus on key deliverables.
856,2026,4,77%,Consistent delivery with focus on key deliverables.
857,2024,3,91%,Consistent delivery with focus on key deliverables.
857,2025,3,78%,Consistent delivery with focus on key deliverables.
857,2026,4,78%,Consistent delivery with focus on key deliverables.
859,2024,2,96%,Needs improvement in deadlines and upskilling.
859,2025,2,70%,Needs improvement in deadlines and upskilling.
859,2026,3,92%,Consistent delivery with focus on key deliverables.
861,2024,3,76%,Consistent delivery with focus on key deliverables.
861,2025,2,79%,Needs improvement in deadlines and upskilling.
861,2026,4,73%,Consistent delivery with focus on key deliverables.
862,2024,4,85%,Consistent delivery with focus on key deliverables.
862,2025,4,78%,Consistent delivery with focus on key deliverables.
862,2026,3,95%,Consistent delivery with focus on key deliverables.
864,2024,3,96%,Consistent delivery with focus on key deliverables.
864,2025,2,98%,Needs improvement in deadlines and upskilling.
864,2026,2,83%,Needs improvement in deadlines and upskilling.
865,2024,2,95%,Needs improvement in deadlines and upskilling.
865,2025,2,70%,Needs improvement in deadlines and upskilling.
865,2026,2,72%,Needs improvement in deadlines and upskilling.
867,2024,3,92%,Consistent delivery with focus on key deliverables.
867,2025,4,78%,Consistent delivery with focus on key deliverables.
867,2026,5,89%,Consistent delivery with focus on key deliverables.
868,2024,3,74%,Consistent delivery with focus on key deliverables.
868,2025,2,97%,Needs improvement in deadlines and upskilling.
868,2026,3,79%,Consistent delivery with focus on key deliverables.
869,2024,3,85%,Consistent delivery with focus on key deliverables.
869,2025,3,75%,Consistent delivery with focus on key deliverables.
869,2026,4,92%,Consistent delivery with focus on key deliverables.
872,2024,4,87%,Consistent delivery with focus on key deliverables.
872,2025,3,97%,Consistent delivery with focus on key deliverables.
872,2026,5,78%,Consistent delivery with focus on key deliverables.
874,2024,4,87%,Consistent delivery with focus on key deliverables.
874,2025,4,71%,Consistent delivery with focus on key deliverables.
874,2026,3,75%,Consistent delivery with focus on key deliverables.
875,2024,3,92%,Consistent delivery with focus on key deliverables.
875,2025,2,89%,Needs improvement in deadlines and upskilling.
875,2026,4,99%,Consistent delivery with focus on key deliverables.
878,2024,4,85%,Consistent delivery with focus on key deliverables.
878,2025,4,82%,Consistent delivery with focus on key deliverables.
878,2026,4,75%,Consistent delivery with focus on key deliverables.
879,2024,4,93%,Consistent delivery with focus on key deliverables.
879,2025,2,87%,Needs improvement in deadlines and upskilling.
879,2026,3,92%,Consistent delivery with focus on key deliverables.
880,2024,5,98%,Consistent delivery with focus on key deliverables.
880,2025,5,74%,Consistent delivery with focus on key deliverables.
880,2026,4,82%,Consistent delivery with focus on key deliverables.
881,2024,3,70%,Consistent delivery with focus on key deliverables.
881,2025,4,88%,Consistent delivery with focus on key deliverables.
881,2026,3,75%,Consistent delivery with focus on key deliverables.
882,2024,3,79%,Consistent delivery with focus on key deliverables.
882,2025,3,81%,Consistent delivery with focus on key deliverables.
882,2026,4,82%,Consistent delivery with focus on key deliverables.
885,2024,3,87%,Consistent delivery with focus on key deliverables.
885,2025,3,80%,Consistent delivery with focus on key deliverables.
885,2026,4,79%,Consistent delivery with focus on key deliverables.
887,2024,2,75%,Needs improvement in deadlines and upskilling.
887,2025,2,91%,Needs improvement in deadlines and upskilling.
887,2026,3,81%,Consistent delivery with focus on key deliverables.
888,2024,2,87%,Needs improvement in deadlines and upskilling.
888,2025,2,94%,Needs improvement in deadlines and upskilling.
888,2026,4,97%,Consistent delivery with focus on key deliverables.
889,2024,2,73%,Needs improvement in deadlines and upskilling.
889,2025,3,87%,Consistent delivery with focus on key deliverables.
889,2026,4,74%,Consistent delivery with focus on key deliverables.
893,2024,3,98%,Consistent delivery with focus on key deliverables.
893,2025,2,76%,Needs improvement in deadlines and upskilling.
893,2026,3,78%,Consistent delivery with focus on key deliverables.
894,2024,3,81%,Consistent delivery with focus on key deliverables.
894,2025,4,94%,Consistent delivery with focus on key deliverables.
894,2026,4,83%,Consistent delivery with focus on key deliverables.
895,2024,4,81%,Consistent delivery with focus on key deliverables.
895,2025,3,93%,Consistent delivery with focus on key deliverables.
895,2026,2,81%,Needs improvement in deadlines and upskilling.
896,2024,4,74%,Consistent delivery with focus on key deliverables.
896,2025,2,76%,Needs improvement in deadlines and upskilling.
896,2026,3,89%,Consistent delivery with focus on key deliverables.
897,2024,3,96%,Consistent delivery with focus on key deliverables.
897,2025,2,70%,Needs improvement in deadlines and upskilling.
897,2026,2,84%,Needs improvement in deadlines and upskilling.
899,2024,4,84%,Consistent delivery with focus on key deliverables.
899,2025,2,70%,Needs improvement in deadlines and upskilling.
899,2026,2,84%,Needs improvement in deadlines and upskilling.
900,2024,3,71%,Consistent delivery with focus on key deliverables.
900,2025,2,73%,Needs improvement in deadlines and upskilling.
900,2026,2,85%,Needs improvement in deadlines and upskilling.
901,2024,3,90%,Consistent delivery with focus on key deliverables.
901,2025,4,77%,Consistent delivery with focus on key deliverables.
901,2026,3,91%,Consistent delivery with focus on key deliverables.
902,2024,4,71%,Consistent delivery with focus on key deliverables.
902,2025,3,82%,Consistent delivery with focus on key deliverables.
902,2026,3,91%,Consistent delivery with focus on key deliverables.
903,2024,3,75%,Consistent delivery with focus on key deliverables.
903,2025,4,75%,Consistent delivery with focus on key deliverables.
903,2026,3,70%,Consistent delivery with focus on key deliverables.
904,2024,3,90%,Consistent delivery with focus on key deliverables.
904,2025,4,78%,Consistent delivery with focus on key deliverables.
904,2026,3,91%,Consistent delivery with focus on key deliverables.
905,2024,2,81%,Needs improvement in deadlines and upskilling.
905,2025,4,95%,Consistent delivery with focus on key deliverables.
905,2026,4,88%,Consistent delivery with focus on key deliverables.
909,2024,4,95%,Consistent delivery with focus on key deliverables.
909,2025,4,81%,Consistent delivery with focus on key deliverables.
909,2026,2,92%,Needs improvement in deadlines and upskilling.
910,2024,2,73%,Needs improvement in deadlines and upskilling.
910,2025,2,76%,Needs improvement in deadlines and upskilling.
910,2026,3,82%,Consistent delivery with focus on key deliverables.
911,2024,5,89%,Consistent delivery with focus on key deliverables.
911,2025,4,97%,Consistent delivery with focus on key deliverables.
911,2026,4,77%,Consistent delivery with focus on key deliverables.
912,2024,4,84%,Consistent delivery with focus on key deliverables.
912,2025,2,96%,Needs improvement in deadlines and upskilling.
912,2026,3,93%,Consistent delivery with focus on key deliverables.
913,2024,2,82%,Needs improvement in deadlines and upskilling.
913,2025,4,72%,Consistent delivery with focus on key deliverables.
913,2026,3,88%,Consistent delivery with focus on key deliverables.
916,2024,2,93%,Needs improvement in deadlines and upskilling.
916,2025,2,72%,Needs improvement in deadlines and upskilling.
916,2026,2,74%,Needs improvement in deadlines and upskilling.
918,2024,4,97%,Consistent delivery with focus on key deliverables.
918,2025,2,75%,Needs improvement in deadlines and upskilling.
918,2026,4,79%,Consistent delivery with focus on key deliverables.
920,2024,5,72%,Consistent delivery with focus on key deliverables.
920,2025,4,80%,Consistent delivery with focus on key deliverables.
920,2026,4,94%,Consistent delivery with focus on key deliverables.
922,2024,3,84%,Consistent delivery with focus on key deliverables.
922,2025,3,96%,Consistent delivery with focus on key deliverables.
922,2026,2,98%,Needs improvement in deadlines and upskilling.
923,2024,3,91%,Consistent delivery with focus on key deliverables.
923,2025,4,79%,Consistent delivery with focus on key deliverables.
923,2026,3,78%,Consistent delivery with focus on key deliverables.
924,2024,3,92%,Consistent delivery with focus on key deliverables.
924,2025,2,87%,Needs improvement in deadlines and upskilling.
924,2026,4,92%,Consistent delivery with focus on key deliverables.
925,2024,2,93%,Needs improvement in deadlines and upskilling.
925,2025,4,73%,Consistent delivery with focus on key deliverables.
925,2026,2,96%,Needs improvement in deadlines and upskilling.
926,2024,2,95%,Needs improvement in deadlines and upskilling.
926,2025,4,75%,Consistent delivery with focus on key deliverables.
926,2026,2,77%,Needs improvement in deadlines and upskilling.
927,2024,3,93%,Consistent delivery with focus on key deliverables.
927,2025,4,81%,Consistent delivery with focus on key deliverables.
927,2026,2,73%,Needs improvement in deadlines and upskilling.
930,2024,3,82%,Consistent delivery with focus on key deliverables.
930,2025,3,96%,Consistent delivery with focus on key deliverables.
930,2026,2,88%,Needs improvement in deadlines and upskilling.
932,2024,4,91%,Consistent delivery with focus on key deliverables.
932,2025,3,97%,Consistent delivery with focus on key deliverables.
932,2026,4,76%,Consistent delivery with focus on key deliverables.
933,2024,3,80%,Consistent delivery with focus on key deliverables.
933,2025,2,80%,Needs improvement in deadlines and upskilling.
933,2026,3,88%,Consistent delivery with focus on key deliverables.
934,2024,4,85%,Consistent delivery with focus on key deliverables.
934,2025,2,84%,Needs improvement in deadlines and upskilling.
934,2026,3,99%,Consistent delivery with focus on key deliverables.
936,2024,4,75%,Consistent delivery with focus on key deliverables.
936,2025,3,72%,Consistent delivery with focus on key deliverables.
936,2026,3,74%,Consistent delivery with focus on key deliverables.
939,2024,2,91%,Needs improvement in deadlines and upskilling.
939,2025,3,83%,Consistent delivery with focus on key deliverables.
939,2026,4,82%,Consistent delivery with focus on key deliverables.
940,2024,3,94%,Consistent delivery with focus on key deliverables.
940,2025,4,92%,Consistent delivery with focus on key deliverables.
940,2026,3,96%,Consistent delivery with focus on key deliverables.
941,2024,2,93%,Needs improvement in deadlines and upskilling.
941,2025,3,96%,Consistent delivery with focus on key deliverables.
941,2026,2,84%,Needs improvement in deadlines and upskilling.
942,2024,5,91%,Consistent delivery with focus on key deliverables.
942,2025,4,85%,Consistent delivery with focus on key deliverables.
942,2026,3,77%,Consistent delivery with focus on key deliverables.
944,2024,2,84%,Needs improvement in deadlines and upskilling.
944,2025,3,93%,Consistent delivery with focus on key deliverables.
944,2026,2,85%,Needs improvement in deadlines and upskilling.
945,2024,4,80%,Consistent delivery with focus on key deliverables.
945,2025,3,80%,Consistent delivery with focus on key deliverables.
945,2026,4,97%,Consistent delivery with focus on key deliverables.
947,2024,3,71%,Consistent delivery with focus on key deliverables.
947,2025,4,75%,Consistent delivery with focus on key deliverables.
947,2026,4,72%,Consistent delivery with focus on key deliverables.
949,2024,2,93%,Needs improvement in deadlines and upskilling.
949,2025,3,89%,Consistent delivery with focus on key deliverables.
949,2026,4,83%,Consistent delivery with focus on key deliverables.
950,2024,4,86%,Consistent delivery with focus on key deliverables.
950,2025,3,94%,Consistent delivery with focus on key deliverables.
950,2026,4,72%,Consistent delivery with focus on key deliverables.
951,2024,5,73%,Consistent delivery with focus on key deliverables.
951,2025,4,84%,Consistent delivery with focus on key deliverables.
951,2026,3,83%,Consistent delivery with focus on key deliverables.
952,2024,3,83%,Consistent delivery with focus on key deliverables.
952,2025,2,74%,Needs improvement in deadlines and upskilling.
952,2026,3,91%,Consistent delivery with focus on key deliverables.
954,2024,4,82%,Consistent delivery with focus on key deliverables.
954,2025,4,87%,Consistent delivery with focus on key deliverables.
954,2026,3,98%,Consistent delivery with focus on key deliverables.
956,2024,2,72%,Needs improvement in deadlines and upskilling.
956,2025,4,72%,Consistent delivery with focus on key deliverables.
956,2026,3,89%,Consistent delivery with focus on key deliverables.
957,2024,3,89%,Consistent delivery with focus on key deliverables.
957,2025,3,96%,Consistent delivery with focus on key deliverables.
957,2026,3,99%,Consistent delivery with focus on key deliverables.
958,2024,4,93%,Consistent delivery with focus on key deliverables.
958,2025,4,90%,Consistent delivery with focus on key deliverables.
958,2026,3,76%,Consistent delivery with focus on key deliverables.
959,2024,3,89%,Consistent delivery with focus on key deliverables.
959,2025,3,91%,Consistent delivery with focus on key deliverables.
959,2026,2,97%,Needs improvement in deadlines and upskilling.
960,2024,3,79%,Consistent delivery with focus on key deliverables.
960,2025,4,85%,Consistent delivery with focus on key deliverables.
960,2026,3,86%,Consistent delivery with focus on key deliverables.
961,2024,3,91%,Consistent delivery with focus on key deliverables.
961,2025,3,97%,Consistent delivery with focus on key deliverables.
961,2026,3,79%,Consistent delivery with focus on key deliverables.
964,2024,2,91%,Needs improvement in deadlines and upskilling.
964,2025,4,84%,Consistent delivery with focus on key deliverables.
964,2026,3,98%,Consistent delivery with focus on key deliverables.
966,2024,3,87%,Consistent delivery with focus on key deliverables.
966,2025,3,71%,Consistent delivery with focus on key deliverables.
966,2026,3,82%,Consistent delivery with focus on key deliverables.
967,2024,3,94%,Consistent delivery with focus on key deliverables.
967,2025,3,98%,Consistent delivery with focus on key deliverables.
967,2026,4,70%,Consistent delivery with focus on key deliverables.
969,2024,2,89%,Needs improvement in deadlines and upskilling.
969,2025,3,87%,Consistent delivery with focus on key deliverables.
969,2026,4,77%,Consistent delivery with focus on key deliverables.
970,2024,2,73%,Needs improvement in deadlines and upskilling.
970,2025,4,88%,Consistent delivery with focus on key deliverables.
970,2026,3,75%,Consistent delivery with focus on key deliverables.
972,2024,4,98%,Consistent delivery with focus on key deliverables.
972,2025,3,91%,Consistent delivery with focus on key deliverables.
972,2026,3,93%,Consistent delivery with focus on key deliverables.
974,2024,4,94%,Consistent delivery with focus on key deliverables.
974,2025,2,79%,Needs improvement in deadlines and upskilling.
974,2026,4,74%,Consistent delivery with focus on key deliverables.
975,2024,3,80%,Consistent delivery with focus on key deliverables.
975,2025,3,72%,Consistent delivery with focus on key deliverables.
975,2026,3,93%,Consistent delivery with focus on key deliverables.
976,2024,3,71%,Consistent delivery with focus on key deliverables.
976,2025,4,78%,Consistent delivery with focus on key deliverables.
976,2026,2,90%,Needs improvement in deadlines and upskilling.
977,2024,3,75%,Consistent delivery with focus on key deliverables.
977,2025,3,80%,Consistent delivery with focus on key deliverables.
977,2026,4,74%,Consistent delivery with focus on key deliverables.
981,2024,3,76%,Consistent delivery with focus on key deliverables.
981,2025,4,73%,Consistent delivery with focus on key deliverables.
981,2026,2,79%,Needs improvement in deadlines and upskilling.
982,2024,3,93%,Consistent delivery with focus on key deliverables.
982,2025,3,70%,Consistent delivery with focus on key deliverables.
982,2026,3,75%,Consistent delivery with focus on key deliverables.
983,2024,3,83%,Consistent delivery with focus on key deliverables.
983,2025,4,98%,Consistent delivery with focus on key deliverables.
983,2026,3,72%,Consistent delivery with focus on key deliverables.
984,2024,4,85%,Consistent delivery with focus on key deliverables.
984,2025,3,77%,Consistent delivery with focus on key deliverables.
984,2026,3,97%,Consistent delivery with focus on key deliverables.
985,2024,4,81%,Consistent delivery with focus on key deliverables.
985,2025,4,79%,Consistent delivery with focus on key deliverables.
985,2026,4,80%,Consistent delivery with focus on key deliverables.
986,2024,3,84%,Consistent delivery with focus on key deliverables.
986,2025,3,98%,Consistent delivery with focus on key deliverables.
986,2026,3,80%,Consistent delivery with focus on key deliverables.
987,2024,3,71%,Consistent delivery with focus on key deliverables.
987,2025,4,91%,Consistent delivery with focus on key deliverables.
987,2026,3,78%,Consistent delivery with focus on key deliverables.
990,2024,3,85%,Consistent delivery with focus on key deliverables.
990,2025,2,82%,Needs improvement in deadlines and upskilling.
990,2026,3,91%,Consistent delivery with focus on key deliverables.
991,2024,5,87%,Consistent delivery with focus on key deliverables.
991,2025,5,90%,Consistent delivery with focus on key deliverables.
991,2026,3,70%,Consistent delivery with focus on key deliverables.
992,2024,4,79%,Consistent delivery with focus on key deliverables.
992,2025,3,99%,Consistent delivery with focus on key deliverables.
992,2026,3,86%,Consistent delivery with focus on key deliverables.
994,2024,3,70%,Consistent delivery with focus on key deliverables.
994,2025,3,84%,Consistent delivery with focus on key deliverables.
994,2026,3,71%,Consistent delivery with focus on key deliverables.
995,2024,3,90%,Consistent delivery with focus on key deliverables.
995,2025,3,89%,Consistent delivery with focus on key deliverables.
995,2026,2,88%,Needs improvement in deadlines and upskilling.
996,2024,3,85%,Consistent delivery with focus on key deliverables.
996,2025,4,78%,Consistent delivery with focus on key deliverables.
996,2026,4,97%,Consistent delivery with focus on key deliverables.
997,2024,3,73%,Consistent delivery with focus on key deliverables.
997,2025,3,93%,Consistent delivery with focus on key deliverables.
997,2026,4,82%,Consistent delivery with focus on key deliverables.
998,2024,3,89%,Consistent delivery with focus on key deliverables.
998,2025,3,97%,Consistent delivery with focus on key deliverables.
998,2026,4,87%,Consistent delivery with focus on key deliverables.
999,2024,2,96%,Needs improvement in deadlines and upskilling.
999,2025,3,93%,Consistent delivery with focus on key deliverables.
999,2026,2,89%,Needs improvement in deadlines and upskilling.
1001,2024,2,72%,Needs improvement in deadlines and upskilling.
1001,2025,3,86%,Consistent delivery with focus on key deliverables.
1001,2026,3,93%,Consistent delivery with focus on key deliverables.
1002,2024,2,77%,Needs improvement in deadlines and upskilling.
1002,2025,2,81%,Needs improvement in deadlines and upskilling.
1002,2026,3,99%,Consistent delivery with focus on key deliverables.
1003,2024,4,82%,Consistent delivery with focus on key deliverables.
1003,2025,3,94%,Consistent delivery with focus on key deliverables.
1003,2026,4,94%,Consistent delivery with focus on key deliverables.
1004,2024,2,81%,Needs improvement in deadlines and upskilling.
1004,2025,3,88%,Consistent delivery with focus on key deliverables.
1004,2026,4,80%,Consistent delivery with focus on key deliverables.
1005,2024,3,86%,Consistent delivery with focus on key deliverables.
1005,2025,4,91%,Consistent delivery with focus on key deliverables.
1005,2026,2,85%,Needs improvement in deadlines and upskilling.
1006,2024,3,89%,Consistent delivery with focus on key deliverables.
1006,2025,4,86%,Consistent delivery with focus on key deliverables.
1006,2026,2,78%,Needs improvement in deadlines and upskilling.
1007,2024,3,93%,Consistent delivery with focus on key deliverables.
1007,2025,4,96%,Consistent delivery with focus on key deliverables.
1007,2026,4,78%,Consistent delivery with focus on key deliverables.
1009,2024,4,76%,Consistent delivery with focus on key deliverables.
1009,2025,3,83%,Consistent delivery with focus on key deliverables.
1009,2026,3,93%,Consistent delivery with focus on key deliverables.
1010,2024,5,87%,Consistent delivery with focus on key deliverables.
1010,2025,5,75%,Consistent delivery with focus on key deliverables.
1010,2026,4,88%,Consistent delivery with focus on key deliverables.
1011,2024,4,70%,Consistent delivery with focus on key deliverables.
1011,2025,2,95%,Needs improvement in deadlines and upskilling.
1011,2026,3,91%,Consistent delivery with focus on key deliverables.
1012,2024,3,87%,Consistent delivery with focus on key deliverables.
1012,2025,3,75%,Consistent delivery with focus on key deliverables.
1012,2026,4,90%,Consistent delivery with focus on key deliverables.
1013,2024,3,75%,Consistent delivery with focus on key deliverables.
1013,2025,2,99%,Needs improvement in deadlines and upskilling.
1013,2026,3,92%,Consistent delivery with focus on key deliverables.
1014,2024,4,99%,Consistent delivery with focus on key deliverables.
1014,2025,3,78%,Consistent delivery with focus on key deliverables.
1014,2026,2,95%,Needs improvement in deadlines and upskilling.
1015,2024,2,80%,Needs improvement in deadlines and upskilling.
1015,2025,3,98%,Consistent delivery with focus on key deliverables.
1015,2026,3,72%,Consistent delivery with focus on key deliverables.
1016,2024,3,75%,Consistent delivery with focus on key deliverables.
1016,2025,3,74%,Consistent delivery with focus on key deliverables.
1016,2026,3,89%,Consistent delivery with focus on key deliverables.
1017,2024,4,77%,Consistent delivery with focus on key deliverables.
1017,2025,3,98%,Consistent delivery with focus on key deliverables.
1017,2026,3,82%,Consistent delivery with focus on key deliverables.
1018,2024,2,74%,Needs improvement in deadlines and upskilling.
1018,2025,4,88%,Consistent delivery with focus on key deliverables.
1018,2026,3,70%,Consistent delivery with focus on key deliverables.
1019,2024,2,73%,Needs improvement in deadlines and upskilling.
1019,2025,4,96%,Consistent delivery with focus on key deliverables.
1019,2026,3,83%,Consistent delivery with focus on key deliverables.
1022,2024,4,80%,Consistent delivery with focus on key deliverables.
1022,2025,2,95%,Needs improvement in deadlines and upskilling.
1022,2026,4,78%,Consistent delivery with focus on key deliverables.
1024,2024,2,95%,Needs improvement in deadlines and upskilling.
1024,2025,2,84%,Needs improvement in deadlines and upskilling.
1024,2026,3,75%,Consistent delivery with focus on key deliverables.
1025,2024,2,95%,Needs improvement in deadlines and upskilling.
1025,2025,4,76%,Consistent delivery with focus on key deliverables.
1025,2026,3,93%,Consistent delivery with focus on key deliverables.
1026,2024,2,79%,Needs improvement in deadlines and upskilling.
1026,2025,4,78%,Consistent delivery with focus on key deliverables.
1026,2026,4,94%,Consistent delivery with focus on key deliverables.
1027,2024,3,91%,Consistent delivery with focus on key deliverables.
1027,2025,3,76%,Consistent delivery with focus on key deliverables.
1027,2026,3,92%,Consistent delivery with focus on key deliverables.
1028,2024,4,73%,Consistent delivery with focus on key deliverables.
1028,2025,3,88%,Consistent delivery with focus on key deliverables.
1028,2026,4,97%,Consistent delivery with focus on key deliverables.
1029,2024,2,96%,Needs improvement in deadlines and upskilling.
1029,2025,3,91%,Consistent delivery with focus on key deliverables.
1029,2026,3,75%,Consistent delivery with focus on key deliverables.
1030,2024,3,76%,Consistent delivery with focus on key deliverables.
1030,2025,3,70%,Consistent delivery with focus on key deliverables.
1030,2026,4,83%,Consistent delivery with focus on key deliverables.
1032,2024,2,94%,Needs improvement in deadlines and upskilling.
1032,2025,3,97%,Consistent delivery with focus on key deliverables.
1032,2026,3,96%,Consistent delivery with focus on key deliverables.
1033,2024,2,96%,Needs improvement in deadlines and upskilling.
1033,2025,4,71%,Consistent delivery with focus on key deliverables.
1033,2026,4,90%,Consistent delivery with focus on key deliverables.
1034,2024,3,92%,Consistent delivery with focus on key deliverables.
1034,2025,3,85%,Consistent delivery with focus on key deliverables.
1034,2026,4,71%,Consistent delivery with focus on key deliverables.
1035,2024,4,74%,Consistent delivery with focus on key deliverables.
1035,2025,3,71%,Consistent delivery with focus on key deliverables.
1035,2026,4,83%,Consistent delivery with focus on key deliverables.
1036,2024,4,76%,Consistent delivery with focus on key deliverables.
1036,2025,3,87%,Consistent delivery with focus on key deliverables.
1036,2026,2,81%,Needs improvement in deadlines and upskilling.
1037,2024,3,81%,Consistent delivery with focus on key deliverables.
1037,2025,3,93%,Consistent delivery with focus on key deliverables.
1037,2026,2,70%,Needs improvement in deadlines and upskilling.
1038,2024,2,70%,Needs improvement in deadlines and upskilling.
1038,2025,3,96%,Consistent delivery with focus on key deliverables.
1038,2026,4,91%,Consistent delivery with focus on key deliverables.
1039,2024,3,91%,Consistent delivery with focus on key deliverables.
1039,2025,4,83%,Consistent delivery with focus on key deliverables.
1039,2026,2,94%,Needs improvement in deadlines and upskilling.
1040,2024,3,93%,Consistent delivery with focus on key deliverables.
1040,2025,3,96%,Consistent delivery with focus on key deliverables.
1040,2026,3,97%,Consistent delivery with focus on key deliverables.
1042,2024,2,98%,Needs improvement in deadlines and upskilling.
1042,2025,3,99%,Consistent delivery with focus on key deliverables.
1042,2026,2,90%,Needs improvement in deadlines and upskilling.
1043,2024,4,98%,Consistent delivery with focus on key deliverables.
1043,2025,2,96%,Needs improvement in deadlines and upskilling.
1043,2026,4,73%,Consistent delivery with focus on key deliverables.
1044,2024,3,98%,Consistent delivery with focus on key deliverables.
1044,2025,3,84%,Consistent delivery with focus on key deliverables.
1044,2026,2,85%,Needs improvement in deadlines and upskilling.
1045,2024,3,77%,Consistent delivery with focus on key deliverables.
1045,2025,3,84%,Consistent delivery with focus on key deliverables.
1045,2026,3,80%,Consistent delivery with focus on key deliverables.
1046,2024,2,70%,Needs improvement in deadlines and upskilling.
1046,2025,2,97%,Needs improvement in deadlines and upskilling.
1046,2026,3,81%,Consistent delivery with focus on key deliverables.
1047,2024,3,80%,Consistent delivery with focus on key deliverables.
1047,2025,2,83%,Needs improvement in deadlines and upskilling.
1047,2026,3,84%,Consistent delivery with focus on key deliverables.
1048,2024,2,92%,Needs improvement in deadlines and upskilling.
1048,2025,2,87%,Needs improvement in deadlines and upskilling.
1048,2026,3,83%,Consistent delivery with focus on key deliverables.
1049,2024,2,97%,Needs improvement in deadlines and upskilling.
1049,2025,4,79%,Consistent delivery with focus on key deliverables.
1049,2026,3,91%,Consistent delivery with focus on key deliverables.
1050,2024,3,74%,Consistent delivery with focus on key deliverables.
1050,2025,3,91%,Consistent delivery with focus on key deliverables.
1050,2026,3,81%,Consistent delivery with focus on key deliverables.
1052,2024,3,98%,Consistent delivery with focus on key deliverables.
1052,2025,4,98%,Consistent delivery with focus on key deliverables.
1052,2026,4,76%,Consistent delivery with focus on key deliverables.
1053,2024,4,70%,Consistent delivery with focus on key deliverables.
1053,2025,2,83%,Needs improvement in deadlines and upskilling.
1053,2026,3,81%,Consistent delivery with focus on key deliverables.
1055,2024,3,75%,Consistent delivery with focus on key deliverables.
1055,2025,3,81%,Consistent delivery with focus on key deliverables.
1055,2026,2,81%,Needs improvement in deadlines and upskilling.
1056,2024,4,77%,Consistent delivery with focus on key deliverables.
1056,2025,4,89%,Consistent delivery with focus on key deliverables.
1056,2026,5,88%,Consistent delivery with focus on key deliverables.
1060,2024,3,83%,Consistent delivery with focus on key deliverables.
1060,2025,4,70%,Consistent delivery with focus on key deliverables.
1060,2026,3,77%,Consistent delivery with focus on key deliverables.
1061,2024,2,98%,Needs improvement in deadlines and upskilling.
1061,2025,4,77%,Consistent delivery with focus on key deliverables.
1061,2026,4,90%,Consistent delivery with focus on key deliverables.
1062,2024,4,76%,Consistent delivery with focus on key deliverables.
1062,2025,2,88%,Needs improvement in deadlines and upskilling.
1062,2026,3,73%,Consistent delivery with focus on key deliverables.
1066,2024,3,97%,Consistent delivery with focus on key deliverables.
1066,2025,2,92%,Needs improvement in deadlines and upskilling.
1066,2026,4,75%,Consistent delivery with focus on key deliverables.
1068,2024,4,87%,Consistent delivery with focus on key deliverables.
1068,2025,4,87%,Consistent delivery with focus on key deliverables.
1068,2026,3,79%,Consistent delivery with focus on key deliverables.
1069,2024,3,72%,Consistent delivery with focus on key deliverables.
1069,2025,4,88%,Consistent delivery with focus on key deliverables.
1069,2026,2,99%,Needs improvement in deadlines and upskilling.
1070,2024,4,79%,Consistent delivery with focus on key deliverables.
1070,2025,3,70%,Consistent delivery with focus on key deliverables.
1070,2026,3,77%,Consistent delivery with focus on key deliverables.
1071,2024,4,84%,Consistent delivery with focus on key deliverables.
1071,2025,3,77%,Consistent delivery with focus on key deliverables.
1071,2026,3,75%,Consistent delivery with focus on key deliverables.
1073,2024,2,88%,Needs improvement in deadlines and upskilling.
1073,2025,3,71%,Consistent delivery with focus on key deliverables.
1073,2026,3,77%,Consistent delivery with focus on key deliverables.
1074,2024,3,82%,Consistent delivery with focus on key deliverables.
1074,2025,3,91%,Consistent delivery with focus on key deliverables.
1074,2026,2,89%,Needs improvement in deadlines and upskilling.
1076,2024,2,78%,Needs improvement in deadlines and upskilling.
1076,2025,3,79%,Consistent delivery with focus on key deliverables.
1076,2026,4,71%,Consistent delivery with focus on key deliverables.
1077,2024,4,98%,Consistent delivery with focus on key deliverables.
1077,2025,3,74%,Consistent delivery with focus on key deliverables.
1077,2026,3,76%,Consistent delivery with focus on key deliverables.
1079,2024,3,99%,Consistent delivery with focus on key deliverables.
1079,2025,4,84%,Consistent delivery with focus on key deliverables.
1079,2026,4,89%,Consistent delivery with focus on key deliverables.
1080,2024,5,96%,Consistent delivery with focus on key deliverables.
1080,2025,3,72%,Consistent delivery with focus on key deliverables.
1080,2026,3,96%,Consistent delivery with focus on key deliverables.
1081,2024,2,78%,Needs improvement in deadlines and upskilling.
1081,2025,3,85%,Consistent delivery with focus on key deliverables.
1081,2026,2,83%,Needs improvement in deadlines and upskilling.
1082,2024,3,76%,Consistent delivery with focus on key deliverables.
1082,2025,3,84%,Consistent delivery with focus on key deliverables.
1082,2026,3,77%,Consistent delivery with focus on key deliverables.
1083,2024,3,80%,Consistent delivery with focus on key deliverables.
1083,2025,4,98%,Consistent delivery with focus on key deliverables.
1083,2026,3,95%,Consistent delivery with focus on key deliverables.
1084,2024,3,84%,Consistent delivery with focus on key deliverables.
1084,2025,3,98%,Consistent delivery with focus on key deliverables.
1084,2026,2,72%,Needs improvement in deadlines and upskilling.
1085,2024,3,94%,Consistent delivery with focus on key deliverables.
1085,2025,2,92%,Needs improvement in deadlines and upskilling.
1085,2026,3,80%,Consistent delivery with focus on key deliverables.
1088,2024,4,80%,Consistent delivery with focus on key deliverables.
1088,2025,3,96%,Consistent delivery with focus on key deliverables.
1088,2026,3,96%,Consistent delivery with focus on key deliverables.
1092,2024,4,72%,Consistent delivery with focus on key deliverables.
1092,2025,3,96%,Consistent delivery with focus on key deliverables.
1092,2026,4,77%,Consistent delivery with focus on key deliverables.
1094,2024,2,80%,Needs improvement in deadlines and upskilling.
1094,2025,3,82%,Consistent delivery with focus on key deliverables.
1094,2026,3,75%,Consistent delivery with focus on key deliverables.
1096,2024,3,93%,Consistent delivery with focus on key deliverables.
1096,2025,3,88%,Consistent delivery with focus on key deliverables.
1096,2026,4,98%,Consistent delivery with focus on key deliverables.
1097,2024,3,80%,Consistent delivery with focus on key deliverables.
1097,2025,3,90%,Consistent delivery with focus on key deliverables.
1097,2026,2,99%,Needs improvement in deadlines and upskilling.
1098,2024,3,95%,Consistent delivery with focus on key deliverables.
1098,2025,3,79%,Consistent delivery with focus on key deliverables.
1098,2026,3,82%,Consistent delivery with focus on key deliverables.
1099,2024,4,96%,Consistent delivery with focus on key deliverables.
1099,2025,3,96%,Consistent delivery with focus on key deliverables.
1099,2026,2,99%,Needs improvement in deadlines and upskilling.
1100,2024,5,83%,Consistent delivery with focus on key deliverables.
1100,2025,4,83%,Consistent delivery with focus on key deliverables.
1100,2026,4,81%,Consistent delivery with focus on key deliverables.
1101,2024,3,73%,Consistent delivery with focus on key deliverables.
1101,2025,5,88%,Consistent delivery with focus on key deliverables.
1101,2026,4,85%,Consistent delivery with focus on key deliverables.
1102,2024,2,96%,Needs improvement in deadlines and upskilling.
1102,2025,4,70%,Consistent delivery with focus on key deliverables.
1102,2026,2,82%,Needs improvement in deadlines and upskilling.
1103,2024,2,72%,Needs improvement in deadlines and upskilling.
1103,2025,2,88%,Needs improvement in deadlines and upskilling.
1103,2026,2,74%,Needs improvement in deadlines and upskilling.
1105,2024,3,79%,Consistent delivery with focus on key deliverables.
1105,2025,4,93%,Consistent delivery with focus on key deliverables.
1105,2026,3,70%,Consistent delivery with focus on key deliverables.
1106,2024,3,90%,Consistent delivery with focus on key deliverables.
1106,2025,3,73%,Consistent delivery with focus on key deliverables.
1106,2026,3,93%,Consistent delivery with focus on key deliverables.
1107,2024,5,72%,Consistent delivery with focus on key deliverables.
1107,2025,4,72%,Consistent delivery with focus on key deliverables.
1107,2026,4,91%,Consistent delivery with focus on key deliverables.
1108,2024,4,97%,Consistent delivery with focus on key deliverables.
1108,2025,3,90%,Consistent delivery with focus on key deliverables.
1108,2026,5,96%,Consistent delivery with focus on key deliverables.
1109,2024,2,88%,Needs improvement in deadlines and upskilling.
1109,2025,3,71%,Consistent delivery with focus on key deliverables.
1109,2026,4,96%,Consistent delivery with focus on key deliverables.
1111,2024,4,86%,Consistent delivery with focus on key deliverables.
1111,2025,2,90%,Needs improvement in deadlines and upskilling.
1111,2026,3,81%,Consistent delivery with focus on key deliverables.
1113,2024,4,94%,Consistent delivery with focus on key deliverables.
1113,2025,4,75%,Consistent delivery with focus on key deliverables.
1113,2026,3,79%,Consistent delivery with focus on key deliverables.
1114,2024,3,91%,Consistent delivery with focus on key deliverables.
1114,2025,3,75%,Consistent delivery with focus on key deliverables.
1114,2026,3,71%,Consistent delivery with focus on key deliverables.
1115,2024,3,84%,Consistent delivery with focus on key deliverables.
1115,2025,3,95%,Consistent delivery with focus on key deliverables.
1115,2026,4,91%,Consistent delivery with focus on key deliverables.
1116,2024,3,99%,Consistent delivery with focus on key deliverables.
1116,2025,4,79%,Consistent delivery with focus on key deliverables.
1116,2026,3,87%,Consistent delivery with focus on key deliverables.
1117,2024,3,72%,Consistent delivery with focus on key deliverables.
1117,2025,3,81%,Consistent delivery with focus on key deliverables.
1117,2026,3,91%,Consistent delivery with focus on key deliverables.
1118,2024,2,82%,Needs improvement in deadlines and upskilling.
1118,2025,3,77%,Consistent delivery with focus on key deliverables.
1118,2026,3,72%,Consistent delivery with focus on key deliverables.
1119,2024,4,87%,Consistent delivery with focus on key deliverables.
1119,2025,4,86%,Consistent delivery with focus on key deliverables.
1119,2026,3,79%,Consistent delivery with focus on key deliverables.
1120,2024,3,85%,Consistent delivery with focus on key deliverables.
1120,2025,3,93%,Consistent delivery with focus on key deliverables.
1120,2026,4,89%,Consistent delivery with focus on key deliverables.
1121,2024,4,80%,Consistent delivery with focus on key deliverables.
1121,2025,3,76%,Consistent delivery with focus on key deliverables.
1121,2026,2,94%,Needs improvement in deadlines and upskilling.
1124,2024,3,75%,Consistent delivery with focus on key deliverables.
1124,2025,3,99%,Consistent delivery with focus on key deliverables.
1124,2026,2,73%,Needs improvement in deadlines and upskilling.
1125,2024,2,96%,Needs improvement in deadlines and upskilling.
1125,2025,4,99%,Consistent delivery with focus on key deliverables.
1125,2026,2,70%,Needs improvement in deadlines and upskilling.
1126,2024,3,95%,Consistent delivery with focus on key deliverables.
1126,2025,2,90%,Needs improvement in deadlines and upskilling.
1126,2026,4,86%,Consistent delivery with focus on key deliverables.
1127,2024,4,74%,Consistent delivery with focus on key deliverables.
1127,2025,3,92%,Consistent delivery with focus on key deliverables.
1127,2026,3,76%,Consistent delivery with focus on key deliverables.
1128,2024,2,99%,Needs improvement in deadlines and upskilling.
1128,2025,4,76%,Consistent delivery with focus on key deliverables.
1128,2026,3,86%,Consistent delivery with focus on key deliverables.
1131,2024,3,96%,Consistent delivery with focus on key deliverables.
1131,2025,3,74%,Consistent delivery with focus on key deliverables.
1131,2026,3,74%,Consistent delivery with focus on key deliverables.
1132,2024,4,76%,Consistent delivery with focus on key deliverables.
1132,2025,3,91%,Consistent delivery with focus on key deliverables.
1132,2026,3,83%,Consistent delivery with focus on key deliverables.
1133,2024,4,84%,Consistent delivery with focus on key deliverables.
1133,2025,3,74%,Consistent delivery with focus on key deliverables.
1133,2026,5,99%,Consistent delivery with focus on key deliverables.
1135,2024,4,90%,Consistent delivery with focus on key deliverables.
1135,2025,3,78%,Consistent delivery with focus on key deliverables.
1135,2026,3,96%,Consistent delivery with focus on key deliverables.
1136,2024,4,85%,Consistent delivery with focus on key deliverables.
1136,2025,3,77%,Consistent delivery with focus on key deliverables.
1136,2026,2,81%,Needs improvement in deadlines and upskilling.
1137,2024,3,89%,Consistent delivery with focus on key deliverables.
1137,2025,4,98%,Consistent delivery with focus on key deliverables.
1137,2026,3,90%,Consistent delivery with focus on key deliverables.
1138,2024,4,97%,Consistent delivery with focus on key deliverables.
1138,2025,3,72%,Consistent delivery with focus on key deliverables.
1138,2026,2,76%,Needs improvement in deadlines and upskilling.
1140,2024,2,71%,Needs improvement in deadlines and upskilling.
1140,2025,4,76%,Consistent delivery with focus on key deliverables.
1140,2026,3,71%,Consistent delivery with focus on key deliverables.
1143,2024,2,98%,Needs improvement in deadlines and upskilling.
1143,2025,3,82%,Consistent delivery with focus on key deliverables.
1143,2026,3,99%,Consistent delivery with focus on key deliverables.
1148,2024,4,95%,Consistent delivery with focus on key deliverables.
1148,2025,3,97%,Consistent delivery with focus on key deliverables.
1148,2026,2,89%,Needs improvement in deadlines and upskilling.
1150,2024,3,72%,Consistent delivery with focus on key deliverables.
1150,2025,2,94%,Needs improvement in deadlines and upskilling.
1150,2026,3,92%,Consistent delivery with focus on key deliverables.
1152,2024,3,83%,Consistent delivery with focus on key deliverables.
1152,2025,3,87%,Consistent delivery with focus on key deliverables.
1152,2026,3,88%,Consistent delivery with focus on key deliverables.
1154,2024,3,79%,Consistent delivery with focus on key deliverables.
1154,2025,4,86%,Consistent delivery with focus on key deliverables.
1154,2026,2,88%,Needs improvement in deadlines and upskilling.
1156,2024,4,96%,Consistent delivery with focus on key deliverables.
1156,2025,4,80%,Consistent delivery with focus on key deliverables.
1156,2026,2,93%,Needs improvement in deadlines and upskilling.
1157,2024,3,91%,Consistent delivery with focus on key deliverables.
1157,2025,2,81%,Needs improvement in deadlines and upskilling.
1157,2026,3,79%,Consistent delivery with focus on key deliverables.
1158,2024,3,86%,Consistent delivery with focus on key deliverables.
1158,2025,3,95%,Consistent delivery with focus on key deliverables.
1158,2026,3,88%,Consistent delivery with focus on key deliverables.
1160,2024,3,73%,Consistent delivery with focus on key deliverables.
1160,2025,3,96%,Consistent delivery with focus on key deliverables.
1160,2026,2,90%,Needs improvement in deadlines and upskilling.
1161,2024,4,75%,Consistent delivery with focus on key deliverables.
1161,2025,3,76%,Consistent delivery with focus on key deliverables.
1161,2026,4,71%,Consistent delivery with focus on key deliverables.
1162,2024,3,93%,Consistent delivery with focus on key deliverables.
1162,2025,2,82%,Needs improvement in deadlines and upskilling.
1162,2026,2,74%,Needs improvement in deadlines and upskilling.
1163,2024,5,76%,Consistent delivery with focus on key deliverables.
1163,2025,3,81%,Consistent delivery with focus on key deliverables.
1163,2026,3,83%,Consistent delivery with focus on key deliverables.
1164,2024,2,93%,Needs improvement in deadlines and upskilling.
1164,2025,3,95%,Consistent delivery with focus on key deliverables.
1164,2026,2,78%,Needs improvement in deadlines and upskilling.
1165,2024,3,76%,Consistent delivery with focus on key deliverables.
1165,2025,4,97%,Consistent delivery with focus on key deliverables.
1165,2026,4,81%,Consistent delivery with focus on key deliverables.
1166,2024,4,95%,Consistent delivery with focus on key deliverables.
1166,2025,4,88%,Consistent delivery with focus on key deliverables.
1166,2026,2,82%,Needs improvement in deadlines and upskilling.
1167,2024,2,98%,Needs improvement in deadlines and upskilling.
1167,2025,3,96%,Consistent delivery with focus on key deliverables.
1167,2026,3,72%,Consistent delivery with focus on key deliverables.
1171,2024,3,76%,Consistent delivery with focus on key deliverables.
1171,2025,2,72%,Needs improvement in deadlines and upskilling.
1171,2026,2,96%,Needs improvement in deadlines and upskilling.
1172,2024,3,73%,Consistent delivery with focus on key deliverables.
1172,2025,3,91%,Consistent delivery with focus on key deliverables.
1172,2026,4,75%,Consistent delivery with focus on key deliverables.
1173,2024,5,78%,Consistent delivery with focus on key deliverables.
1173,2025,4,91%,Consistent delivery with focus on key deliverables.
1173,2026,4,78%,Consistent delivery with focus on key deliverables.
1175,2024,2,80%,Needs improvement in deadlines and upskilling.
1175,2025,3,79%,Consistent delivery with focus on key deliverables.
1175,2026,3,91%,Consistent delivery with focus on key deliverables.
1177,2024,4,73%,Consistent delivery with focus on key deliverables.
1177,2025,4,74%,Consistent delivery with focus on key deliverables.
1177,2026,4,84%,Consistent delivery with focus on key deliverables.
1179,2024,3,75%,Consistent delivery with focus on key deliverables.
1179,2025,3,84%,Consistent delivery with focus on key deliverables.
1179,2026,3,77%,Consistent delivery with focus on key deliverables.
1180,2024,4,81%,Consistent delivery with focus on key deliverables.
1180,2025,4,90%,Consistent delivery with focus on key deliverables.
1180,2026,3,80%,Consistent delivery with focus on key deliverables.
1182,2024,3,91%,Consistent delivery with focus on key deliverables.
1182,2025,3,94%,Consistent delivery with focus on key deliverables.
1182,2026,4,95%,Consistent delivery with focus on key deliverables.
1184,2024,4,70%,Consistent delivery with focus on key deliverables.
1184,2025,4,78%,Consistent delivery with focus on key deliverables.
1184,2026,4,89%,Consistent delivery with focus on key deliverables.
1185,2024,3,77%,Consistent delivery with focus on key deliverables.
1185,2025,4,76%,Consistent delivery with focus on key deliverables.
1185,2026,4,87%,Consistent delivery with focus on key deliverables.
1188,2024,2,78%,Needs improvement in deadlines and upskilling.
1188,2025,3,83%,Consistent delivery with focus on key deliverables.
1188,2026,3,70%,Consistent delivery with focus on key deliverables.
1190,2024,2,89%,Needs improvement in deadlines and upskilling.
1190,2025,3,74%,Consistent delivery with focus on key deliverables.
1190,2026,2,83%,Needs improvement in deadlines and upskilling.
1191,2024,3,83%,Consistent delivery with focus on key deliverables.
1191,2025,2,80%,Needs improvement in deadlines and upskilling.
1191,2026,4,88%,Consistent delivery with focus on key deliverables.
1192,2024,2,73%,Needs improvement in deadlines and upskilling.
1192,2025,3,90%,Consistent delivery with focus on key deliverables.
1192,2026,3,74%,Consistent delivery with focus on key deliverables.
1193,2024,4,84%,Consistent delivery with focus on key deliverables.
1193,2025,4,83%,Consistent delivery with focus on key deliverables.
1193,2026,5,93%,Consistent delivery with focus on key deliverables.
1195,2024,3,74%,Consistent delivery with focus on key deliverables.
1195,2025,4,89%,Consistent delivery with focus on key deliverables.
1195,2026,3,99%,Consistent delivery with focus on key deliverables.
1196,2024,2,93%,Needs improvement in deadlines and upskilling.
1196,2025,4,90%,Consistent delivery with focus on key deliverables.
1196,2026,4,76%,Consistent delivery with focus on key deliverables.
1198,2024,3,98%,Consistent delivery with focus on key deliverables.
1198,2025,3,94%,Consistent delivery with focus on key deliverables.
1198,2026,3,73%,Consistent delivery with focus on key deliverables.
1200,2024,4,91%,Consistent delivery with focus on key deliverables.
1200,2025,3,72%,Consistent delivery with focus on key deliverables.
1200,2026,3,70%,Consistent delivery with focus on key deliverables.
1201,2024,3,93%,Consistent delivery with focus on key deliverables.
1201,2025,4,85%,Consistent delivery with focus on key deliverables.
1201,2026,3,76%,Consistent delivery with focus on key deliverables.
1202,2024,3,78%,Consistent delivery with focus on key deliverables.
1202,2025,3,87%,Consistent delivery with focus on key deliverables.
1202,2026,4,90%,Consistent delivery with focus on key deliverables.
1203,2024,2,90%,Needs improvement in deadlines and upskilling.
1203,2025,4,95%,Consistent delivery with focus on key deliverables.
1203,2026,4,85%,Consistent delivery with focus on key deliverables.
1204,2024,5,75%,Consistent delivery with focus on key deliverables.
1204,2025,5,90%,Consistent delivery with focus on key deliverables.
1204,2026,3,90%,Consistent delivery with focus on key deliverables.
1206,2024,2,93%,Needs improvement in deadlines and upskilling.
1206,2025,4,81%,Consistent delivery with focus on key deliverables.
1206,2026,2,87%,Needs improvement in deadlines and upskilling.
1207,2024,3,88%,Consistent delivery with focus on key deliverables.
1207,2025,3,75%,Consistent delivery with focus on key deliverables.
1207,2026,4,76%,Consistent delivery with focus on key deliverables.
1210,2024,3,97%,Consistent delivery with focus on key deliverables.
1210,2025,3,97%,Consistent delivery with focus on key deliverables.
1210,2026,3,85%,Consistent delivery with focus on key deliverables.
1211,2024,2,91%,Needs improvement in deadlines and upskilling.
1211,2025,3,85%,Consistent delivery with focus on key deliverables.
1211,2026,2,85%,Needs improvement in deadlines and upskilling.
1212,2024,3,88%,Consistent delivery with focus on key deliverables.
1212,2025,3,72%,Consistent delivery with focus on key deliverables.
1212,2026,3,94%,Consistent delivery with focus on key deliverables.
1215,2024,5,85%,Consistent delivery with focus on key deliverables.
1215,2025,4,89%,Consistent delivery with focus on key deliverables.
1215,2026,3,88%,Consistent delivery with focus on key deliverables.
1216,2024,3,82%,Consistent delivery with focus on key deliverables.
1216,2025,3,81%,Consistent delivery with focus on key deliverables.
1216,2026,2,84%,Needs improvement in deadlines and upskilling.
1217,2024,4,73%,Consistent delivery with focus on key deliverables.
1217,2025,3,86%,Consistent delivery with focus on key deliverables.
1217,2026,3,80%,Consistent delivery with focus on key deliverables.
1218,2024,3,92%,Consistent delivery with focus on key deliverables.
1218,2025,3,89%,Consistent delivery with focus on key deliverables.
1218,2026,3,90%,Consistent delivery with focus on key deliverables.
1219,2024,3,76%,Consistent delivery with focus on key deliverables.
1219,2025,2,91%,Needs improvement in deadlines and upskilling.
1219,2026,2,89%,Needs improvement in deadlines and upskilling.
1220,2024,4,71%,Consistent delivery with focus on key deliverables.
1220,2025,3,87%,Consistent delivery with focus on key deliverables.
1220,2026,4,89%,Consistent delivery with focus on key deliverables.
1221,2024,2,89%,Needs improvement in deadlines and upskilling.
1221,2025,3,88%,Consistent delivery with focus on key deliverables.
1221,2026,3,71%,Consistent delivery with focus on key deliverables.
1224,2024,4,99%,Consistent delivery with focus on key deliverables.
1224,2025,4,96%,Consistent delivery with focus on key deliverables.
1224,2026,2,85%,Needs improvement in deadlines and upskilling.
1225,2024,3,84%,Consistent delivery with focus on key deliverables.
1225,2025,3,70%,Consistent delivery with focus on key deliverables.
1225,2026,4,74%,Consistent delivery with focus on key deliverables.
1226,2024,3,89%,Consistent delivery with focus on key deliverables.
1226,2025,2,81%,Needs improvement in deadlines and upskilling.
1226,2026,3,92%,Consistent delivery with focus on key deliverables.
1228,2024,3,73%,Consistent delivery with focus on key deliverables.
1228,2025,3,99%,Consistent delivery with focus on key deliverables.
1228,2026,4,92%,Consistent delivery with focus on key deliverables.
1231,2024,3,95%,Consistent delivery with focus on key deliverables.
1231,2025,2,80%,Needs improvement in deadlines and upskilling.
1231,2026,4,82%,Consistent delivery with focus on key deliverables.
1233,2024,4,98%,Consistent delivery with focus on key deliverables.
1233,2025,3,78%,Consistent delivery with focus on key deliverables.
1233,2026,2,86%,Needs improvement in deadlines and upskilling.
1234,2024,4,74%,Consistent delivery with focus on key deliverables.
1234,2025,4,77%,Consistent delivery with focus on key deliverables.
1234,2026,4,75%,Consistent delivery with focus on key deliverables.
1235,2024,3,77%,Consistent delivery with focus on key deliverables.
1235,2025,4,96%,Consistent delivery with focus on key deliverables.
1235,2026,3,73%,Consistent delivery with focus on key deliverables.
1237,2024,4,97%,Consistent delivery with focus on key deliverables.
1237,2025,3,79%,Consistent delivery with focus on key deliverables.
1237,2026,4,82%,Consistent delivery with focus on key deliverables.
1238,2024,4,84%,Consistent delivery with focus on key deliverables.
1238,2025,3,88%,Consistent delivery with focus on key deliverables.
1238,2026,3,82%,Consistent delivery with focus on key deliverables.
1239,2024,4,89%,Consistent delivery with focus on key deliverables.
1239,2025,2,94%,Needs improvement in deadlines and upskilling.
1239,2026,4,95%,Consistent delivery with focus on key deliverables.
1240,2024,4,92%,Consistent delivery with focus on key deliverables.
1240,2025,3,72%,Consistent delivery with focus on key deliverables.
1240,2026,4,85%,Consistent delivery with focus on key deliverables.
1241,2024,4,92%,Consistent delivery with focus on key deliverables.
1241,2025,4,99%,Consistent delivery with focus on key deliverables.
1241,2026,4,79%,Consistent delivery with focus on key deliverables.
1242,2024,2,91%,Needs improvement in deadlines and upskilling.
1242,2025,4,84%,Consistent delivery with focus on key deliverables.
1242,2026,4,70%,Consistent delivery with focus on key deliverables.
1243,2024,2,91%,Needs improvement in deadlines and upskilling.
1243,2025,4,99%,Consistent delivery with focus on key deliverables.
1243,2026,3,93%,Consistent delivery with focus on key deliverables.
1244,2024,2,90%,Needs improvement in deadlines and upskilling.
1244,2025,2,92%,Needs improvement in deadlines and upskilling.
1244,2026,3,79%,Consistent delivery with focus on key deliverables.
1245,2024,3,92%,Consistent delivery with focus on key deliverables.
1245,2025,4,79%,Consistent delivery with focus on key deliverables.
1245,2026,3,93%,Consistent delivery with focus on key deliverables.
1246,2024,2,85%,Needs improvement in deadlines and upskilling.
1246,2025,2,99%,Needs improvement in deadlines and upskilling.
1246,2026,3,96%,Consistent delivery with focus on key deliverables.
1248,2024,4,73%,Consistent delivery with focus on key deliverables.
1248,2025,4,79%,Consistent delivery with focus on key deliverables.
1248,2026,4,94%,Consistent delivery with focus on key deliverables.
1249,2024,3,94%,Consistent delivery with focus on key deliverables.
1249,2025,3,72%,Consistent delivery with focus on key deliverables.
1249,2026,2,83%,Needs improvement in deadlines and upskilling.
1250,2024,2,88%,Needs improvement in deadlines and upskilling.
1250,2025,2,98%,Needs improvement in deadlines and upskilling.
1250,2026,3,84%,Consistent delivery with focus on key deliverables.
1251,2024,4,77%,Consistent delivery with focus on key deliverables.
1251,2025,2,75%,Needs improvement in deadlines and upskilling.
1251,2026,3,83%,Consistent delivery with focus on key deliverables.
1252,2024,3,99%,Consistent delivery with focus on key deliverables.
1252,2025,4,81%,Consistent delivery with focus on key deliverables.
1252,2026,4,87%,Consistent delivery with focus on key deliverables.
1254,2024,3,70%,Consistent delivery with focus on key deliverables.
1254,2025,4,86%,Consistent delivery with focus on key deliverables.
1254,2026,3,88%,Consistent delivery with focus on key deliverables.
1255,2024,4,97%,Consistent delivery with focus on key deliverables.
1255,2025,4,75%,Consistent delivery with focus on key deliverables.
1255,2026,4,77%,Consistent delivery with focus on key deliverables.
1256,2024,2,84%,Needs improvement in deadlines and upskilling.
1256,2025,4,70%,Consistent delivery with focus on key deliverables.
1256,2026,3,74%,Consistent delivery with focus on key deliverables.
1257,2024,4,90%,Consistent delivery with focus on key deliverables.
1257,2025,2,75%,Needs improvement in deadlines and upskilling.
1257,2026,2,79%,Needs improvement in deadlines and upskilling.
1258,2024,3,74%,Consistent delivery with focus on key deliverables.
1258,2025,4,96%,Consistent delivery with focus on key deliverables.
1258,2026,2,74%,Needs improvement in deadlines and upskilling.
1259,2024,2,76%,Needs improvement in deadlines and upskilling.
1259,2025,3,84%,Consistent delivery with focus on key deliverables.
1259,2026,3,98%,Consistent delivery with focus on key deliverables.
1260,2024,3,93%,Consistent delivery with focus on key deliverables.
1260,2025,3,92%,Consistent delivery with focus on key deliverables.
1260,2026,3,78%,Consistent delivery with focus on key deliverables.
1263,2024,4,77%,Consistent delivery with focus on key deliverables.
1263,2025,3,95%,Consistent delivery with focus on key deliverables.
1263,2026,3,89%,Consistent delivery with focus on key deliverables.
1264,2024,4,86%,Consistent delivery with focus on key deliverables.
1264,2025,3,71%,Consistent delivery with focus on key deliverables.
1264,2026,3,78%,Consistent delivery with focus on key deliverables.
1265,2024,3,70%,Consistent delivery with focus on key deliverables.
1265,2025,2,80%,Needs improvement in deadlines and upskilling.
1265,2026,2,95%,Needs improvement in deadlines and upskilling.
1267,2024,3,75%,Consistent delivery with focus on key deliverables.
1267,2025,2,70%,Needs improvement in deadlines and upskilling.
1267,2026,4,88%,Consistent delivery with focus on key deliverables.
1268,2024,4,95%,Consistent delivery with focus on key deliverables.
1268,2025,3,98%,Consistent delivery with focus on key deliverables.
1268,2026,3,78%,Consistent delivery with focus on key deliverables.
1269,2024,4,90%,Consistent delivery with focus on key deliverables.
1269,2025,3,71%,Consistent delivery with focus on key deliverables.
1269,2026,4,91%,Consistent delivery with focus on key deliverables.
1270,2024,5,96%,Consistent delivery with focus on key deliverables.
1270,2025,5,77%,Consistent delivery with focus on key deliverables.
1270,2026,5,83%,Consistent delivery with focus on key deliverables.
1273,2024,3,70%,Consistent delivery with focus on key deliverables.
1273,2025,3,71%,Consistent delivery with focus on key deliverables.
1273,2026,3,96%,Consistent delivery with focus on key deliverables.
1275,2024,5,97%,Consistent delivery with focus on key deliverables.
1275,2025,4,73%,Consistent delivery with focus on key deliverables.
1275,2026,4,98%,Consistent delivery with focus on key deliverables.
1277,2024,3,74%,Consistent delivery with focus on key deliverables.
1277,2025,2,96%,Needs improvement in deadlines and upskilling.
1277,2026,4,82%,Consistent delivery with focus on key deliverables.
1278,2024,3,78%,Consistent delivery with focus on key deliverables.
1278,2025,2,96%,Needs improvement in deadlines and upskilling.
1278,2026,4,87%,Consistent delivery with focus on key deliverables.
1279,2024,4,75%,Consistent delivery with focus on key deliverables.
1279,2025,4,92%,Consistent delivery with focus on key deliverables.
1279,2026,4,95%,Consistent delivery with focus on key deliverables.
1280,2024,4,88%,Consistent delivery with focus on key deliverables.
1280,2025,3,93%,Consistent delivery with focus on key deliverables.
1280,2026,3,84%,Consistent delivery with focus on key deliverables.
1281,2024,3,89%,Consistent delivery with focus on key deliverables.
1281,2025,2,75%,Needs improvement in deadlines and upskilling.
1281,2026,4,78%,Consistent delivery with focus on key deliverables.
1282,2024,4,87%,Consistent delivery with focus on key deliverables.
1282,2025,3,85%,Consistent delivery with focus on key deliverables.
1282,2026,4,88%,Consistent delivery with focus on key deliverables.
1283,2024,2,89%,Needs improvement in deadlines and upskilling.
1283,2025,3,92%,Consistent delivery with focus on key deliverables.
1283,2026,3,97%,Consistent delivery with focus on key deliverables.
1285,2024,3,98%,Consistent delivery with focus on key deliverables.
1285,2025,3,97%,Consistent delivery with focus on key deliverables.
1285,2026,3,72%,Consistent delivery with focus on key deliverables.
1286,2024,2,92%,Needs improvement in deadlines and upskilling.
1286,2025,2,85%,Needs improvement in deadlines and upskilling.
1286,2026,3,81%,Consistent delivery with focus on key deliverables.
1288,2024,3,96%,Consistent delivery with focus on key deliverables.
1288,2025,3,82%,Consistent delivery with focus on key deliverables.
1288,2026,4,70%,Consistent delivery with focus on key deliverables.
1289,2024,3,90%,Consistent delivery with focus on key deliverables.
1289,2025,4,86%,Consistent delivery with focus on key deliverables.
1289,2026,3,89%,Consistent delivery with focus on key deliverables.
1291,2024,2,86%,Needs improvement in deadlines and upskilling.
1291,2025,4,84%,Consistent delivery with focus on key deliverables.
1291,2026,4,88%,Consistent delivery with focus on key deliverables.
1292,2024,2,73%,Needs improvement in deadlines and upskilling.
1292,2025,3,77%,Consistent delivery with focus on key deliverables.
1292,2026,2,81%,Needs improvement in deadlines and upskilling.
1293,2024,2,78%,Needs improvement in deadlines and upskilling.
1293,2025,2,92%,Needs improvement in deadlines and upskilling.
1293,2026,3,99%,Consistent delivery with focus on key deliverables.
1294,2024,3,91%,Consistent delivery with focus on key deliverables.
1294,2025,4,98%,Consistent delivery with focus on key deliverables.
1294,2026,3,94%,Consistent delivery with focus on key deliverables.
1295,2024,3,72%,Consistent delivery with focus on key deliverables.
1295,2025,3,80%,Consistent delivery with focus on key deliverables.
1295,2026,2,87%,Needs improvement in deadlines and upskilling.
1296,2024,3,87%,Consistent delivery with focus on key deliverables.
1296,2025,3,98%,Consistent delivery with focus on key deliverables.
1296,2026,3,99%,Consistent delivery with focus on key deliverables.
1297,2024,3,74%,Consistent delivery with focus on key deliverables.
1297,2025,2,76%,Needs improvement in deadlines and upskilling.
1297,2026,3,81%,Consistent delivery with focus on key deliverables.
1298,2024,4,94%,Consistent delivery with focus on key deliverables.
1298,2025,3,97%,Consistent delivery with focus on key deliverables.
1298,2026,3,86%,Consistent delivery with focus on key deliverables.
1299,2024,3,80%,Consistent delivery with focus on key deliverables.
1299,2025,3,99%,Consistent delivery with focus on key deliverables.
1299,2026,4,94%,Consistent delivery with focus on key deliverables.
1301,2024,3,81%,Consistent delivery with focus on key deliverables.
1301,2025,3,98%,Consistent delivery with focus on key deliverables.
1301,2026,3,77%,Consistent delivery with focus on key deliverables.
1303,2024,4,72%,Consistent delivery with focus on key deliverables.
1303,2025,3,79%,Consistent delivery with focus on key deliverables.
1303,2026,4,97%,Consistent delivery with focus on key deliverables.
1304,2024,3,82%,Consistent delivery with focus on key deliverables.
1304,2025,3,88%,Consistent delivery with focus on key deliverables.
1304,2026,4,87%,Consistent delivery with focus on key deliverables.
1306,2024,4,74%,Consistent delivery with focus on key deliverables.
1306,2025,3,76%,Consistent delivery with focus on key deliverables.
1306,2026,3,94%,Consistent delivery with focus on key deliverables.
1307,2024,3,94%,Consistent delivery with focus on key deliverables.
1307,2025,2,88%,Needs improvement in deadlines and upskilling.
1307,2026,4,91%,Consistent delivery with focus on key deliverables.
1308,2024,3,93%,Consistent delivery with focus on key deliverables.
1308,2025,3,93%,Consistent delivery with focus on key deliverables.
1308,2026,3,75%,Consistent delivery with focus on key deliverables.
1309,2024,3,91%,Consistent delivery with focus on key deliverables.
1309,2025,3,99%,Consistent delivery with focus on key deliverables.
1309,2026,3,89%,Consistent delivery with focus on key deliverables.
1310,2024,3,91%,Consistent delivery with focus on key deliverables.
1310,2025,2,76%,Needs improvement in deadlines and upskilling.
1310,2026,3,89%,Consistent delivery with focus on key deliverables.
1311,2024,3,86%,Consistent delivery with focus on key deliverables.
1311,2025,3,84%,Consistent delivery with focus on key deliverables.
1311,2026,3,98%,Consistent delivery with focus on key deliverables.
1312,2024,3,96%,Consistent delivery with focus on key deliverables.
1312,2025,2,80%,Needs improvement in deadlines and upskilling.
1312,2026,2,97%,Needs improvement in deadlines and upskilling.
1314,2024,2,81%,Needs improvement in deadlines and upskilling.
1314,2025,2,95%,Needs improvement in deadlines and upskilling.
1314,2026,3,80%,Consistent delivery with focus on key deliverables.
1315,2024,2,95%,Needs improvement in deadlines and upskilling.
1315,2025,2,80%,Needs improvement in deadlines and upskilling.
1315,2026,2,73%,Needs improvement in deadlines and upskilling.
1317,2024,3,92%,Consistent delivery with focus on key deliverables.
1317,2025,2,73%,Needs improvement in deadlines and upskilling.
1317,2026,3,74%,Consistent delivery with focus on key deliverables.
1318,2024,2,96%,Needs improvement in deadlines and upskilling.
1318,2025,4,95%,Consistent delivery with focus on key deliverables.
1318,2026,2,75%,Needs improvement in deadlines and upskilling.
1319,2024,4,84%,Consistent delivery with focus on key deliverables.
1319,2025,3,88%,Consistent delivery with focus on key deliverables.
1319,2026,3,71%,Consistent delivery with focus on key deliverables.
1321,2024,3,81%,Consistent delivery with focus on key deliverables.
1321,2025,5,95%,Consistent delivery with focus on key deliverables.
1321,2026,4,70%,Consistent delivery with focus on key deliverables.
1322,2024,3,72%,Consistent delivery with focus on key deliverables.
1322,2025,4,74%,Consistent delivery with focus on key deliverables.
1322,2026,4,89%,Consistent delivery with focus on key deliverables.
1324,2024,3,79%,Consistent delivery with focus on key deliverables.
1324,2025,3,70%,Consistent delivery with focus on key deliverables.
1324,2026,3,76%,Consistent delivery with focus on key deliverables.
1329,2024,4,95%,Consistent delivery with focus on key deliverables.
1329,2025,3,87%,Consistent delivery with focus on key deliverables.
1329,2026,3,88%,Consistent delivery with focus on key deliverables.
1331,2024,4,93%,Consistent delivery with focus on key deliverables.
1331,2025,3,84%,Consistent delivery with focus on key deliverables.
1331,2026,3,95%,Consistent delivery with focus on key deliverables.
1333,2024,4,97%,Consistent delivery with focus on key deliverables.
1333,2025,3,96%,Consistent delivery with focus on key deliverables.
1333,2026,3,81%,Consistent delivery with focus on key deliverables.
1334,2024,4,92%,Consistent delivery with focus on key deliverables.
1334,2025,3,71%,Consistent delivery with focus on key deliverables.
1334,2026,2,75%,Needs improvement in deadlines and upskilling.
1336,2024,3,77%,Consistent delivery with focus on key deliverables.
1336,2025,2,72%,Needs improvement in deadlines and upskilling.
1336,2026,3,86%,Consistent delivery with focus on key deliverables.
1338,2024,3,94%,Consistent delivery with focus on key deliverables.
1338,2025,3,83%,Consistent delivery with focus on key deliverables.
1338,2026,4,94%,Consistent delivery with focus on key deliverables.
1340,2024,3,95%,Consistent delivery with focus on key deliverables.
1340,2025,3,87%,Consistent delivery with focus on key deliverables.
1340,2026,3,74%,Consistent delivery with focus on key deliverables.
1344,2024,4,91%,Consistent delivery with focus on key deliverables.
1344,2025,3,75%,Consistent delivery with focus on key deliverables.
1344,2026,4,72%,Consistent delivery with focus on key deliverables.
1346,2024,3,87%,Consistent delivery with focus on key deliverables.
1346,2025,2,93%,Needs improvement in deadlines and upskilling.
1346,2026,3,89%,Consistent delivery with focus on key deliverables.
1349,2024,3,72%,Consistent delivery with focus on key deliverables.
1349,2025,4,96%,Consistent delivery with focus on key deliverables.
1349,2026,4,88%,Consistent delivery with focus on key deliverables.
1350,2024,3,84%,Consistent delivery with focus on key deliverables.
1350,2025,3,83%,Consistent delivery with focus on key deliverables.
1350,2026,4,72%,Consistent delivery with focus on key deliverables.
1352,2024,2,94%,Needs improvement in deadlines and upskilling.
1352,2025,3,88%,Consistent delivery with focus on key deliverables.
1352,2026,3,77%,Consistent delivery with focus on key deliverables.
1355,2024,3,94%,Consistent delivery with focus on key deliverables.
1355,2025,2,81%,Needs improvement in deadlines and upskilling.
1355,2026,3,80%,Consistent delivery with focus on key deliverables.
1356,2024,3,87%,Consistent delivery with focus on key deliverables.
1356,2025,2,83%,Needs improvement in deadlines and upskilling.
1356,2026,2,81%,Needs improvement in deadlines and upskilling.
1358,2024,3,92%,Consistent delivery with focus on key deliverables.
1358,2025,2,77%,Needs improvement in deadlines and upskilling.
1358,2026,3,77%,Consistent delivery with focus on key deliverables.
1360,2024,3,97%,Consistent delivery with focus on key deliverables.
1360,2025,3,74%,Consistent delivery with focus on key deliverables.
1360,2026,3,79%,Consistent delivery with focus on key deliverables.
1361,2024,4,92%,Consistent delivery with focus on key deliverables.
1361,2025,4,73%,Consistent delivery with focus on key deliverables.
1361,2026,5,77%,Consistent delivery with focus on key deliverables.
1362,2024,3,94%,Consistent delivery with focus on key deliverables.
1362,2025,3,84%,Consistent delivery with focus on key deliverables.
1362,2026,3,90%,Consistent delivery with focus on key deliverables.
1363,2024,3,77%,Consistent delivery with focus on key deliverables.
1363,2025,4,96%,Consistent delivery with focus on key deliverables.
1363,2026,3,96%,Consistent delivery with focus on key deliverables.
1364,2024,3,89%,Consistent delivery with focus on key deliverables.
1364,2025,4,86%,Consistent delivery with focus on key deliverables.
1364,2026,3,71%,Consistent delivery with focus on key deliverables.
1367,2024,2,98%,Needs improvement in deadlines and upskilling.
1367,2025,4,88%,Consistent delivery with focus on key deliverables.
1367,2026,2,96%,Needs improvement in deadlines and upskilling.
1368,2024,4,86%,Consistent delivery with focus on key deliverables.
1368,2025,2,71%,Needs improvement in deadlines and upskilling.
1368,2026,4,99%,Consistent delivery with focus on key deliverables.
1369,2024,4,75%,Consistent delivery with focus on key deliverables.
1369,2025,4,78%,Consistent delivery with focus on key deliverables.
1369,2026,3,91%,Consistent delivery with focus on key deliverables.
1371,2024,4,98%,Consistent delivery with focus on key deliverables.
1371,2025,4,97%,Consistent delivery with focus on key deliverables.
1371,2026,4,93%,Consistent delivery with focus on key deliverables.
1372,2024,2,94%,Needs improvement in deadlines and upskilling.
1372,2025,3,95%,Consistent delivery with focus on key deliverables.
1372,2026,2,89%,Needs improvement in deadlines and upskilling.
1373,2024,2,86%,Needs improvement in deadlines and upskilling.
1373,2025,3,99%,Consistent delivery with focus on key deliverables.
1373,2026,2,94%,Needs improvement in deadlines and upskilling.
1374,2024,5,74%,Consistent delivery with focus on key deliverables.
1374,2025,3,95%,Consistent delivery with focus on key deliverables.
1374,2026,4,85%,Consistent delivery with focus on key deliverables.
1375,2024,3,78%,Consistent delivery with focus on key deliverables.
1375,2025,3,76%,Consistent delivery with focus on key deliverables.
1375,2026,4,84%,Consistent delivery with focus on key deliverables.
1377,2024,4,74%,Consistent delivery with focus on key deliverables.
1377,2025,3,75%,Consistent delivery with focus on key deliverables.
1377,2026,3,98%,Consistent delivery with focus on key deliverables.
1379,2024,3,89%,Consistent delivery with focus on key deliverables.
1379,2025,2,83%,Needs improvement in deadlines and upskilling.
1379,2026,3,73%,Consistent delivery with focus on key deliverables.
1380,2024,3,79%,Consistent delivery with focus on key deliverables.
1380,2025,3,94%,Consistent delivery with focus on key deliverables.
1380,2026,4,89%,Consistent delivery with focus on key deliverables.
1382,2024,3,70%,Consistent delivery with focus on key deliverables.
1382,2025,3,87%,Consistent delivery with focus on key deliverables.
1382,2026,4,88%,Consistent delivery with focus on key deliverables.
1383,2024,3,81%,Consistent delivery with focus on key deliverables.
1383,2025,2,97%,Needs improvement in deadlines and upskilling.
1383,2026,2,73%,Needs improvement in deadlines and upskilling.
1387,2024,2,87%,Needs improvement in deadlines and upskilling.
1387,2025,3,98%,Consistent delivery with focus on key deliverables.
1387,2026,4,99%,Consistent delivery with focus on key deliverables.
1389,2024,4,92%,Consistent delivery with focus on key deliverables.
1389,2025,3,97%,Consistent delivery with focus on key deliverables.
1389,2026,4,76%,Consistent delivery with focus on key deliverables.
1390,2024,4,78%,Consistent delivery with focus on key deliverables.
1390,2025,3,74%,Consistent delivery with focus on key deliverables.
1390,2026,3,90%,Consistent delivery with focus on key deliverables.
1391,2024,4,80%,Consistent delivery with focus on key deliverables.
1391,2025,3,98%,Consistent delivery with focus on key deliverables.
1391,2026,3,82%,Consistent delivery with focus on key deliverables.
1392,2024,2,90%,Needs improvement in deadlines and upskilling.
1392,2025,3,87%,Consistent delivery with focus on key deliverables.
1392,2026,2,94%,Needs improvement in deadlines and upskilling.
1394,2024,2,78%,Needs improvement in deadlines and upskilling.
1394,2025,2,82%,Needs improvement in deadlines and upskilling.
1394,2026,2,99%,Needs improvement in deadlines and upskilling.
1395,2024,3,81%,Consistent delivery with focus on key deliverables.
1395,2025,2,70%,Needs improvement in deadlines and upskilling.
1395,2026,3,95%,Consistent delivery with focus on key deliverables.
1396,2024,2,90%,Needs improvement in deadlines and upskilling.
1396,2025,3,99%,Consistent delivery with focus on key deliverables.
1396,2026,4,97%,Consistent delivery with focus on key deliverables.
1397,2024,3,79%,Consistent delivery with focus on key deliverables.
1397,2025,5,78%,Consistent delivery with focus on key deliverables.
1397,2026,5,77%,Consistent delivery with focus on key deliverables.
1399,2024,4,84%,Consistent delivery with focus on key deliverables.
1399,2025,2,97%,Needs improvement in deadlines and upskilling.
1399,2026,2,86%,Needs improvement in deadlines and upskilling.
1401,2024,3,78%,Consistent delivery with focus on key deliverables.
1401,2025,4,90%,Consistent delivery with focus on key deliverables.
1401,2026,3,80%,Consistent delivery with focus on key deliverables.
1402,2024,3,73%,Consistent delivery with focus on key deliverables.
1402,2025,4,93%,Consistent delivery with focus on key deliverables.
1402,2026,2,76%,Needs improvement in deadlines and upskilling.
1403,2024,4,92%,Consistent delivery with focus on key deliverables.
1403,2025,3,96%,Consistent delivery with focus on key deliverables.
1403,2026,4,72%,Consistent delivery with focus on key deliverables.
1405,2024,3,72%,Consistent delivery with focus on key deliverables.
1405,2025,2,83%,Needs improvement in deadlines and upskilling.
1405,2026,2,74%,Needs improvement in deadlines and upskilling.
1407,2024,4,81%,Consistent delivery with focus on key deliverables.
1407,2025,3,93%,Consistent delivery with focus on key deliverables.
1407,2026,3,71%,Consistent delivery with focus on key deliverables.
1408,2024,4,73%,Consistent delivery with focus on key deliverables.
1408,2025,3,74%,Consistent delivery with focus on key deliverables.
1408,2026,3,82%,Consistent delivery with focus on key deliverables.
1409,2024,4,90%,Consistent delivery with focus on key deliverables.
1409,2025,2,75%,Needs improvement in deadlines and upskilling.
1409,2026,3,84%,Consistent delivery with focus on key deliverables.
1411,2024,3,94%,Consistent delivery with focus on key deliverables.
1411,2025,4,99%,Consistent delivery with focus on key deliverables.
1411,2026,3,76%,Consistent delivery with focus on key deliverables.
1412,2024,3,81%,Consistent delivery with focus on key deliverables.
1412,2025,3,73%,Consistent delivery with focus on key deliverables.
1412,2026,3,80%,Consistent delivery with focus on key deliverables.
1415,2024,3,81%,Consistent delivery with focus on key deliverables.
1415,2025,3,80%,Consistent delivery with focus on key deliverables.
1415,2026,2,80%,Needs improvement in deadlines and upskilling.
1417,2024,3,78%,Consistent delivery with focus on key deliverables.
1417,2025,3,96%,Consistent delivery with focus on key deliverables.
1417,2026,2,85%,Needs improvement in deadlines and upskilling.
1419,2024,2,96%,Needs improvement in deadlines and upskilling.
1419,2025,4,72%,Consistent delivery with focus on key deliverables.
1419,2026,2,85%,Needs improvement in deadlines and upskilling.
1420,2024,4,86%,Consistent delivery with focus on key deliverables.
1420,2025,5,80%,Consistent delivery with focus on key deliverables.
1420,2026,3,88%,Consistent delivery with focus on key deliverables.
1421,2024,3,96%,Consistent delivery with focus on key deliverables.
1421,2025,3,96%,Consistent delivery with focus on key deliverables.
1421,2026,4,78%,Consistent delivery with focus on key deliverables.
1422,2024,2,99%,Needs improvement in deadlines and upskilling.
1422,2025,3,75%,Consistent delivery with focus on key deliverables.
1422,2026,3,92%,Consistent delivery with focus on key deliverables.
1423,2024,5,78%,Consistent delivery with focus on key deliverables.
1423,2025,3,84%,Consistent delivery with focus on key deliverables.
1423,2026,3,87%,Consistent delivery with focus on key deliverables.
1424,2024,3,77%,Consistent delivery with focus on key deliverables.
1424,2025,3,80%,Consistent delivery with focus on key deliverables.
1424,2026,2,96%,Needs improvement in deadlines and upskilling.
1425,2024,4,96%,Consistent delivery with focus on key deliverables.
1425,2025,3,88%,Consistent delivery with focus on key deliverables.
1425,2026,3,92%,Consistent delivery with focus on key deliverables.
1427,2024,4,74%,Consistent delivery with focus on key deliverables.
1427,2025,3,71%,Consistent delivery with focus on key deliverables.
1427,2026,3,88%,Consistent delivery with focus on key deliverables.
1428,2024,2,85%,Needs improvement in deadlines and upskilling.
1428,2025,2,96%,Needs improvement in deadlines and upskilling.
1428,2026,2,95%,Needs improvement in deadlines and upskilling.
1430,2024,3,98%,Consistent delivery with focus on key deliverables.
1430,2025,2,88%,Needs improvement in deadlines and upskilling.
1430,2026,2,76%,Needs improvement in deadlines and upskilling.
1431,2024,3,81%,Consistent delivery with focus on key deliverables.
1431,2025,2,98%,Needs improvement in deadlines and upskilling.
1431,2026,2,83%,Needs improvement in deadlines and upskilling.
1433,2024,3,71%,Consistent delivery with focus on key deliverables.
1433,2025,3,78%,Consistent delivery with focus on key deliverables.
1433,2026,3,89%,Consistent delivery with focus on key deliverables.
1434,2024,4,95%,Consistent delivery with focus on key deliverables.
1434,2025,3,72%,Consistent delivery with focus on key deliverables.
1434,2026,3,89%,Consistent delivery with focus on key deliverables.
1435,2024,3,90%,Consistent delivery with focus on key deliverables.
1435,2025,3,77%,Consistent delivery with focus on key deliverables.
1435,2026,4,90%,Consistent delivery with focus on key deliverables.
1436,2024,3,80%,Consistent delivery with focus on key deliverables.
1436,2025,3,82%,Consistent delivery with focus on key deliverables.
1436,2026,4,78%,Consistent delivery with focus on key deliverables.
1438,2024,4,74%,Consistent delivery with focus on key deliverables.
1438,2025,3,83%,Consistent delivery with focus on key deliverables.
1438,2026,2,96%,Needs improvement in deadlines and upskilling.
1439,2024,4,88%,Consistent delivery with focus on key deliverables.
1439,2025,2,91%,Needs improvement in deadlines and upskilling.
1439,2026,3,82%,Consistent delivery with focus on key deliverables.
1440,2024,4,96%,Consistent delivery with focus on key deliverables.
1440,2025,3,70%,Consistent delivery with focus on key deliverables.
1440,2026,3,84%,Consistent delivery with focus on key deliverables.
1441,2024,3,96%,Consistent delivery with focus on key deliverables.
1441,2025,5,77%,Consistent delivery with focus on key deliverables.
1441,2026,3,82%,Consistent delivery with focus on key deliverables.
1443,2024,4,78%,Consistent delivery with focus on key deliverables.
1443,2025,4,89%,Consistent delivery with focus on key deliverables.
1443,2026,4,80%,Consistent delivery with focus on key deliverables.
1445,2024,2,88%,Needs improvement in deadlines and upskilling.
1445,2025,2,87%,Needs improvement in deadlines and upskilling.
1445,2026,3,96%,Consistent delivery with focus on key deliverables.
1446,2024,3,75%,Consistent delivery with focus on key deliverables.
1446,2025,2,91%,Needs improvement in deadlines and upskilling.
1446,2026,2,90%,Needs improvement in deadlines and upskilling.
1447,2024,2,78%,Needs improvement in deadlines and upskilling.
1447,2025,2,99%,Needs improvement in deadlines and upskilling.
1447,2026,3,75%,Consistent delivery with focus on key deliverables.
1448,2024,3,96%,Consistent delivery with focus on key deliverables.
1448,2025,4,92%,Consistent delivery with focus on key deliverables.
1448,2026,3,74%,Consistent delivery with focus on key deliverables.
1449,2024,2,84%,Needs improvement in deadlines and upskilling.
1449,2025,2,74%,Needs improvement in deadlines and upskilling.
1449,2026,4,75%,Consistent delivery with focus on key deliverables.
1453,2024,2,86%,Needs improvement in deadlines and upskilling.
1453,2025,3,73%,Consistent delivery with focus on key deliverables.
1453,2026,4,90%,Consistent delivery with focus on key deliverables.
1457,2024,3,71%,Consistent delivery with focus on key deliverables.
1457,2025,4,74%,Consistent delivery with focus on key deliverables.
1457,2026,4,94%,Consistent delivery with focus on key deliverables.
1458,2024,4,83%,Consistent delivery with focus on key deliverables.
1458,2025,5,77%,Consistent delivery with focus on key deliverables.
1458,2026,5,72%,Consistent delivery with focus on key deliverables.
1459,2024,3,98%,Consistent delivery with focus on key deliverables.
1459,2025,3,87%,Consistent delivery with focus on key deliverables.
1459,2026,3,99%,Consistent delivery with focus on key deliverables.
1460,2024,4,84%,Consistent delivery with focus on key deliverables.
1460,2025,4,89%,Consistent delivery with focus on key deliverables.
1460,2026,3,78%,Consistent delivery with focus on key deliverables.
1461,2024,3,70%,Consistent delivery with focus on key deliverables.
1461,2025,3,92%,Consistent delivery with focus on key deliverables.
1461,2026,3,97%,Consistent delivery with focus on key deliverables.
1464,2024,4,72%,Consistent delivery with focus on key deliverables.
1464,2025,3,73%,Consistent delivery with focus on key deliverables.
1464,2026,3,81%,Consistent delivery with focus on key deliverables.
1465,2024,3,90%,Consistent delivery with focus on key deliverables.
1465,2025,3,90%,Consistent delivery with focus on key deliverables.
1465,2026,4,94%,Consistent delivery with focus on key deliverables.
1466,2024,3,86%,Consistent delivery with focus on key deliverables.
1466,2025,3,75%,Consistent delivery with focus on key deliverables.
1466,2026,3,74%,Consistent delivery with focus on key deliverables.
1467,2024,4,77%,Consistent delivery with focus on key deliverables.
1467,2025,3,99%,Consistent delivery with focus on key deliverables.
1467,2026,2,83%,Needs improvement in deadlines and upskilling.
1468,2024,3,89%,Consistent delivery with focus on key deliverables.
1468,2025,3,86%,Consistent delivery with focus on key deliverables.
1468,2026,3,71%,Consistent delivery with focus on key deliverables.
1469,2024,3,96%,Consistent delivery with focus on key deliverables.
1469,2025,3,90%,Consistent delivery with focus on key deliverables.
1469,2026,4,81%,Consistent delivery with focus on key deliverables.
1471,2024,3,94%,Consistent delivery with focus on key deliverables.
1471,2025,4,91%,Consistent delivery with focus on key deliverables.
1471,2026,3,87%,Consistent delivery with focus on key deliverables.
1472,2024,3,71%,Consistent delivery with focus on key deliverables.
1472,2025,2,92%,Needs improvement in deadlines and upskilling.
1472,2026,4,81%,Consistent delivery with focus on key deliverables.
1473,2024,2,78%,Needs improvement in deadlines and upskilling.
1473,2025,4,78%,Consistent delivery with focus on key deliverables.
1473,2026,2,82%,Needs improvement in deadlines and upskilling.
1474,2024,3,73%,Consistent delivery with focus on key deliverables.
1474,2025,2,78%,Needs improvement in deadlines and upskilling.
1474,2026,3,89%,Consistent delivery with focus on key deliverables.
1475,2024,3,89%,Consistent delivery with focus on key deliverables.
1475,2025,4,71%,Consistent delivery with focus on key deliverables.
1475,2026,4,96%,Consistent delivery with focus on key deliverables.
1477,2024,2,73%,Needs improvement in deadlines and upskilling.
1477,2025,3,93%,Consistent delivery with focus on key deliverables.
1477,2026,4,92%,Consistent delivery with focus on key deliverables.
1478,2024,3,79%,Consistent delivery with focus on key deliverables.
1478,2025,3,83%,Consistent delivery with focus on key deliverables.
1478,2026,3,87%,Consistent delivery with focus on key deliverables.
1479,2024,2,82%,Needs improvement in deadlines and upskilling.
1479,2025,3,91%,Consistent delivery with focus on key deliverables.
1479,2026,2,96%,Needs improvement in deadlines and upskilling.
1480,2024,2,91%,Needs improvement in deadlines and upskilling.
1480,2025,3,75%,Consistent delivery with focus on key deliverables.
1480,2026,4,72%,Consistent delivery with focus on key deliverables.
1481,2024,3,94%,Consistent delivery with focus on key deliverables.
1481,2025,3,86%,Consistent delivery with focus on key deliverables.
1481,2026,3,86%,Consistent delivery with focus on key deliverables.
1482,2024,3,87%,Consistent delivery with focus on key deliverables.
1482,2025,2,84%,Needs improvement in deadlines and upskilling.
1482,2026,3,92%,Consistent delivery with focus on key deliverables.
1483,2024,5,76%,Consistent delivery with focus on key deliverables.
1483,2025,4,79%,Consistent delivery with focus on key deliverables.
1483,2026,4,92%,Consistent delivery with focus on key deliverables.
1484,2024,3,88%,Consistent delivery with focus on key deliverables.
1484,2025,3,70%,Consistent delivery with focus on key deliverables.
1484,2026,3,97%,Consistent delivery with focus on key deliverables.
1485,2024,3,70%,Consistent delivery with focus on key deliverables.
1485,2025,2,98%,Needs improvement in deadlines and upskilling.
1485,2026,2,84%,Needs improvement in deadlines and upskilling.
1486,2024,3,87%,Consistent delivery with focus on key deliverables.
1486,2025,3,76%,Consistent delivery with focus on key deliverables.
1486,2026,3,98%,Consistent delivery with focus on key deliverables.
1487,2024,3,99%,Consistent delivery with focus on key deliverables.
1487,2025,4,88%,Consistent delivery with focus on key deliverables.
1487,2026,2,74%,Needs improvement in deadlines and upskilling.
1489,2024,3,87%,Consistent delivery with focus on key deliverables.
1489,2025,3,74%,Consistent delivery with focus on key deliverables.
1489,2026,5,91%,Consistent delivery with focus on key deliverables.
1492,2024,4,84%,Consistent delivery with focus on key deliverables.
1492,2025,3,93%,Consistent delivery with focus on key deliverables.
1492,2026,3,89%,Consistent delivery with focus on key deliverables.
1494,2024,3,78%,Consistent delivery with focus on key deliverables.
1494,2025,2,91%,Needs improvement in deadlines and upskilling.
1494,2026,4,85%,Consistent delivery with focus on key deliverables.
1495,2024,3,71%,Consistent delivery with focus on key deliverables.
1495,2025,2,77%,Needs improvement in deadlines and upskilling.
1495,2026,3,94%,Consistent delivery with focus on key deliverables.
1496,2024,2,74%,Needs improvement in deadlines and upskilling.
1496,2025,3,80%,Consistent delivery with focus on key deliverables.
1496,2026,2,80%,Needs improvement in deadlines and upskilling.
1497,2024,2,78%,Needs improvement in deadlines and upskilling.
1497,2025,2,95%,Needs improvement in deadlines and upskilling.
1497,2026,3,96%,Consistent delivery with focus on key deliverables.
1499,2024,5,88%,Consistent delivery with focus on key deliverables.
1499,2025,5,82%,Consistent delivery with focus on key deliverables.
1499,2026,5,74%,Consistent delivery with focus on key deliverables.
1501,2024,3,78%,Consistent delivery with focus on key deliverables.
1501,2025,4,83%,Consistent delivery with focus on key deliverables.
1501,2026,3,76%,Consistent delivery with focus on key deliverables.
1502,2024,4,93%,Consistent delivery with focus on key deliverables.
1502,2025,3,80%,Consistent delivery with focus on key deliverables.
1502,2026,3,84%,Consistent delivery with focus on key deliverables.
1503,2024,3,97%,Consistent delivery with focus on key deliverables.
1503,2025,3,89%,Consistent delivery with focus on key deliverables.
1503,2026,3,86%,Consistent delivery with focus on key deliverables.
1504,2024,2,77%,Needs improvement in deadlines and upskilling.
1504,2025,3,75%,Consistent delivery with focus on key deliverables.
1504,2026,2,71%,Needs improvement in deadlines and upskilling.
1506,2024,3,97%,Consistent delivery with focus on key deliverables.
1506,2025,2,79%,Needs improvement in deadlines and upskilling.
1506,2026,4,72%,Consistent delivery with focus on key deliverables.
1507,2024,2,85%,Needs improvement in deadlines and upskilling.
1507,2025,3,71%,Consistent delivery with focus on key deliverables.
1507,2026,3,72%,Consistent delivery with focus on key deliverables.
1509,2024,5,87%,Consistent delivery with focus on key deliverables.
1509,2025,4,89%,Consistent delivery with focus on key deliverables.
1509,2026,5,84%,Consistent delivery with focus on key deliverables.
1513,2024,3,97%,Consistent delivery with focus on key deliverables.
1513,2025,2,92%,Needs improvement in deadlines and upskilling.
1513,2026,3,92%,Consistent delivery with focus on key deliverables.
1514,2024,3,78%,Consistent delivery with focus on key deliverables.
1514,2025,3,92%,Consistent delivery with focus on key deliverables.
1514,2026,4,71%,Consistent delivery with focus on key deliverables.
1515,2024,3,81%,Consistent delivery with focus on key deliverables.
1515,2025,4,95%,Consistent delivery with focus on key deliverables.
1515,2026,4,85%,Consistent delivery with focus on key deliverables.
1516,2024,4,72%,Consistent delivery with focus on key deliverables.
1516,2025,5,98%,Consistent delivery with focus on key deliverables.
1516,2026,4,89%,Consistent delivery with focus on key deliverables.
1520,2024,5,70%,Consistent delivery with focus on key deliverables.
1520,2025,4,77%,Consistent delivery with focus on key deliverables.
1520,2026,5,84%,Consistent delivery with focus on key deliverables.
1522,2024,4,90%,Consistent delivery with focus on key deliverables.
1522,2025,4,95%,Consistent delivery with focus on key deliverables.
1522,2026,3,74%,Consistent delivery with focus on key deliverables.
1523,2024,4,81%,Consistent delivery with focus on key deliverables.
1523,2025,4,89%,Consistent delivery with focus on key deliverables.
1523,2026,4,99%,Consistent delivery with focus on key deliverables.
1525,2024,3,91%,Consistent delivery with focus on key deliverables.
1525,2025,3,75%,Consistent delivery with focus on key deliverables.
1525,2026,2,97%,Needs improvement in deadlines and upskilling.
1527,2024,3,83%,Consistent delivery with focus on key deliverables.
1527,2025,3,78%,Consistent delivery with focus on key deliverables.
1527,2026,4,79%,Consistent delivery with focus on key deliverables.
1529,2024,3,80%,Consistent delivery with focus on key deliverables.
1529,2025,2,74%,Needs improvement in deadlines and upskilling.
1529,2026,3,89%,Consistent delivery with focus on key deliverables.
1533,2024,3,75%,Consistent delivery with focus on key deliverables.
1533,2025,4,93%,Consistent delivery with focus on key deliverables.
1533,2026,4,92%,Consistent delivery with focus on key deliverables.
1534,2024,2,79%,Needs improvement in deadlines and upskilling.
1534,2025,3,80%,Consistent delivery with focus on key deliverables.
1534,2026,4,76%,Consistent delivery with focus on key deliverables.
1535,2024,4,87%,Consistent delivery with focus on key deliverables.
1535,2025,2,76%,Needs improvement in deadlines and upskilling.
1535,2026,4,99%,Consistent delivery with focus on key deliverables.
1537,2024,2,84%,Needs improvement in deadlines and upskilling.
1537,2025,3,87%,Consistent delivery with focus on key deliverables.
1537,2026,3,87%,Consistent delivery with focus on key deliverables.
1539,2024,3,70%,Consistent delivery with focus on key deliverables.
1539,2025,2,76%,Needs improvement in deadlines and upskilling.
1539,2026,3,81%,Consistent delivery with focus on key deliverables.
1541,2024,4,77%,Consistent delivery with focus on key deliverables.
1541,2025,4,92%,Consistent delivery with focus on key deliverables.
1541,2026,3,83%,Consistent delivery with focus on key deliverables.
1542,2024,2,94%,Needs improvement in deadlines and upskilling.
1542,2025,2,92%,Needs improvement in deadlines and upskilling.
1542,2026,3,89%,Consistent delivery with focus on key deliverables.
1543,2024,2,89%,Needs improvement in deadlines and upskilling.
1543,2025,3,95%,Consistent delivery with focus on key deliverables.
1543,2026,4,77%,Consistent delivery with focus on key deliverables.
1544,2024,2,85%,Needs improvement in deadlines and upskilling.
1544,2025,4,96%,Consistent delivery with focus on key deliverables.
1544,2026,2,86%,Needs improvement in deadlines and upskilling.
1545,2024,3,77%,Consistent delivery with focus on key deliverables.
1545,2025,3,87%,Consistent delivery with focus on key deliverables.
1545,2026,3,82%,Consistent delivery with focus on key deliverables.
1546,2024,5,84%,Consistent delivery with focus on key deliverables.
1546,2025,4,94%,Consistent delivery with focus on key deliverables.
1546,2026,4,72%,Consistent delivery with focus on key deliverables.
1547,2024,3,72%,Consistent delivery with focus on key deliverables.
1547,2025,2,80%,Needs improvement in deadlines and upskilling.
1547,2026,4,73%,Consistent delivery with focus on key deliverables.
1548,2024,3,93%,Consistent delivery with focus on key deliverables.
1548,2025,4,84%,Consistent delivery with focus on key deliverables.
1548,2026,2,74%,Needs improvement in deadlines and upskilling.
1549,2024,3,77%,Consistent delivery with focus on key deliverables.
1549,2025,3,77%,Consistent delivery with focus on key deliverables.
1549,2026,4,73%,Consistent delivery with focus on key deliverables.
1550,2024,3,91%,Consistent delivery with focus on key deliverables.
1550,2025,3,80%,Consistent delivery with focus on key deliverables.
1550,2026,4,73%,Consistent delivery with focus on key deliverables.
1551,2024,3,86%,Consistent delivery with focus on key deliverables.
1551,2025,2,81%,Needs improvement in deadlines and upskilling.
1551,2026,4,71%,Consistent delivery with focus on key deliverables.
1552,2024,2,75%,Needs improvement in deadlines and upskilling.
1552,2025,2,75%,Needs improvement in deadlines and upskilling.
1552,2026,3,91%,Consistent delivery with focus on key deliverables.
1553,2024,3,84%,Consistent delivery with focus on key deliverables.
1553,2025,3,82%,Consistent delivery with focus on key deliverables.
1553,2026,3,73%,Consistent delivery with focus on key deliverables.
1554,2024,5,78%,Consistent delivery with focus on key deliverables.
1554,2025,3,97%,Consistent delivery with focus on key deliverables.
1554,2026,4,88%,Consistent delivery with focus on key deliverables.
1555,2024,2,70%,Needs improvement in deadlines and upskilling.
1555,2025,2,73%,Needs improvement in deadlines and upskilling.
1555,2026,3,95%,Consistent delivery with focus on key deliverables.
1556,2024,4,89%,Consistent delivery with focus on key deliverables.
1556,2025,3,77%,Consistent delivery with focus on key deliverables.
1556,2026,5,75%,Consistent delivery with focus on key deliverables.
1557,2024,3,79%,Consistent delivery with focus on key deliverables.
1557,2025,4,89%,Consistent delivery with focus on key deliverables.
1557,2026,2,74%,Needs improvement in deadlines and upskilling.
1558,2024,4,83%,Consistent delivery with focus on key deliverables.
1558,2025,2,80%,Needs improvement in deadlines and upskilling.
1558,2026,3,73%,Consistent delivery with focus on key deliverables.
1560,2024,3,92%,Consistent delivery with focus on key deliverables.
1560,2025,2,94%,Needs improvement in deadlines and upskilling.
1560,2026,3,90%,Consistent delivery with focus on key deliverables.
1562,2024,3,70%,Consistent delivery with focus on key deliverables.
1562,2025,4,99%,Consistent delivery with focus on key deliverables.
1562,2026,4,87%,Consistent delivery with focus on key deliverables.
1563,2024,3,91%,Consistent delivery with focus on key deliverables.
1563,2025,3,75%,Consistent delivery with focus on key deliverables.
1563,2026,3,99%,Consistent delivery with focus on key deliverables.
1564,2024,3,95%,Consistent delivery with focus on key deliverables.
1564,2025,4,83%,Consistent delivery with focus on key deliverables.
1564,2026,3,81%,Consistent delivery with focus on key deliverables.
1568,2024,2,78%,Needs improvement in deadlines and upskilling.
1568,2025,3,71%,Consistent delivery with focus on key deliverables.
1568,2026,3,74%,Consistent delivery with focus on key deliverables.
1569,2024,3,92%,Consistent delivery with focus on key deliverables.
1569,2025,4,83%,Consistent delivery with focus on key deliverables.
1569,2026,4,82%,Consistent delivery with focus on key deliverables.
1572,2024,3,84%,Consistent delivery with focus on key deliverables.
1572,2025,3,72%,Consistent delivery with focus on key deliverables.
1572,2026,4,88%,Consistent delivery with focus on key deliverables.
1573,2024,3,88%,Consistent delivery with focus on key deliverables.
1573,2025,4,92%,Consistent delivery with focus on key deliverables.
1573,2026,2,92%,Needs improvement in deadlines and upskilling.
1574,2024,3,99%,Consistent delivery with focus on key deliverables.
1574,2025,3,71%,Consistent delivery with focus on key deliverables.
1574,2026,3,94%,Consistent delivery with focus on key deliverables.
1576,2024,2,91%,Needs improvement in deadlines and upskilling.
1576,2025,3,88%,Consistent delivery with focus on key deliverables.
1576,2026,2,78%,Needs improvement in deadlines and upskilling.
1577,2024,3,98%,Consistent delivery with focus on key deliverables.
1577,2025,3,91%,Consistent delivery with focus on key deliverables.
1577,2026,4,77%,Consistent delivery with focus on key deliverables.
1578,2024,4,75%,Consistent delivery with focus on key deliverables.
1578,2025,4,89%,Consistent delivery with focus on key deliverables.
1578,2026,3,73%,Consistent delivery with focus on key deliverables.
1580,2024,4,97%,Consistent delivery with focus on key deliverables.
1580,2025,2,93%,Needs improvement in deadlines and upskilling.
1580,2026,3,87%,Consistent delivery with focus on key deliverables.
1581,2024,5,92%,Consistent delivery with focus on key deliverables.
1581,2025,3,86%,Consistent delivery with focus on key deliverables.
1581,2026,4,83%,Consistent delivery with focus on key deliverables.
1582,2024,4,80%,Consistent delivery with focus on key deliverables.
1582,2025,3,82%,Consistent delivery with focus on key deliverables.
1582,2026,2,89%,Needs improvement in deadlines and upskilling.
1583,2024,4,83%,Consistent delivery with focus on key deliverables.
1583,2025,3,99%,Consistent delivery with focus on key deliverables.
1583,2026,3,96%,Consistent delivery with focus on key deliverables.
1585,2024,3,89%,Consistent delivery with focus on key deliverables.
1585,2025,3,88%,Consistent delivery with focus on key deliverables.
1585,2026,3,72%,Consistent delivery with focus on key deliverables.
1586,2024,4,77%,Consistent delivery with focus on key deliverables.
1586,2025,2,94%,Needs improvement in deadlines and upskilling.
1586,2026,2,86%,Needs improvement in deadlines and upskilling.
1587,2024,3,90%,Consistent delivery with focus on key deliverables.
1587,2025,2,78%,Needs improvement in deadlines and upskilling.
1587,2026,2,79%,Needs improvement in deadlines and upskilling.
1588,2024,2,77%,Needs improvement in deadlines and upskilling.
1588,2025,3,71%,Consistent delivery with focus on key deliverables.
1588,2026,3,99%,Consistent delivery with focus on key deliverables.
1590,2024,4,78%,Consistent delivery with focus on key deliverables.
1590,2025,3,94%,Consistent delivery with focus on key deliverables.
1590,2026,3,93%,Consistent delivery with focus on key deliverables.
1591,2024,3,90%,Consistent delivery with focus on key deliverables.
1591,2025,3,76%,Consistent delivery with focus on key deliverables.
1591,2026,4,94%,Consistent delivery with focus on key deliverables.
1592,2024,3,73%,Consistent delivery with focus on key deliverables.
1592,2025,3,94%,Consistent delivery with focus on key deliverables.
1592,2026,3,91%,Consistent delivery with focus on key deliverables.
1594,2024,2,97%,Needs improvement in deadlines and upskilling.
1594,2025,3,88%,Consistent delivery with focus on key deliverables.
1594,2026,2,87%,Needs improvement in deadlines and upskilling.
1595,2024,3,76%,Consistent delivery with focus on key deliverables.
1595,2025,4,80%,Consistent delivery with focus on key deliverables.
1595,2026,4,80%,Consistent delivery with focus on key deliverables.
1596,2024,3,78%,Consistent delivery with focus on key deliverables.
1596,2025,3,93%,Consistent delivery with focus on key deliverables.
1596,2026,2,92%,Needs improvement in deadlines and upskilling.
1597,2024,2,70%,Needs improvement in deadlines and upskilling.
1597,2025,4,74%,Consistent delivery with focus on key deliverables.
1597,2026,2,95%,Needs improvement in deadlines and upskilling.
1598,2024,3,75%,Consistent delivery with focus on key deliverables.
1598,2025,3,90%,Consistent delivery with focus on key deliverables.
1598,2026,3,82%,Consistent delivery with focus on key deliverables.
1599,2024,3,86%,Consistent delivery with focus on key deliverables.
1599,2025,3,92%,Consistent delivery with focus on key deliverables.
1599,2026,3,90%,Consistent delivery with focus on key deliverables.
1601,2024,3,82%,Consistent delivery with focus on key deliverables.
1601,2025,3,72%,Consistent delivery with focus on key deliverables.
1601,2026,4,85%,Consistent delivery with focus on key deliverables.
1602,2024,2,81%,Needs improvement in deadlines and upskilling.
1602,2025,2,78%,Needs improvement in deadlines and upskilling.
1602,2026,4,73%,Consistent delivery with focus on key deliverables.
1604,2024,3,94%,Consistent delivery with focus on key deliverables.
1604,2025,4,87%,Consistent delivery with focus on key deliverables.
1604,2026,3,70%,Consistent delivery with focus on key deliverables.
1605,2024,3,89%,Consistent delivery with focus on key deliverables.
1605,2025,4,77%,Consistent delivery with focus on key deliverables.
1605,2026,4,97%,Consistent delivery with focus on key deliverables.
1606,2024,4,91%,Consistent delivery with focus on key deliverables.
1606,2025,2,83%,Needs improvement in deadlines and upskilling.
1606,2026,4,74%,Consistent delivery with focus on key deliverables.
1607,2024,4,90%,Consistent delivery with focus on key deliverables.
1607,2025,3,90%,Consistent delivery with focus on key deliverables.
1607,2026,3,93%,Consistent delivery with focus on key deliverables.
1608,2024,2,76%,Needs improvement in deadlines and upskilling.
1608,2025,3,99%,Consistent delivery with focus on key deliverables.
1608,2026,3,87%,Consistent delivery with focus on key deliverables.
1609,2024,3,81%,Consistent delivery with focus on key deliverables.
1609,2025,3,79%,Consistent delivery with focus on key deliverables.
1609,2026,2,78%,Needs improvement in deadlines and upskilling.
1611,2024,4,99%,Consistent delivery with focus on key deliverables.
1611,2025,2,91%,Needs improvement in deadlines and upskilling.
1611,2026,2,74%,Needs improvement in deadlines and upskilling.
1612,2024,3,79%,Consistent delivery with focus on key deliverables.
1612,2025,4,80%,Consistent delivery with focus on key deliverables.
1612,2026,3,76%,Consistent delivery with focus on key deliverables.
1613,2024,3,73%,Consistent delivery with focus on key deliverables.
1613,2025,2,88%,Needs improvement in deadlines and upskilling.
1613,2026,2,97%,Needs improvement in deadlines and upskilling.
1614,2024,4,97%,Consistent delivery with focus on key deliverables.
1614,2025,3,79%,Consistent delivery with focus on key deliverables.
1614,2026,3,71%,Consistent delivery with focus on key deliverables.
1615,2024,3,97%,Consistent delivery with focus on key deliverables.
1615,2025,3,79%,Consistent delivery with focus on key deliverables.
1615,2026,2,76%,Needs improvement in deadlines and upskilling.
1617,2024,2,71%,Needs improvement in deadlines and upskilling.
1617,2025,3,84%,Consistent delivery with focus on key deliverables.
1617,2026,3,74%,Consistent delivery with focus on key deliverables.
1618,2024,3,77%,Consistent delivery with focus on key deliverables.
1618,2025,4,87%,Consistent delivery with focus on key deliverables.
1618,2026,3,77%,Consistent delivery with focus on key deliverables.
1619,2024,3,75%,Consistent delivery with focus on key deliverables.
1619,2025,2,96%,Needs improvement in deadlines and upskilling.
1619,2026,2,86%,Needs improvement in deadlines and upskilling.
1621,2024,3,75%,Consistent delivery with focus on key deliverables.
1621,2025,2,78%,Needs improvement in deadlines and upskilling.
1621,2026,4,81%,Consistent delivery with focus on key deliverables.
1622,2024,4,70%,Consistent delivery with focus on key deliverables.
1622,2025,4,98%,Consistent delivery with focus on key deliverables.
1622,2026,4,72%,Consistent delivery with focus on key deliverables.
1623,2024,3,78%,Consistent delivery with focus on key deliverables.
1623,2025,3,77%,Consistent delivery with focus on key deliverables.
1623,2026,3,84%,Consistent delivery with focus on key deliverables.
1624,2024,3,75%,Consistent delivery with focus on key deliverables.
1624,2025,4,92%,Consistent delivery with focus on key deliverables.
1624,2026,3,98%,Consistent delivery with focus on key deliverables.
1625,2024,3,80%,Consistent delivery with focus on key deliverables.
1625,2025,4,98%,Consistent delivery with focus on key deliverables.
1625,2026,2,77%,Needs improvement in deadlines and upskilling.
1627,2024,3,89%,Consistent delivery with focus on key deliverables.
1627,2025,3,76%,Consistent delivery with focus on key deliverables.
1627,2026,2,97%,Needs improvement in deadlines and upskilling.
1628,2024,2,95%,Needs improvement in deadlines and upskilling.
1628,2025,2,92%,Needs improvement in deadlines and upskilling.
1628,2026,4,71%,Consistent delivery with focus on key deliverables.
1630,2024,3,83%,Consistent delivery with focus on key deliverables.
1630,2025,3,81%,Consistent delivery with focus on key deliverables.
1630,2026,3,95%,Consistent delivery with focus on key deliverables.
1631,2024,3,86%,Consistent delivery with focus on key deliverables.
1631,2025,3,75%,Consistent delivery with focus on key deliverables.
1631,2026,2,74%,Needs improvement in deadlines and upskilling.
1633,2024,2,75%,Needs improvement in deadlines and upskilling.
1633,2025,3,85%,Consistent delivery with focus on key deliverables.
1633,2026,3,87%,Consistent delivery with focus on key deliverables.
1635,2024,3,94%,Consistent delivery with focus on key deliverables.
1635,2025,3,95%,Consistent delivery with focus on key deliverables.
1635,2026,3,73%,Consistent delivery with focus on key deliverables.
1638,2024,3,74%,Consistent delivery with focus on key deliverables.
1638,2025,2,74%,Needs improvement in deadlines and upskilling.
1638,2026,3,87%,Consistent delivery with focus on key deliverables.
1639,2024,3,89%,Consistent delivery with focus on key deliverables.
1639,2025,4,71%,Consistent delivery with focus on key deliverables.
1639,2026,3,92%,Consistent delivery with focus on key deliverables.
1640,2024,4,82%,Consistent delivery with focus on key deliverables.
1640,2025,2,86%,Needs improvement in deadlines and upskilling.
1640,2026,2,95%,Needs improvement in deadlines and upskilling.
1641,2024,3,96%,Consistent delivery with focus on key deliverables.
1641,2025,2,95%,Needs improvement in deadlines and upskilling.
1641,2026,3,83%,Consistent delivery with focus on key deliverables.
1642,2024,2,83%,Needs improvement in deadlines and upskilling.
1642,2025,4,74%,Consistent delivery with focus on key deliverables.
1642,2026,2,73%,Needs improvement in deadlines and upskilling.
1644,2024,4,98%,Consistent delivery with focus on key deliverables.
1644,2025,3,82%,Consistent delivery with focus on key deliverables.
1644,2026,5,87%,Consistent delivery with focus on key deliverables.
1645,2024,4,87%,Consistent delivery with focus on key deliverables.
1645,2025,3,92%,Consistent delivery with focus on key deliverables.
1645,2026,4,89%,Consistent delivery with focus on key deliverables.
1646,2024,2,89%,Needs improvement in deadlines and upskilling.
1646,2025,3,87%,Consistent delivery with focus on key deliverables.
1646,2026,4,96%,Consistent delivery with focus on key deliverables.
1647,2024,3,82%,Consistent delivery with focus on key deliverables.
1647,2025,2,71%,Needs improvement in deadlines and upskilling.
1647,2026,4,83%,Consistent delivery with focus on key deliverables.
1648,2024,3,93%,Consistent delivery with focus on key deliverables.
1648,2025,3,99%,Consistent delivery with focus on key deliverables.
1648,2026,3,70%,Consistent delivery with focus on key deliverables.
1649,2024,3,98%,Consistent delivery with focus on key deliverables.
1649,2025,2,78%,Needs improvement in deadlines and upskilling.
1649,2026,3,71%,Consistent delivery with focus on key deliverables.
1650,2024,4,73%,Consistent delivery with focus on key deliverables.
1650,2025,2,86%,Needs improvement in deadlines and upskilling.
1650,2026,3,92%,Consistent delivery with focus on key deliverables.
1651,2024,3,73%,Consistent delivery with focus on key deliverables.
1651,2025,4,71%,Consistent delivery with focus on key deliverables.
1651,2026,2,92%,Needs improvement in deadlines and upskilling.
1653,2024,3,85%,Consistent delivery with focus on key deliverables.
1653,2025,3,83%,Consistent delivery with focus on key deliverables.
1653,2026,4,81%,Consistent delivery with focus on key deliverables.
1654,2024,4,88%,Consistent delivery with focus on key deliverables.
1654,2025,5,72%,Consistent delivery with focus on key deliverables.
1654,2026,4,80%,Consistent delivery with focus on key deliverables.
1655,2024,4,86%,Consistent delivery with focus on key deliverables.
1655,2025,2,76%,Needs improvement in deadlines and upskilling.
1655,2026,2,88%,Needs improvement in deadlines and upskilling.
1656,2024,2,90%,Needs improvement in deadlines and upskilling.
1656,2025,3,88%,Consistent delivery with focus on key deliverables.
1656,2026,2,86%,Needs improvement in deadlines and upskilling.
1657,2024,3,78%,Consistent delivery with focus on key deliverables.
1657,2025,3,74%,Consistent delivery with focus on key deliverables.
1657,2026,3,71%,Consistent delivery with focus on key deliverables.
1658,2024,4,84%,Consistent delivery with focus on key deliverables.
1658,2025,4,88%,Consistent delivery with focus on key deliverables.
1658,2026,2,92%,Needs improvement in deadlines and upskilling.
1659,2024,4,88%,Consistent delivery with focus on key deliverables.
1659,2025,4,84%,Consistent delivery with focus on key deliverables.
1659,2026,2,70%,Needs improvement in deadlines and upskilling.
1661,2024,3,96%,Consistent delivery with focus on key deliverables.
1661,2025,2,76%,Needs improvement in deadlines and upskilling.
1661,2026,3,98%,Consistent delivery with focus on key deliverables.
1662,2024,2,85%,Needs improvement in deadlines and upskilling.
1662,2025,4,83%,Consistent delivery with focus on key deliverables.
1662,2026,3,71%,Consistent delivery with focus on key deliverables.
1664,2024,4,97%,Consistent delivery with focus on key deliverables.
1664,2025,4,77%,Consistent delivery with focus on key deliverables.
1664,2026,3,94%,Consistent delivery with focus on key deliverables.
1665,2024,4,85%,Consistent delivery with focus on key deliverables.
1665,2025,4,73%,Consistent delivery with focus on key deliverables.
1665,2026,5,97%,Consistent delivery with focus on key deliverables.
1666,2024,3,73%,Consistent delivery with focus on key deliverables.
1666,2025,4,94%,Consistent delivery with focus on key deliverables.
1666,2026,3,70%,Consistent delivery with focus on key deliverables.
1667,2024,5,87%,Consistent delivery with focus on key deliverables.
1667,2025,5,89%,Consistent delivery with focus on key deliverables.
1667,2026,4,77%,Consistent delivery with focus on key deliverables.
1668,2024,3,87%,Consistent delivery with focus on key deliverables.
1668,2025,3,72%,Consistent delivery with focus on key deliverables.
1668,2026,2,90%,Needs improvement in deadlines and upskilling.
1669,2024,3,81%,Consistent delivery with focus on key deliverables.
1669,2025,3,77%,Consistent delivery with focus on key deliverables.
1669,2026,3,74%,Consistent delivery with focus on key deliverables.
1670,2024,2,94%,Needs improvement in deadlines and upskilling.
1670,2025,3,80%,Consistent delivery with focus on key deliverables.
1670,2026,4,92%,Consistent delivery with focus on key deliverables.
1671,2024,4,85%,Consistent delivery with focus on key deliverables.
1671,2025,4,92%,Consistent delivery with focus on key deliverables.
1671,2026,2,79%,Needs improvement in deadlines and upskilling.
1673,2024,3,78%,Consistent delivery with focus on key deliverables.
1673,2025,3,89%,Consistent delivery with focus on key deliverables.
1673,2026,3,80%,Consistent delivery with focus on key deliverables.
1674,2024,2,86%,Needs improvement in deadlines and upskilling.
1674,2025,2,94%,Needs improvement in deadlines and upskilling.
1674,2026,3,85%,Consistent delivery with focus on key deliverables.
1675,2024,5,73%,Consistent delivery with focus on key deliverables.
1675,2025,4,93%,Consistent delivery with focus on key deliverables.
1675,2026,4,84%,Consistent delivery with focus on key deliverables.
1676,2024,3,89%,Consistent delivery with focus on key deliverables.
1676,2025,2,88%,Needs improvement in deadlines and upskilling.
1676,2026,4,85%,Consistent delivery with focus on key deliverables.
1677,2024,4,88%,Consistent delivery with focus on key deliverables.
1677,2025,2,86%,Needs improvement in deadlines and upskilling.
1677,2026,2,73%,Needs improvement in deadlines and upskilling.
1678,2024,3,73%,Consistent delivery with focus on key deliverables.
1678,2025,2,72%,Needs improvement in deadlines and upskilling.
1678,2026,3,91%,Consistent delivery with focus on key deliverables.
1680,2024,4,87%,Consistent delivery with focus on key deliverables.
1680,2025,2,89%,Needs improvement in deadlines and upskilling.
1680,2026,4,74%,Consistent delivery with focus on key deliverables.
1681,2024,3,78%,Consistent delivery with focus on key deliverables.
1681,2025,4,92%,Consistent delivery with focus on key deliverables.
1681,2026,4,96%,Consistent delivery with focus on key deliverables.
1682,2024,4,84%,Consistent delivery with focus on key deliverables.
1682,2025,2,83%,Needs improvement in deadlines and upskilling.
1682,2026,2,93%,Needs improvement in deadlines and upskilling.
1683,2024,3,95%,Consistent delivery with focus on key deliverables.
1683,2025,2,87%,Needs improvement in deadlines and upskilling.
1683,2026,2,97%,Needs improvement in deadlines and upskilling.
1684,2024,2,85%,Needs improvement in deadlines and upskilling.
1684,2025,3,85%,Consistent delivery with focus on key deliverables.
1684,2026,4,93%,Consistent delivery with focus on key deliverables.
1687,2024,3,88%,Consistent delivery with focus on key deliverables.
1687,2025,3,98%,Consistent delivery with focus on key deliverables.
1687,2026,2,87%,Needs improvement in deadlines and upskilling.
1689,2024,3,77%,Consistent delivery with focus on key deliverables.
1689,2025,3,90%,Consistent delivery with focus on key deliverables.
1689,2026,3,88%,Consistent delivery with focus on key deliverables.
1691,2024,2,94%,Needs improvement in deadlines and upskilling.
1691,2025,4,72%,Consistent delivery with focus on key deliverables.
1691,2026,4,84%,Consistent delivery with focus on key deliverables.
1692,2024,3,92%,Consistent delivery with focus on key deliverables.
1692,2025,4,85%,Consistent delivery with focus on key deliverables.
1692,2026,2,88%,Needs improvement in deadlines and upskilling.
1693,2024,4,75%,Consistent delivery with focus on key deliverables.
1693,2025,3,81%,Consistent delivery with focus on key deliverables.
1693,2026,4,78%,Consistent delivery with focus on key deliverables.
1694,2024,3,98%,Consistent delivery with focus on key deliverables.
1694,2025,3,92%,Consistent delivery with focus on key deliverables.
1694,2026,3,83%,Consistent delivery with focus on key deliverables.
1696,2024,3,93%,Consistent delivery with focus on key deliverables.
1696,2025,2,74%,Needs improvement in deadlines and upskilling.
1696,2026,2,73%,Needs improvement in deadlines and upskilling.
1697,2024,3,91%,Consistent delivery with focus on key deliverables.
1697,2025,3,97%,Consistent delivery with focus on key deliverables.
1697,2026,5,82%,Consistent delivery with focus on key deliverables.
1698,2024,4,93%,Consistent delivery with focus on key deliverables.
1698,2025,2,85%,Needs improvement in deadlines and upskilling.
1698,2026,4,94%,Consistent delivery with focus on key deliverables.
1700,2024,3,99%,Consistent delivery with focus on key deliverables.
1700,2025,4,72%,Consistent delivery with focus on key deliverables.
1700,2026,3,98%,Consistent delivery with focus on key deliverables.
1701,2024,2,99%,Needs improvement in deadlines and upskilling.
1701,2025,3,90%,Consistent delivery with focus on key deliverables.
1701,2026,3,96%,Consistent delivery with focus on key deliverables.
1702,2024,5,89%,Consistent delivery with focus on key deliverables.
1702,2025,4,99%,Consistent delivery with focus on key deliverables.
1702,2026,3,70%,Consistent delivery with focus on key deliverables.
1703,2024,3,77%,Consistent delivery with focus on key deliverables.
1703,2025,4,79%,Consistent delivery with focus on key deliverables.
1703,2026,3,85%,Consistent delivery with focus on key deliverables.
1704,2024,3,73%,Consistent delivery with focus on key deliverables.
1704,2025,3,98%,Consistent delivery with focus on key deliverables.
1704,2026,2,72%,Needs improvement in deadlines and upskilling.
1706,2024,3,77%,Consistent delivery with focus on key deliverables.
1706,2025,3,76%,Consistent delivery with focus on key deliverables.
1706,2026,2,77%,Needs improvement in deadlines and upskilling.
1707,2024,2,93%,Needs improvement in deadlines and upskilling.
1707,2025,3,95%,Consistent delivery with focus on key deliverables.
1707,2026,2,96%,Needs improvement in deadlines and upskilling.
1708,2024,2,80%,Needs improvement in deadlines and upskilling.
1708,2025,3,98%,Consistent delivery with focus on key deliverables.
1708,2026,2,83%,Needs improvement in deadlines and upskilling.
1709,2024,2,87%,Needs improvement in deadlines and upskilling.
1709,2025,3,93%,Consistent delivery with focus on key deliverables.
1709,2026,3,94%,Consistent delivery with focus on key deliverables.
1710,2024,3,97%,Consistent delivery with focus on key deliverables.
1710,2025,2,74%,Needs improvement in deadlines and upskilling.
1710,2026,4,84%,Consistent delivery with focus on key deliverables.
1712,2024,4,97%,Consistent delivery with focus on key deliverables.
1712,2025,5,70%,Consistent delivery with focus on key deliverables.
1712,2026,4,93%,Consistent delivery with focus on key deliverables.
1714,2024,3,81%,Consistent delivery with focus on key deliverables.
1714,2025,3,82%,Consistent delivery with focus on key deliverables.
1714,2026,4,76%,Consistent delivery with focus on key deliverables.
1716,2024,2,70%,Needs improvement in deadlines and upskilling.
1716,2025,2,93%,Needs improvement in deadlines and upskilling.
1716,2026,2,98%,Needs improvement in deadlines and upskilling.
1718,2024,3,90%,Consistent delivery with focus on key deliverables.
1718,2025,4,99%,Consistent delivery with focus on key deliverables.
1718,2026,2,94%,Needs improvement in deadlines and upskilling.
1719,2024,4,90%,Consistent delivery with focus on key deliverables.
1719,2025,3,99%,Consistent delivery with focus on key deliverables.
1719,2026,3,97%,Consistent delivery with focus on key deliverables.
1720,2024,4,99%,Consistent delivery with focus on key deliverables.
1720,2025,3,96%,Consistent delivery with focus on key deliverables.
1720,2026,2,96%,Needs improvement in deadlines and upskilling.
1721,2024,3,99%,Consistent delivery with focus on key deliverables.
1721,2025,3,71%,Consistent delivery with focus on key deliverables.
1721,2026,3,91%,Consistent delivery with focus on key deliverables.
1722,2024,3,75%,Consistent delivery with focus on key deliverables.
1722,2025,3,98%,Consistent delivery with focus on key deliverables.
1722,2026,2,86%,Needs improvement in deadlines and upskilling.
1724,2024,3,82%,Consistent delivery with focus on key deliverables.
1724,2025,2,92%,Needs improvement in deadlines and upskilling.
1724,2026,3,80%,Consistent delivery with focus on key deliverables.
1725,2024,3,97%,Consistent delivery with focus on key deliverables.
1725,2025,4,89%,Consistent delivery with focus on key deliverables.
1725,2026,3,82%,Consistent delivery with focus on key deliverables.
1727,2024,4,80%,Consistent delivery with focus on key deliverables.
1727,2025,4,88%,Consistent delivery with focus on key deliverables.
1727,2026,3,97%,Consistent delivery with focus on key deliverables.
1728,2024,3,90%,Consistent delivery with focus on key deliverables.
1728,2025,3,76%,Consistent delivery with focus on key deliverables.
1728,2026,2,90%,Needs improvement in deadlines and upskilling.
1729,2024,3,89%,Consistent delivery with focus on key deliverables.
1729,2025,2,91%,Needs improvement in deadlines and upskilling.
1729,2026,2,91%,Needs improvement in deadlines and upskilling.
1731,2024,3,83%,Consistent delivery with focus on key deliverables.
1731,2025,3,86%,Consistent delivery with focus on key deliverables.
1731,2026,4,80%,Consistent delivery with focus on key deliverables.
1732,2024,3,99%,Consistent delivery with focus on key deliverables.
1732,2025,3,82%,Consistent delivery with focus on key deliverables.
1732,2026,3,88%,Consistent delivery with focus on key deliverables.
1733,2024,3,71%,Consistent delivery with focus on key deliverables.
1733,2025,3,83%,Consistent delivery with focus on key deliverables.
1733,2026,4,85%,Consistent delivery with focus on key deliverables.
1734,2024,3,70%,Consistent delivery with focus on key deliverables.
1734,2025,2,71%,Needs improvement in deadlines and upskilling.
1734,2026,2,94%,Needs improvement in deadlines and upskilling.
1735,2024,3,87%,Consistent delivery with focus on key deliverables.
1735,2025,2,89%,Needs improvement in deadlines and upskilling.
1735,2026,3,87%,Consistent delivery with focus on key deliverables.
1736,2024,4,77%,Consistent delivery with focus on key deliverables.
1736,2025,3,77%,Consistent delivery with focus on key deliverables.
1736,2026,4,87%,Consistent delivery with focus on key deliverables.
1737,2024,3,80%,Consistent delivery with focus on key deliverables.
1737,2025,3,80%,Consistent delivery with focus on key deliverables.
1737,2026,3,77%,Consistent delivery with focus on key deliverables.
1739,2024,3,77%,Consistent delivery with focus on key deliverables.
1739,2025,3,70%,Consistent delivery with focus on key deliverables.
1739,2026,3,89%,Consistent delivery with focus on key deliverables.
1740,2024,3,90%,Consistent delivery with focus on key deliverables.
1740,2025,4,85%,Consistent delivery with focus on key deliverables.
1740,2026,3,85%,Consistent delivery with focus on key deliverables.
1744,2024,4,86%,Consistent delivery with focus on key deliverables.
1744,2025,5,97%,Consistent delivery with focus on key deliverables.
1744,2026,5,78%,Consistent delivery with focus on key deliverables.
1745,2024,3,88%,Consistent delivery with focus on key deliverables.
1745,2025,2,98%,Needs improvement in deadlines and upskilling.
1745,2026,2,87%,Needs improvement in deadlines and upskilling.
1746,2024,3,95%,Consistent delivery with focus on key deliverables.
1746,2025,3,75%,Consistent delivery with focus on key deliverables.
1746,2026,4,72%,Consistent delivery with focus on key deliverables.
1747,2024,3,75%,Consistent delivery with focus on key deliverables.
1747,2025,3,87%,Consistent delivery with focus on key deliverables.
1747,2026,4,93%,Consistent delivery with focus on key deliverables.
1749,2024,2,70%,Needs improvement in deadlines and upskilling.
1749,2025,3,83%,Consistent delivery with focus on key deliverables.
1749,2026,2,94%,Needs improvement in deadlines and upskilling.
1751,2024,2,82%,Needs improvement in deadlines and upskilling.
1751,2025,2,75%,Needs improvement in deadlines and upskilling.
1751,2026,3,94%,Consistent delivery with focus on key deliverables.
1752,2024,3,74%,Consistent delivery with focus on key deliverables.
1752,2025,2,90%,Needs improvement in deadlines and upskilling.
1752,2026,3,83%,Consistent delivery with focus on key deliverables.
1753,2024,4,71%,Consistent delivery with focus on key deliverables.
1753,2025,3,98%,Consistent delivery with focus on key deliverables.
1753,2026,2,79%,Needs improvement in deadlines and upskilling.
1754,2024,3,88%,Consistent delivery with focus on key deliverables.
1754,2025,2,98%,Needs improvement in deadlines and upskilling.
1754,2026,3,99%,Consistent delivery with focus on key deliverables.
1755,2024,3,98%,Consistent delivery with focus on key deliverables.
1755,2025,3,78%,Consistent delivery with focus on key deliverables.
1755,2026,3,92%,Consistent delivery with focus on key deliverables.
1756,2024,4,83%,Consistent delivery with focus on key deliverables.
1756,2025,4,93%,Consistent delivery with focus on key deliverables.
1756,2026,4,86%,Consistent delivery with focus on key deliverables.
1757,2024,4,94%,Consistent delivery with focus on key deliverables.
1757,2025,3,99%,Consistent delivery with focus on key deliverables.
1757,2026,2,94%,Needs improvement in deadlines and upskilling.
1758,2024,4,96%,Consistent delivery with focus on key deliverables.
1758,2025,4,82%,Consistent delivery with focus on key deliverables.
1758,2026,4,83%,Consistent delivery with focus on key deliverables.
1760,2024,3,85%,Consistent delivery with focus on key deliverables.
1760,2025,4,90%,Consistent delivery with focus on key deliverables.
1760,2026,4,84%,Consistent delivery with focus on key deliverables.
1761,2024,3,94%,Consistent delivery with focus on key deliverables.
1761,2025,3,91%,Consistent delivery with focus on key deliverables.
1761,2026,3,81%,Consistent delivery with focus on key deliverables.
1762,2024,3,97%,Consistent delivery with focus on key deliverables.
1762,2025,3,74%,Consistent delivery with focus on key deliverables.
1762,2026,4,77%,Consistent delivery with focus on key deliverables.
1763,2024,3,75%,Consistent delivery with focus on key deliverables.
1763,2025,4,85%,Consistent delivery with focus on key deliverables.
1763,2026,4,81%,Consistent delivery with focus on key deliverables.
1764,2024,3,82%,Consistent delivery with focus on key deliverables.
1764,2025,3,77%,Consistent delivery with focus on key deliverables.
1764,2026,4,98%,Consistent delivery with focus on key deliverables.
1766,2024,3,92%,Consistent delivery with focus on key deliverables.
1766,2025,2,82%,Needs improvement in deadlines and upskilling.
1766,2026,2,82%,Needs improvement in deadlines and upskilling.
1767,2024,4,97%,Consistent delivery with focus on key deliverables.
1767,2025,2,76%,Needs improvement in deadlines and upskilling.
1767,2026,2,83%,Needs improvement in deadlines and upskilling.
1768,2024,3,86%,Consistent delivery with focus on key deliverables.
1768,2025,4,85%,Consistent delivery with focus on key deliverables.
1768,2026,4,98%,Consistent delivery with focus on key deliverables.
1770,2024,2,71%,Needs improvement in deadlines and upskilling.
1770,2025,3,95%,Consistent delivery with focus on key deliverables.
1770,2026,2,97%,Needs improvement in deadlines and upskilling.
1771,2024,4,72%,Consistent delivery with focus on key deliverables.
1771,2025,2,75%,Needs improvement in deadlines and upskilling.
1771,2026,2,95%,Needs improvement in deadlines and upskilling.
1772,2024,4,76%,Consistent delivery with focus on key deliverables.
1772,2025,4,96%,Consistent delivery with focus on key deliverables.
1772,2026,5,96%,Consistent delivery with focus on key deliverables.
1774,2024,3,72%,Consistent delivery with focus on key deliverables.
1774,2025,4,84%,Consistent delivery with focus on key deliverables.
1774,2026,3,75%,Consistent delivery with focus on key deliverables.
1775,2024,4,99%,Consistent delivery with focus on key deliverables.
1775,2025,4,85%,Consistent delivery with focus on key deliverables.
1775,2026,4,80%,Consistent delivery with focus on key deliverables.
1778,2024,2,77%,Needs improvement in deadlines and upskilling.
1778,2025,2,92%,Needs improvement in deadlines and upskilling.
1778,2026,3,79%,Consistent delivery with focus on key deliverables.
1779,2024,3,72%,Consistent delivery with focus on key deliverables.
1779,2025,3,83%,Consistent delivery with focus on key deliverables.
1779,2026,3,90%,Consistent delivery with focus on key deliverables.
1780,2024,4,90%,Consistent delivery with focus on key deliverables.
1780,2025,2,82%,Needs improvement in deadlines and upskilling.
1780,2026,2,95%,Needs improvement in deadlines and upskilling.
1782,2024,2,81%,Needs improvement in deadlines and upskilling.
1782,2025,3,74%,Consistent delivery with focus on key deliverables.
1782,2026,3,82%,Consistent delivery with focus on key deliverables.
1783,2024,2,93%,Needs improvement in deadlines and upskilling.
1783,2025,3,83%,Consistent delivery with focus on key deliverables.
1783,2026,3,98%,Consistent delivery with focus on key deliverables.
1784,2024,2,81%,Needs improvement in deadlines and upskilling.
1784,2025,3,85%,Consistent delivery with focus on key deliverables.
1784,2026,3,78%,Consistent delivery with focus on key deliverables.
1786,2024,2,99%,Needs improvement in deadlines and upskilling.
1786,2025,4,85%,Consistent delivery with focus on key deliverables.
1786,2026,3,98%,Consistent delivery with focus on key deliverables.
1787,2024,3,81%,Consistent delivery with focus on key deliverables.
1787,2025,3,78%,Consistent delivery with focus on key deliverables.
1787,2026,3,79%,Consistent delivery with focus on key deliverables.
1789,2024,3,71%,Consistent delivery with focus on key deliverables.
1789,2025,4,89%,Consistent delivery with focus on key deliverables.
1789,2026,3,87%,Consistent delivery with focus on key deliverables.
1790,2024,4,76%,Consistent delivery with focus on key deliverables.
1790,2025,3,83%,Consistent delivery with focus on key deliverables.
1790,2026,4,76%,Consistent delivery with focus on key deliverables.
1792,2024,2,98%,Needs improvement in deadlines and upskilling.
1792,2025,4,97%,Consistent delivery with focus on key deliverables.
1792,2026,2,72%,Needs improvement in deadlines and upskilling.
1794,2024,3,72%,Consistent delivery with focus on key deliverables.
1794,2025,4,73%,Consistent delivery with focus on key deliverables.
1794,2026,3,92%,Consistent delivery with focus on key deliverables.
1797,2024,3,92%,Consistent delivery with focus on key deliverables.
1797,2025,3,74%,Consistent delivery with focus on key deliverables.
1797,2026,3,85%,Consistent delivery with focus on key deliverables.
1798,2024,4,93%,Consistent delivery with focus on key deliverables.
1798,2025,2,95%,Needs improvement in deadlines and upskilling.
1798,2026,4,97%,Consistent delivery with focus on key deliverables.
1799,2024,3,94%,Consistent delivery with focus on key deliverables.
1799,2025,3,75%,Consistent delivery with focus on key deliverables.
1799,2026,3,92%,Consistent delivery with focus on key deliverables.
1800,2024,4,91%,Consistent delivery with focus on key deliverables.
1800,2025,4,96%,Consistent delivery with focus on key deliverables.
1800,2026,3,70%,Consistent delivery with focus on key deliverables.
1801,2024,2,76%,Needs improvement in deadlines and upskilling.
1801,2025,4,70%,Consistent delivery with focus on key deliverables.
1801,2026,3,82%,Consistent delivery with focus on key deliverables.
1802,2024,4,73%,Consistent delivery with focus on key deliverables.
1802,2025,2,76%,Needs improvement in deadlines and upskilling.
1802,2026,3,75%,Consistent delivery with focus on key deliverables.
1803,2024,2,80%,Needs improvement in deadlines and upskilling.
1803,2025,3,78%,Consistent delivery with focus on key deliverables.
1803,2026,3,91%,Consistent delivery with focus on key deliverables.
1804,2024,3,76%,Consistent delivery with focus on key deliverables.
1804,2025,2,92%,Needs improvement in deadlines and upskilling.
1804,2026,3,88%,Consistent delivery with focus on key deliverables.
1805,2024,3,70%,Consistent delivery with focus on key deliverables.
1805,2025,3,85%,Consistent delivery with focus on key deliverables.
1805,2026,2,92%,Needs improvement in deadlines and upskilling.
1807,2024,3,88%,Consistent delivery with focus on key deliverables.
1807,2025,3,85%,Consistent delivery with focus on key deliverables.
1807,2026,2,72%,Needs improvement in deadlines and upskilling.
1809,2024,3,82%,Consistent delivery with focus on key deliverables.
1809,2025,3,76%,Consistent delivery with focus on key deliverables.
1809,2026,3,95%,Consistent delivery with focus on key deliverables.
1812,2024,3,92%,Consistent delivery with focus on key deliverables.
1812,2025,3,86%,Consistent delivery with focus on key deliverables.
1812,2026,2,95%,Needs improvement in deadlines and upskilling.
1813,2024,3,71%,Consistent delivery with focus on key deliverables.
1813,2025,2,99%,Needs improvement in deadlines and upskilling.
1813,2026,4,99%,Consistent delivery with focus on key deliverables.
1814,2024,3,95%,Consistent delivery with focus on key deliverables.
1814,2025,3,80%,Consistent delivery with focus on key deliverables.
1814,2026,4,92%,Consistent delivery with focus on key deliverables.
1815,2024,2,85%,Needs improvement in deadlines and upskilling.
1815,2025,4,72%,Consistent delivery with focus on key deliverables.
1815,2026,3,70%,Consistent delivery with focus on key deliverables.
1816,2024,2,85%,Needs improvement in deadlines and upskilling.
1816,2025,2,97%,Needs improvement in deadlines and upskilling.
1816,2026,4,70%,Consistent delivery with focus on key deliverables.
1818,2024,4,99%,Consistent delivery with focus on key deliverables.
1818,2025,4,83%,Consistent delivery with focus on key deliverables.
1818,2026,3,79%,Consistent delivery with focus on key deliverables.
1821,2024,3,75%,Consistent delivery with focus on key deliverables.
1821,2025,3,88%,Consistent delivery with focus on key deliverables.
1821,2026,4,85%,Consistent delivery with focus on key deliverables.
1822,2024,3,80%,Consistent delivery with focus on key deliverables.
1822,2025,3,90%,Consistent delivery with focus on key deliverables.
1822,2026,3,83%,Consistent delivery with focus on key deliverables.
1823,2024,4,96%,Consistent delivery with focus on key deliverables.
1823,2025,4,81%,Consistent delivery with focus on key deliverables.
1823,2026,5,89%,Consistent delivery with focus on key deliverables.
1824,2024,4,74%,Consistent delivery with focus on key deliverables.
1824,2025,3,80%,Consistent delivery with focus on key deliverables.
1824,2026,4,79%,Consistent delivery with focus on key deliverables.
1826,2024,2,84%,Needs improvement in deadlines and upskilling.
1826,2025,4,82%,Consistent delivery with focus on key deliverables.
1826,2026,3,71%,Consistent delivery with focus on key deliverables.
1827,2024,3,82%,Consistent delivery with focus on key deliverables.
1827,2025,4,94%,Consistent delivery with focus on key deliverables.
1827,2026,3,73%,Consistent delivery with focus on key deliverables.
1829,2024,3,97%,Consistent delivery with focus on key deliverables.
1829,2025,4,84%,Consistent delivery with focus on key deliverables.
1829,2026,2,71%,Needs improvement in deadlines and upskilling.
1830,2024,4,85%,Consistent delivery with focus on key deliverables.
1830,2025,3,90%,Consistent delivery with focus on key deliverables.
1830,2026,3,86%,Consistent delivery with focus on key deliverables.
1833,2024,4,73%,Consistent delivery with focus on key deliverables.
1833,2025,3,82%,Consistent delivery with focus on key deliverables.
1833,2026,3,86%,Consistent delivery with focus on key deliverables.
1834,2024,3,78%,Consistent delivery with focus on key deliverables.
1834,2025,3,87%,Consistent delivery with focus on key deliverables.
1834,2026,4,83%,Consistent delivery with focus on key deliverables.
1835,2024,4,89%,Consistent delivery with focus on key deliverables.
1835,2025,4,71%,Consistent delivery with focus on key deliverables.
1835,2026,5,96%,Consistent delivery with focus on key deliverables.
1836,2024,2,75%,Needs improvement in deadlines and upskilling.
1836,2025,3,91%,Consistent delivery with focus on key deliverables.
1836,2026,4,95%,Consistent delivery with focus on key deliverables.
1837,2024,3,73%,Consistent delivery with focus on key deliverables.
1837,2025,4,90%,Consistent delivery with focus on key deliverables.
1837,2026,4,72%,Consistent delivery with focus on key deliverables.
1839,2024,2,88%,Needs improvement in deadlines and upskilling.
1839,2025,3,90%,Consistent delivery with focus on key deliverables.
1839,2026,2,83%,Needs improvement in deadlines and upskilling.
1842,2024,3,91%,Consistent delivery with focus on key deliverables.
1842,2025,4,85%,Consistent delivery with focus on key deliverables.
1842,2026,3,98%,Consistent delivery with focus on key deliverables.
1844,2024,4,86%,Consistent delivery with focus on key deliverables.
1844,2025,3,98%,Consistent delivery with focus on key deliverables.
1844,2026,3,82%,Consistent delivery with focus on key deliverables.
1845,2024,3,82%,Consistent delivery with focus on key deliverables.
1845,2025,4,83%,Consistent delivery with focus on key deliverables.
1845,2026,4,85%,Consistent delivery with focus on key deliverables.
1847,2024,3,89%,Consistent delivery with focus on key deliverables.
1847,2025,5,90%,Consistent delivery with focus on key deliverables.
1847,2026,3,99%,Consistent delivery with focus on key deliverables.
1849,2024,5,85%,Consistent delivery with focus on key deliverables.
1849,2025,3,93%,Consistent delivery with focus on key deliverables.
1849,2026,4,70%,Consistent delivery with focus on key deliverables.
1850,2024,3,80%,Consistent delivery with focus on key deliverables.
1850,2025,3,95%,Consistent delivery with focus on key deliverables.
1850,2026,3,72%,Consistent delivery with focus on key deliverables.
1852,2024,3,93%,Consistent delivery with focus on key deliverables.
1852,2025,3,80%,Consistent delivery with focus on key deliverables.
1852,2026,2,71%,Needs improvement in deadlines and upskilling.
1853,2024,4,89%,Consistent delivery with focus on key deliverables.
1853,2025,3,85%,Consistent delivery with focus on key deliverables.
1853,2026,4,85%,Consistent delivery with focus on key deliverables.
1854,2024,3,70%,Consistent delivery with focus on key deliverables.
1854,2025,5,75%,Consistent delivery with focus on key deliverables.
1854,2026,4,94%,Consistent delivery with focus on key deliverables.
1856,2024,2,80%,Needs improvement in deadlines and upskilling.
1856,2025,2,89%,Needs improvement in deadlines and upskilling.
1856,2026,2,92%,Needs improvement in deadlines and upskilling.
1857,2024,3,71%,Consistent delivery with focus on key deliverables.
1857,2025,3,77%,Consistent delivery with focus on key deliverables.
1857,2026,2,92%,Needs improvement in deadlines and upskilling.
1858,2024,3,95%,Consistent delivery with focus on key deliverables.
1858,2025,2,96%,Needs improvement in deadlines and upskilling.
1858,2026,3,78%,Consistent delivery with focus on key deliverables.
1859,2024,2,74%,Needs improvement in deadlines and upskilling.
1859,2025,3,91%,Consistent delivery with focus on key deliverables.
1859,2026,3,81%,Consistent delivery with focus on key deliverables.
1860,2024,4,81%,Consistent delivery with focus on key deliverables.
1860,2025,3,75%,Consistent delivery with focus on key deliverables.
1860,2026,4,96%,Consistent delivery with focus on key deliverables.
1862,2024,3,92%,Consistent delivery with focus on key deliverables.
1862,2025,3,94%,Consistent delivery with focus on key deliverables.
1862,2026,2,72%,Needs improvement in deadlines and upskilling.
1863,2024,3,94%,Consistent delivery with focus on key deliverables.
1863,2025,3,90%,Consistent delivery with focus on key deliverables.
1863,2026,3,77%,Consistent delivery with focus on key deliverables.
1864,2024,3,93%,Consistent delivery with focus on key deliverables.
1864,2025,5,72%,Consistent delivery with focus on key deliverables.
1864,2026,4,70%,Consistent delivery with focus on key deliverables.
1865,2024,3,82%,Consistent delivery with focus on key deliverables.
1865,2025,4,98%,Consistent delivery with focus on key deliverables.
1865,2026,2,76%,Needs improvement in deadlines and upskilling.
1866,2024,3,70%,Consistent delivery with focus on key deliverables.
1866,2025,4,89%,Consistent delivery with focus on key deliverables.
1866,2026,3,73%,Consistent delivery with focus on key deliverables.
1867,2024,2,87%,Needs improvement in deadlines and upskilling.
1867,2025,2,88%,Needs improvement in deadlines and upskilling.
1867,2026,4,98%,Consistent delivery with focus on key deliverables.
1868,2024,3,91%,Consistent delivery with focus on key deliverables.
1868,2025,4,79%,Consistent delivery with focus on key deliverables.
1868,2026,5,82%,Consistent delivery with focus on key deliverables.
1869,2024,4,90%,Consistent delivery with focus on key deliverables.
1869,2025,5,97%,Consistent delivery with focus on key deliverables.
1869,2026,3,89%,Consistent delivery with focus on key deliverables.
1870,2024,2,94%,Needs improvement in deadlines and upskilling.
1870,2025,3,81%,Consistent delivery with focus on key deliverables.
1870,2026,4,71%,Consistent delivery with focus on key deliverables.
1871,2024,3,91%,Consistent delivery with focus on key deliverables.
1871,2025,3,81%,Consistent delivery with focus on key deliverables.
1871,2026,2,82%,Needs improvement in deadlines and upskilling.
1873,2024,3,81%,Consistent delivery with focus on key deliverables.
1873,2025,4,93%,Consistent delivery with focus on key deliverables.
1873,2026,5,85%,Consistent delivery with focus on key deliverables.
1875,2024,4,93%,Consistent delivery with focus on key deliverables.
1875,2025,3,95%,Consistent delivery with focus on key deliverables.
1875,2026,2,77%,Needs improvement in deadlines and upskilling.
1876,2024,4,70%,Consistent delivery with focus on key deliverables.
1876,2025,3,70%,Consistent delivery with focus on key deliverables.
1876,2026,3,87%,Consistent delivery with focus on key deliverables.
1878,2024,5,72%,Consistent delivery with focus on key deliverables.
1878,2025,3,84%,Consistent delivery with focus on key deliverables.
1878,2026,4,91%,Consistent delivery with focus on key deliverables.
1880,2024,4,97%,Consistent delivery with focus on key deliverables.
1880,2025,2,90%,Needs improvement in deadlines and upskilling.
1880,2026,3,76%,Consistent delivery with focus on key deliverables.
1881,2024,3,94%,Consistent delivery with focus on key deliverables.
1881,2025,4,72%,Consistent delivery with focus on key deliverables.
1881,2026,3,86%,Consistent delivery with focus on key deliverables.
1882,2024,3,85%,Consistent delivery with focus on key deliverables.
1882,2025,3,91%,Consistent delivery with focus on key deliverables.
1882,2026,2,82%,Needs improvement in deadlines and upskilling.
1883,2024,4,72%,Consistent delivery with focus on key deliverables.
1883,2025,3,96%,Consistent delivery with focus on key deliverables.
1883,2026,3,87%,Consistent delivery with focus on key deliverables.
1885,2024,4,73%,Consistent delivery with focus on key deliverables.
1885,2025,3,75%,Consistent delivery with focus on key deliverables.
1885,2026,4,80%,Consistent delivery with focus on key deliverables.
1886,2024,2,95%,Needs improvement in deadlines and upskilling.
1886,2025,2,87%,Needs improvement in deadlines and upskilling.
1886,2026,2,94%,Needs improvement in deadlines and upskilling.
1888,2024,3,78%,Consistent delivery with focus on key deliverables.
1888,2025,4,79%,Consistent delivery with focus on key deliverables.
1888,2026,3,73%,Consistent delivery with focus on key deliverables.
1890,2024,3,93%,Consistent delivery with focus on key deliverables.
1890,2025,4,77%,Consistent delivery with focus on key deliverables.
1890,2026,3,85%,Consistent delivery with focus on key deliverables.
1892,2024,3,86%,Consistent delivery with focus on key deliverables.
1892,2025,3,75%,Consistent delivery with focus on key deliverables.
1892,2026,3,87%,Consistent delivery with focus on key deliverables.
1893,2024,3,90%,Consistent delivery with focus on key deliverables.
1893,2025,2,74%,Needs improvement in deadlines and upskilling.
1893,2026,4,93%,Consistent delivery with focus on key deliverables.
1898,2024,2,93%,Needs improvement in deadlines and upskilling.
1898,2025,3,77%,Consistent delivery with focus on key deliverables.
1898,2026,3,74%,Consistent delivery with focus on key deliverables.
1900,2024,2,89%,Needs improvement in deadlines and upskilling.
1900,2025,2,78%,Needs improvement in deadlines and upskilling.
1900,2026,3,70%,Consistent delivery with focus on key deliverables.
1903,2024,3,90%,Consistent delivery with focus on key deliverables.
1903,2025,3,84%,Consistent delivery with focus on key deliverables.
1903,2026,2,76%,Needs improvement in deadlines and upskilling.
1905,2024,4,88%,Consistent delivery with focus on key deliverables.
1905,2025,5,84%,Consistent delivery with focus on key deliverables.
1905,2026,4,89%,Consistent delivery with focus on key deliverables.
1907,2024,3,95%,Consistent delivery with focus on key deliverables.
1907,2025,3,81%,Consistent delivery with focus on key deliverables.
1907,2026,2,84%,Needs improvement in deadlines and upskilling.
1908,2024,3,86%,Consistent delivery with focus on key deliverables.
1908,2025,2,71%,Needs improvement in deadlines and upskilling.
1908,2026,4,87%,Consistent delivery with focus on key deliverables.
1909,2024,4,98%,Consistent delivery with focus on key deliverables.
1909,2025,4,74%,Consistent delivery with focus on key deliverables.
1909,2026,5,71%,Consistent delivery with focus on key deliverables.
1911,2024,3,85%,Consistent delivery with focus on key deliverables.
1911,2025,3,94%,Consistent delivery with focus on key deliverables.
1911,2026,3,77%,Consistent delivery with focus on key deliverables.
1912,2024,4,71%,Consistent delivery with focus on key deliverables.
1912,2025,3,74%,Consistent delivery with focus on key deliverables.
1912,2026,3,79%,Consistent delivery with focus on key deliverables.
1915,2024,2,94%,Needs improvement in deadlines and upskilling.
1915,2025,3,98%,Consistent delivery with focus on key deliverables.
1915,2026,4,77%,Consistent delivery with focus on key deliverables.
1916,2024,2,88%,Needs improvement in deadlines and upskilling.
1916,2025,2,96%,Needs improvement in deadlines and upskilling.
1916,2026,3,77%,Consistent delivery with focus on key deliverables.
1918,2024,4,99%,Consistent delivery with focus on key deliverables.
1918,2025,3,97%,Consistent delivery with focus on key deliverables.
1918,2026,3,74%,Consistent delivery with focus on key deliverables.
1922,2024,2,88%,Needs improvement in deadlines and upskilling.
1922,2025,3,88%,Consistent delivery with focus on key deliverables.
1922,2026,2,93%,Needs improvement in deadlines and upskilling.
1924,2024,3,90%,Consistent delivery with focus on key deliverables.
1924,2025,4,79%,Consistent delivery with focus on key deliverables.
1924,2026,2,91%,Needs improvement in deadlines and upskilling.
1927,2024,3,85%,Consistent delivery with focus on key deliverables.
1927,2025,2,72%,Needs improvement in deadlines and upskilling.
1927,2026,3,81%,Consistent delivery with focus on key deliverables.
1928,2024,3,97%,Consistent delivery with focus on key deliverables.
1928,2025,4,70%,Consistent delivery with focus on key deliverables.
1928,2026,3,95%,Consistent delivery with focus on key deliverables.
1929,2024,3,92%,Consistent delivery with focus on key deliverables.
1929,2025,3,73%,Consistent delivery with focus on key deliverables.
1929,2026,4,80%,Consistent delivery with focus on key deliverables.
1931,2024,3,92%,Consistent delivery with focus on key deliverables.
1931,2025,4,76%,Consistent delivery with focus on key deliverables.
1931,2026,2,94%,Needs improvement in deadlines and upskilling.
1932,2024,3,94%,Consistent delivery with focus on key deliverables.
1932,2025,2,87%,Needs improvement in deadlines and upskilling.
1932,2026,2,99%,Needs improvement in deadlines and upskilling.
1933,2024,2,70%,Needs improvement in deadlines and upskilling.
1933,2025,4,84%,Consistent delivery with focus on key deliverables.
1933,2026,2,76%,Needs improvement in deadlines and upskilling.
1934,2024,3,93%,Consistent delivery with focus on key deliverables.
1934,2025,3,96%,Consistent delivery with focus on key deliverables.
1934,2026,2,85%,Needs improvement in deadlines and upskilling.
1935,2024,3,70%,Consistent delivery with focus on key deliverables.
1935,2025,4,70%,Consistent delivery with focus on key deliverables.
1935,2026,4,85%,Consistent delivery with focus on key deliverables.
1936,2024,4,71%,Consistent delivery with focus on key deliverables.
1936,2025,4,96%,Consistent delivery with focus on key deliverables.
1936,2026,3,94%,Consistent delivery with focus on key deliverables.
1937,2024,3,99%,Consistent delivery with focus on key deliverables.
1937,2025,3,74%,Consistent delivery with focus on key deliverables.
1937,2026,2,77%,Needs improvement in deadlines and upskilling.
1938,2024,2,93%,Needs improvement in deadlines and upskilling.
1938,2025,3,82%,Consistent delivery with focus on key deliverables.
1938,2026,3,73%,Consistent delivery with focus on key deliverables.
1939,2024,3,91%,Consistent delivery with focus on key deliverables.
1939,2025,4,84%,Consistent delivery with focus on key deliverables.
1939,2026,3,82%,Consistent delivery with focus on key deliverables.
1940,2024,3,78%,Consistent delivery with focus on key deliverables.
1940,2025,3,74%,Consistent delivery with focus on key deliverables.
1940,2026,2,97%,Needs improvement in deadlines and upskilling.
1941,2024,3,96%,Consistent delivery with focus on key deliverables.
1941,2025,3,89%,Consistent delivery with focus on key deliverables.
1941,2026,3,91%,Consistent delivery with focus on key deliverables.
1943,2024,4,98%,Consistent delivery with focus on key deliverables.
1943,2025,2,75%,Needs improvement in deadlines and upskilling.
1943,2026,3,98%,Consistent delivery with focus on key deliverables.
1944,2024,3,80%,Consistent delivery with focus on key deliverables.
1944,2025,3,99%,Consistent delivery with focus on key deliverables.
1944,2026,2,85%,Needs improvement in deadlines and upskilling.
1945,2024,3,94%,Consistent delivery with focus on key deliverables.
1945,2025,3,96%,Consistent delivery with focus on key deliverables.
1945,2026,3,70%,Consistent delivery with focus on key deliverables.
1947,2024,3,74%,Consistent delivery with focus on key deliverables.
1947,2025,3,97%,Consistent delivery with focus on key deliverables.
1947,2026,3,75%,Consistent delivery with focus on key deliverables.
1948,2024,3,74%,Consistent delivery with focus on key deliverables.
1948,2025,3,94%,Consistent delivery with focus on key deliverables.
1948,2026,2,99%,Needs improvement in deadlines and upskilling.
1949,2024,3,70%,Consistent delivery with focus on key deliverables.
1949,2025,3,83%,Consistent delivery with focus on key deliverables.
1949,2026,5,78%,Consistent delivery with focus on key deliverables.
1950,2024,4,79%,Consistent delivery with focus on key deliverables.
1950,2025,4,78%,Consistent delivery with focus on key deliverables.
1950,2026,4,84%,Consistent delivery with focus on key deliverables.
1951,2024,4,71%,Consistent delivery with focus on key deliverables.
1951,2025,3,75%,Consistent delivery with focus on key deliverables.
1951,2026,2,76%,Needs improvement in deadlines and upskilling.
1952,2024,4,92%,Consistent delivery with focus on key deliverables.
1952,2025,3,99%,Consistent delivery with focus on key deliverables.
1952,2026,4,84%,Consistent delivery with focus on key deliverables.
1954,2024,4,90%,Consistent delivery with focus on key deliverables.
1954,2025,3,90%,Consistent delivery with focus on key deliverables.
1954,2026,4,79%,Consistent delivery with focus on key deliverables.
1955,2024,2,95%,Needs improvement in deadlines and upskilling.
1955,2025,2,96%,Needs improvement in deadlines and upskilling.
1955,2026,3,85%,Consistent delivery with focus on key deliverables.
1956,2024,4,77%,Consistent delivery with focus on key deliverables.
1956,2025,3,90%,Consistent delivery with focus on key deliverables.
1956,2026,5,94%,Consistent delivery with focus on key deliverables.
1960,2024,3,82%,Consistent delivery with focus on key deliverables.
1960,2025,4,77%,Consistent delivery with focus on key deliverables.
1960,2026,3,81%,Consistent delivery with focus on key deliverables.
1961,2024,2,85%,Needs improvement in deadlines and upskilling.
1961,2025,2,94%,Needs improvement in deadlines and upskilling.
1961,2026,3,86%,Consistent delivery with focus on key deliverables.
1962,2024,4,77%,Consistent delivery with focus on key deliverables.
1962,2025,4,78%,Consistent delivery with focus on key deliverables.
1962,2026,4,99%,Consistent delivery with focus on key deliverables.
1965,2024,3,94%,Consistent delivery with focus on key deliverables.
1965,2025,4,79%,Consistent delivery with focus on key deliverables.
1965,2026,2,97%,Needs improvement in deadlines and upskilling.
1966,2024,3,73%,Consistent delivery with focus on key deliverables.
1966,2025,4,90%,Consistent delivery with focus on key deliverables.
1966,2026,4,75%,Consistent delivery with focus on key deliverables.
1967,2024,3,87%,Consistent delivery with focus on key deliverables.
1967,2025,4,81%,Consistent delivery with focus on key deliverables.
1967,2026,2,84%,Needs improvement in deadlines and upskilling.
1968,2024,3,78%,Consistent delivery with focus on key deliverables.
1968,2025,3,80%,Consistent delivery with focus on key deliverables.
1968,2026,3,94%,Consistent delivery with focus on key deliverables.
1969,2024,3,97%,Consistent delivery with focus on key deliverables.
1969,2025,4,84%,Consistent delivery with focus on key deliverables.
1969,2026,4,78%,Consistent delivery with focus on key deliverables.
1970,2024,4,88%,Consistent delivery with focus on key deliverables.
1970,2025,4,81%,Consistent delivery with focus on key deliverables.
1970,2026,4,80%,Consistent delivery with focus on key deliverables.
1971,2024,4,99%,Consistent delivery with focus on key deliverables.
1971,2025,4,72%,Consistent delivery with focus on key deliverables.
1971,2026,3,72%,Consistent delivery with focus on key deliverables.
1972,2024,2,95%,Needs improvement in deadlines and upskilling.
1972,2025,3,72%,Consistent delivery with focus on key deliverables.
1972,2026,3,80%,Consistent delivery with focus on key deliverables.
1973,2024,3,89%,Consistent delivery with focus on key deliverables.
1973,2025,3,71%,Consistent delivery with focus on key deliverables.
1973,2026,4,85%,Consistent delivery with focus on key deliverables.
1974,2024,4,72%,Consistent delivery with focus on key deliverables.
1974,2025,2,85%,Needs improvement in deadlines and upskilling.
1974,2026,3,89%,Consistent delivery with focus on key deliverables.
1975,2024,2,82%,Needs improvement in deadlines and upskilling.
1975,2025,4,96%,Consistent delivery with focus on key deliverables.
1975,2026,2,89%,Needs improvement in deadlines and upskilling.
1976,2024,3,95%,Consistent delivery with focus on key deliverables.
1976,2025,3,98%,Consistent delivery with focus on key deliverables.
1976,2026,3,84%,Consistent delivery with focus on key deliverables.
1979,2024,4,85%,Consistent delivery with focus on key deliverables.
1979,2025,4,79%,Consistent delivery with focus on key deliverables.
1979,2026,3,85%,Consistent delivery with focus on key deliverables.
1980,2024,2,97%,Needs improvement in deadlines and upskilling.
1980,2025,3,80%,Consistent delivery with focus on key deliverables.
1980,2026,4,86%,Consistent delivery with focus on key deliverables.
1981,2024,2,70%,Needs improvement in deadlines and upskilling.
1981,2025,3,85%,Consistent delivery with focus on key deliverables.
1981,2026,4,98%,Consistent delivery with focus on key deliverables.
1982,2024,3,73%,Consistent delivery with focus on key deliverables.
1982,2025,4,70%,Consistent delivery with focus on key deliverables.
1982,2026,2,93%,Needs improvement in deadlines and upskilling.
1985,2024,3,99%,Consistent delivery with focus on key deliverables.
1985,2025,4,89%,Consistent delivery with focus on key deliverables.
1985,2026,3,89%,Consistent delivery with focus on key deliverables.
1986,2024,3,80%,Consistent delivery with focus on key deliverables.
1986,2025,3,71%,Consistent delivery with focus on key deliverables.
1986,2026,4,75%,Consistent delivery with focus on key deliverables.
1987,2024,4,93%,Consistent delivery with focus on key deliverables.
1987,2025,3,92%,Consistent delivery with focus on key deliverables.
1987,2026,3,81%,Consistent delivery with focus on key deliverables.
1989,2024,3,79%,Consistent delivery with focus on key deliverables.
1989,2025,3,73%,Consistent delivery with focus on key deliverables.
1989,2026,2,86%,Needs improvement in deadlines and upskilling.
1992,2024,4,90%,Consistent delivery with focus on key deliverables.
1992,2025,2,70%,Needs improvement in deadlines and upskilling.
1992,2026,3,91%,Consistent delivery with focus on key deliverables.
1993,2024,4,92%,Consistent delivery with focus on key deliverables.
1993,2025,4,70%,Consistent delivery with focus on key deliverables.
1993,2026,5,73%,Consistent delivery with focus on key deliverables.
1994,2024,2,94%,Needs improvement in deadlines and upskilling.
1994,2025,3,96%,Consistent delivery with focus on key deliverables.
1994,2026,3,84%,Consistent delivery with focus on key deliverables.
1995,2024,2,87%,Needs improvement in deadlines and upskilling.
1995,2025,3,87%,Consistent delivery with focus on key deliverables.
1995,2026,3,76%,Consistent delivery with focus on key deliverables.
1996,2024,4,86%,Consistent delivery with focus on key deliverables.
1996,2025,2,87%,Needs improvement in deadlines and upskilling.
1996,2026,4,77%,Consistent delivery with focus on key deliverables.
1997,2024,3,72%,Consistent delivery with focus on key deliverables.
1997,2025,2,76%,Needs improvement in deadlines and upskilling.
1997,2026,3,79%,Consistent delivery with focus on key deliverables.
1998,2024,4,81%,Consistent delivery with focus on key deliverables.
1998,2025,3,88%,Consistent delivery with focus on key deliverables.
1998,2026,3,90%,Consistent delivery with focus on key deliverables.
1999,2024,3,95%,Consistent delivery with focus on key deliverables.
1999,2025,3,97%,Consistent delivery with focus on key deliverables.
1999,2026,3,94%,Consistent delivery with focus on key deliverables.
2000,2024,2,91%,Needs improvement in deadlines and upskilling.
2000,2025,3,96%,Consistent delivery with focus on key deliverables.
2000,2026,3,79%,Consistent delivery with focus on key deliverables.
2003,2024,4,78%,Consistent delivery with focus on key deliverables.
2003,2025,3,93%,Consistent delivery with focus on key deliverables.
2003,2026,3,79%,Consistent delivery with focus on key deliverables.
2007,2024,4,84%,Consistent delivery with focus on key deliverables.
2007,2025,2,80%,Needs improvement in deadlines and upskilling.
2007,2026,3,77%,Consistent delivery with focus on key deliverables.
2008,2024,3,72%,Consistent delivery with focus on key deliverables.
2008,2025,3,96%,Consistent delivery with focus on key deliverables.
2008,2026,2,72%,Needs improvement in deadlines and upskilling.
2009,2024,2,94%,Needs improvement in deadlines and upskilling.
2009,2025,3,99%,Consistent delivery with focus on key deliverables.
2009,2026,3,90%,Consistent delivery with focus on key deliverables.
2010,2024,2,78%,Needs improvement in deadlines and upskilling.
2010,2025,3,70%,Consistent delivery with focus on key deliverables.
2010,2026,4,73%,Consistent delivery with focus on key deliverables.
2012,2024,2,95%,Needs improvement in deadlines and upskilling.
2012,2025,3,71%,Consistent delivery with focus on key deliverables.
2012,2026,3,84%,Consistent delivery with focus on key deliverables.
2013,2024,2,78%,Needs improvement in deadlines and upskilling.
2013,2025,3,98%,Consistent delivery with focus on key deliverables.
2013,2026,3,98%,Consistent delivery with focus on key deliverables.
2014,2024,4,81%,Consistent delivery with focus on key deliverables.
2014,2025,3,92%,Consistent delivery with focus on key deliverables.
2014,2026,3,70%,Consistent delivery with focus on key deliverables.
2015,2024,3,78%,Consistent delivery with focus on key deliverables.
2015,2025,3,85%,Consistent delivery with focus on key deliverables.
2015,2026,2,85%,Needs improvement in deadlines and upskilling.
2016,2024,3,71%,Consistent delivery with focus on key deliverables.
2016,2025,4,79%,Consistent delivery with focus on key deliverables.
2016,2026,2,87%,Needs improvement in deadlines and upskilling.
2017,2024,3,71%,Consistent delivery with focus on key deliverables.
2017,2025,3,98%,Consistent delivery with focus on key deliverables.
2017,2026,3,93%,Consistent delivery with focus on key deliverables.
2018,2024,4,99%,Consistent delivery with focus on key deliverables.
2018,2025,4,72%,Consistent delivery with focus on key deliverables.
2018,2026,4,79%,Consistent delivery with focus on key deliverables.
2019,2024,3,92%,Consistent delivery with focus on key deliverables.
2019,2025,3,83%,Consistent delivery with focus on key deliverables.
2019,2026,2,87%,Needs improvement in deadlines and upskilling.
2020,2024,4,96%,Consistent delivery with focus on key deliverables.
2020,2025,3,84%,Consistent delivery with focus on key deliverables.
2020,2026,3,84%,Consistent delivery with focus on key deliverables.
2021,2024,4,75%,Consistent delivery with focus on key deliverables.
2021,2025,3,81%,Consistent delivery with focus on key deliverables.
2021,2026,3,88%,Consistent delivery with focus on key deliverables.
2022,2024,4,74%,Consistent delivery with focus on key deliverables.
2022,2025,3,79%,Consistent delivery with focus on key deliverables.
2022,2026,3,89%,Consistent delivery with focus on key deliverables.
2023,2024,3,83%,Consistent delivery with focus on key deliverables.
2023,2025,4,98%,Consistent delivery with focus on key deliverables.
2023,2026,3,99%,Consistent delivery with focus on key deliverables.
2024,2024,3,86%,Consistent delivery with focus on key deliverables.
2024,2025,3,98%,Consistent delivery with focus on key deliverables.
2024,2026,3,95%,Consistent delivery with focus on key deliverables.
2025,2024,3,72%,Consistent delivery with focus on key deliverables.
2025,2025,3,72%,Consistent delivery with focus on key deliverables.
2025,2026,3,97%,Consistent delivery with focus on key deliverables.
2026,2024,3,72%,Consistent delivery with focus on key deliverables.
2026,2025,4,75%,Consistent delivery with focus on key deliverables.
2026,2026,4,95%,Consistent delivery with focus on key deliverables.
2027,2024,3,70%,Consistent delivery with focus on key deliverables.
2027,2025,3,82%,Consistent delivery with focus on key deliverables.
2027,2026,2,78%,Needs improvement in deadlines and upskilling.
2031,2024,4,91%,Consistent delivery with focus on key deliverables.
2031,2025,3,95%,Consistent delivery with focus on key deliverables.
2031,2026,2,71%,Needs improvement in deadlines and upskilling.
2032,2024,3,94%,Consistent delivery with focus on key deliverables.
2032,2025,3,81%,Consistent delivery with focus on key deliverables.
2032,2026,3,72%,Consistent delivery with focus on key deliverables.
2034,2024,4,70%,Consistent delivery with focus on key deliverables.
2034,2025,4,84%,Consistent delivery with focus on key deliverables.
2034,2026,4,95%,Consistent delivery with focus on key deliverables.
2035,2024,3,76%,Consistent delivery with focus on key deliverables.
2035,2025,4,91%,Consistent delivery with focus on key deliverables.
2035,2026,5,80%,Consistent delivery with focus on key deliverables.
2036,2024,4,85%,Consistent delivery with focus on key deliverables.
2036,2025,4,99%,Consistent delivery with focus on key deliverables.
2036,2026,4,84%,Consistent delivery with focus on key deliverables.
2037,2024,4,88%,Consistent delivery with focus on key deliverables.
2037,2025,3,78%,Consistent delivery with focus on key deliverables.
2037,2026,4,75%,Consistent delivery with focus on key deliverables.
2038,2024,3,79%,Consistent delivery with focus on key deliverables.
2038,2025,3,90%,Consistent delivery with focus on key deliverables.
2038,2026,4,97%,Consistent delivery with focus on key deliverables.
2040,2024,3,70%,Consistent delivery with focus on key deliverables.
2040,2025,3,74%,Consistent delivery with focus on key deliverables.
2040,2026,3,84%,Consistent delivery with focus on key deliverables.
2041,2024,2,80%,Needs improvement in deadlines and upskilling.
2041,2025,4,94%,Consistent delivery with focus on key deliverables.
2041,2026,2,75%,Needs improvement in deadlines and upskilling.
2044,2024,2,71%,Needs improvement in deadlines and upskilling.
2044,2025,2,93%,Needs improvement in deadlines and upskilling.
2044,2026,4,81%,Consistent delivery with focus on key deliverables.
2045,2024,3,83%,Consistent delivery with focus on key deliverables.
2045,2025,3,91%,Consistent delivery with focus on key deliverables.
2045,2026,3,98%,Consistent delivery with focus on key deliverables.
2046,2024,3,76%,Consistent delivery with focus on key deliverables.
2046,2025,2,83%,Needs improvement in deadlines and upskilling.
2046,2026,2,86%,Needs improvement in deadlines and upskilling.
2048,2024,2,94%,Needs improvement in deadlines and upskilling.
2048,2025,2,99%,Needs improvement in deadlines and upskilling.
2048,2026,2,98%,Needs improvement in deadlines and upskilling.
2049,2024,3,98%,Consistent delivery with focus on key deliverables.
2049,2025,3,88%,Consistent delivery with focus on key deliverables.
2049,2026,2,75%,Needs improvement in deadlines and upskilling.
2051,2024,4,75%,Consistent delivery with focus on key deliverables.
2051,2025,3,84%,Consistent delivery with focus on key deliverables.
2051,2026,3,92%,Consistent delivery with focus on key deliverables.
2052,2024,3,70%,Consistent delivery with focus on key deliverables.
2052,2025,2,98%,Needs improvement in deadlines and upskilling.
2052,2026,3,74%,Consistent delivery with focus on key deliverables.
2053,2024,3,83%,Consistent delivery with focus on key deliverables.
2053,2025,4,91%,Consistent delivery with focus on key deliverables.
2053,2026,4,78%,Consistent delivery with focus on key deliverables.
2054,2024,4,87%,Consistent delivery with focus on key deliverables.
2054,2025,3,77%,Consistent delivery with focus on key deliverables.
2054,2026,3,82%,Consistent delivery with focus on key deliverables.
2055,2024,3,89%,Consistent delivery with focus on key deliverables.
2055,2025,2,89%,Needs improvement in deadlines and upskilling.
2055,2026,3,80%,Consistent delivery with focus on key deliverables.
2056,2024,2,98%,Needs improvement in deadlines and upskilling.
2056,2025,3,77%,Consistent delivery with focus on key deliverables.
2056,2026,3,95%,Consistent delivery with focus on key deliverables.
2057,2024,3,79%,Consistent delivery with focus on key deliverables.
2057,2025,3,72%,Consistent delivery with focus on key deliverables.
2057,2026,3,92%,Consistent delivery with focus on key deliverables.
2060,2024,2,85%,Needs improvement in deadlines and upskilling.
2060,2025,3,80%,Consistent delivery with focus on key deliverables.
2060,2026,3,85%,Consistent delivery with focus on key deliverables.
2061,2024,4,81%,Consistent delivery with focus on key deliverables.
2061,2025,3,80%,Consistent delivery with focus on key deliverables.
2061,2026,3,95%,Consistent delivery with focus on key deliverables.
2062,2024,2,93%,Needs improvement in deadlines and upskilling.
2062,2025,2,90%,Needs improvement in deadlines and upskilling.
2062,2026,3,87%,Consistent delivery with focus on key deliverables.
2064,2024,4,74%,Consistent delivery with focus on key deliverables.
2064,2025,5,90%,Consistent delivery with focus on key deliverables.
2064,2026,4,94%,Consistent delivery with focus on key deliverables.
2065,2024,2,82%,Needs improvement in deadlines and upskilling.
2065,2025,3,98%,Consistent delivery with focus on key deliverables.
2065,2026,3,74%,Consistent delivery with focus on key deliverables.
2068,2024,3,98%,Consistent delivery with focus on key deliverables.
2068,2025,3,74%,Consistent delivery with focus on key deliverables.
2068,2026,4,75%,Consistent delivery with focus on key deliverables.
